tra_cdr3	trb_cdr3	peptide	true_label	probability	weights_tra	weights_trb
TSINNIRSNEREATHPSGTYKYI	ENHRYSYGVKDAISESAEAYEQY	ATDALMTGF	1	0.46891767	0.46878976	0.53121024
TSDPSYGQGSYDQQNAMRPRMDFNKFY	MGHRAYSYEKLASTRERSGNDEQF	HPVTKYIM	1	0.43302426	0.4863955	0.51360446
VGISALSSGKAVKGSYSGGGADGLT	SGHTAFQGNSAASSLRSGTGELF	FEDLRLLSF	1	0.4926007	0.48423427	0.51576567
NSASQSVYSSGVVLMNRDDKII	SEHNRFQNEAQASSLGAGRGYEQY	HPVTKYIM	1	0.4990254	0.4914383	0.50856173
TISGNEYGLKNNIVRVPGLGDSWGKLQ	SGHTAFQGNSAASSWGWRSNQPQH	FEDLRVLSF	1	0.47411346	0.45733526	0.5426647
NSAFQYTYSSGNAMSALRSPSNTGKLI	LNHDASQIVNDASSMGTGPRETQY	FEDLRVLSF	1	0.500546	0.46956316	0.5304369
DRGSQSIYSNGDAGGDDKII	SGDLSYYNGEEASSPGLAYEQY	LLWNGPMAV	1	0.5190295	0.47060987	0.52939016
ATGYPSATKADDKALSAEGGAQKLV	SGDLSYYNGEEASSPPRGEQF	HPVTKYIM	1	0.47904184	0.47022942	0.5297706
NSASDYIRSNMDKAENTNAGKST	SNHLYFYNNEIASSGTTEWNNSPLH	ATDALMTGF	1	0.48743266	0.4727473	0.52725273
TSDPSYGQGSYDQQNAMREGGDMR	SGHTAFQGNSAASSLAFESGQTTAKNIQY	ATDALMTGF	1	0.4526347	0.47238028	0.5276197
SSVSVYYLSGSTLVAVRDASGGSYIPT	MGHRAYSYEKLASSLIEGLSEQY	FEDLRLLSF	1	0.50188375	0.47796357	0.52203643
TISGTDYGLTSNIPYSFDSGGGADGLT	SEHNRFQNEAQASSSTGTRGSYEQY	LLWNGPMAV	1	0.5009557	0.4660515	0.5339485
DRGSQSIYSNGDAVTGTYKYI	SGHDTYYEEEEASSRSGNYGYT	LLWNGPMAV	1	0.5137819	0.46784666	0.53215337
YGGTVNYFSGDPLVAVNEGDNMLT	MGHRAYSYEKLASSPTMHYEQY	LLWNGPMAV	1	0.47550315	0.46090975	0.5390903
DRGSQSIYSNGDAVGDDKII	DFQATTSNEGSKASAPLAGGHNEQF	LLWNGPMAV	1	0.52469397	0.46456856	0.5354314
NIATNDYGYKTKLPSGTYKYI	SEHNRFQNEAQASSFMGQLDEQF	ATDALMTGF	1	0.47587627	0.46693027	0.53306973
DSASNYIRSNVGEAATASRAGTALI	SGHDNFVKESKASSQAGGEDEQY	HPVTKYIM	1	0.5089693	0.47529206	0.5247079
TSGFYGNALDGLAVRDQDYGQNFV	SGHDTYYEEEEASRDRGVGSPLH	LLWNGPMAV	1	0.48658478	0.46668386	0.53331614
DRGSQSIYSNGDAVIAGKST	LNHNVYYDKDFATSGRTGGGEQY	LLWNGPMAV	1	0.525114	0.45897588	0.5410241
DSAIYNIQSSQREAVNYGGSQGNLI	SGHATFQNNGVASRLLGQLETQY	ATDALMTGF	1	0.4802243	0.46701428	0.53298575
DRGSQSIYSNGDAVSSTDKLI	MDHENSYDVKMASIGGYGQPQH	LLWNGPMAV	1	0.52192163	0.4720368	0.5279632
DRGSQSIYSNGDAVTRISSGSARQLT	DFQATTSNEGSKASASEAGGSYEQY	LLWNGPMAV	1	0.5150251	0.46691087	0.53308916
DSAIYNIQSSQREAVRQSGSQGNLI	SEHNRFQNEAQASSSDSQLYEQY	ATDALMTGF	1	0.47650698	0.4686631	0.5313369
VSGNPYYITGDNLVAVRGVRSYNTDKLI	LNHDASQIVNDATQGTSGYTDTQY	FEDLRVLSF	1	0.51056194	0.4754038	0.5245962
NTAFDYIRPDVSEAASSIQGAQKLV	LGHNAYSLEERASSPWDRANTGELF	LLWNGPMAV	1	0.47029474	0.45874816	0.54125184
TSGFNGNVLDGLFHYGGATNKLI	MDHENSYDVKMASSLRGPTGYT	LLWNGPMAV	1	0.48626465	0.4492014	0.55079865
DRGSQSIYSNGDAVNRDDKII	LNHNVYYDKDFATTGGSGYEQY	LLWNGPMAV	1	0.5146658	0.45298788	0.5470121
DRGSQSIYSNGDAVSSNDYKLS	MNHNSSASEGTASSETGQPQH	LLWNGPMAV	1	0.5186259	0.46974924	0.5302508
VSGNPYYITGDNLVAVRDGGSQGNLI	LNHDASQIVNDASSPTGTSEQF	HPVTKYIM	1	0.5439651	0.47789544	0.52210456
VSGNPYYITGDNLVAVRLTRDNYGQNFV	SGHDNFVKESKASSQVDYNEQF	FEDLRLLSF	1	0.4984906	0.47781754	0.52218246
TTLSNLVKSGEVAATDSWGKLQ	SGDLSYYNGEEASSVGGVPYNEQF	LLWNGPMAV	1	0.4748371	0.45468295	0.54531705
DRGSQSIYSNGDAVSPSGNTPLV	SGHATFQDESVASRGTHYGYT	HPVTKYIM	1	0.50539595	0.48222628	0.51777375
TSESDYYQEAYKQQNAYYQMYSGGGADGLT	KGHDRSFDVKDATSTRDRVTANTGELF	ATDALMTGF	1	0.46573994	0.46776828	0.5322317
DRGSQSIYSNGDAVSSDKII	DFQATTSNEGSKASASLKADEQF	LLWNGPMAV	1	0.52815133	0.46569097	0.534309
NIATNDYGYKTKLVGHFMDTGRRALT	MNHEYSMNVEVASRSLAEKGETQY	FEDLRVLSF	1	0.49536717	0.47579113	0.52420884
DRGSQSIYSNGDAVSSTDKLI	DFQATTSNEGSKASAPLAGGPNEQF	LLWNGPMAV	1	0.533297	0.47289127	0.52710867
DSASNYIRSNVGEAAPNDMR	MNHEYSVGEGTASSQAGAYEQY	LLWNGPMAV	1	0.49294508	0.4718129	0.5281871
DRGSQSIYSNGDAVNNARLM	LNHNVYYDKDFATSGTGGHEQY	LLWNGPMAV	1	0.5224132	0.44556558	0.5544344
TISGTDYGLTSNILRDGWVTGYKYI	SGHRSYFSETQANNCGF	LLWNGPMAV	1	0.4795502	0.463979	0.53602105
SSVPPYYTSAATLVAVGQGDYKLS	ENHRYSYGVKDAISESSFGGGEQF	ATDALMTGF	1	0.4939225	0.48066366	0.5193364
DRGSQSIYSNGDAVDSTDKLI	SGHDYFNNNVPASSLGGASYEQY	LLWNGPMAV	1	0.51801515	0.47231027	0.5276897
TTLSNLVKSGEVAGQRATDSWGKLQ	MDHENSYDVKMASSASRNTDGTDTQY	LLWNGPMAV	1	0.48091775	0.4616619	0.53833807
DRGSQSIYSNGDAVTGDKLI	SGHDYFNNNVPALSDLGGSGNTGKLI	LLWNGPMAV	1	0.53799546	0.4666247	0.5333753
DRGSQSIYSNGDAVSTDKLI	MNHNYSVGAGIASSQTGTGAYEQY	LLWNGPMAV	1	0.51061267	0.47530875	0.5246913
DSASNYIRSNVGEAATDTGGTSYGKLT	LGHDTYNNKELASSQAYPSGAQASTDTQY	RLRAEAQVK	1	0.5080903	0.4878957	0.5121043
YSGSPEHISRAPLSSNTGKLI	MRHNASNTAGTASSDMAGNQPQH	LLWNGPMAV	1	0.48430073	0.45598182	0.5440182
DRGSQSIYSNGDAANNDYKLS	SGHTAFQGNSAASSLVGSSGEKLF	RLRAEAQVK	1	0.527632	0.4933025	0.5066975
DSSSTYIFSNMDMADLAQGTLT	PRHDTFYEKMQASSSPGENTGELF	RLRAEAQVK	1	0.51815194	0.4826287	0.51737124
TSINNIRSNEREATDARNNARLM	SGHTAFQGTGAASSLGGAAYNEQF	LLWNGPMAV	1	0.47202992	0.46294633	0.5370537
VSGNPYYITGDNLVAVRDFSGAGSYQLT	SGDLSYYNGEEASSVVGGGAEEQF	RLRAEAQVK	1	0.49936292	0.48079953	0.5192005
KALYSLLKGGEQGTERSGGYQKVT	LNHDASQIVNDASSMSAMGTEAF	FEDLRLLSF	1	0.49832076	0.4748058	0.5251942
DSAIYNIQSSQREADSPDNYGQNFV	MDHENSYDVKMASSFGTTSSGGELF	RLRAEAQVK	1	0.5003825	0.48597795	0.51402205
DRGSQSIYSNGDAVSDDKII	KGHSHLQKENIASSPAGVSYEQY	LLWNGPMAV	1	0.5172815	0.47049034	0.5295097
TISGNEYGLKNNIVRVGTSGSARQLT	LNHDASQIVNDASSISPSGFNGYT	FEDLRVLSF	1	0.5073316	0.47730812	0.52269185
SSVSVYYLSGSTLVAVSDRTNNDMR	SGHNTYENEEAASSPRGRGDTQY	HPVTKYIM	1	0.48568183	0.45818236	0.5418176
DRGSQSIYSNGDAVSPDKLI	MNHEYSMNVEVASSPSAGPGYGYT	LLWNGPMAV	1	0.5097056	0.47237113	0.5276289
TTSDRLLSNGAVAVDPGVGTALI	SGHTAFQGTGAASSGPARGEQF	RLRAEAQVK	1	0.5050473	0.48923168	0.5107683
VSGNPYYITGDNLVAVRDDKII	DFQATTSNEGSKASGGDGNTIY	LLWNGPMAV	1	0.5061478	0.46452764	0.53547233
NSASQSVYSSGVVNTDKLI	MNHEYSVGAGIASSGSSGYEQY	LLWNGPMAV	1	0.5114945	0.47276622	0.5272338
DRGSQSIYSNGDAVSGSASKII	SGHDNFVKESKASSQGPAAYEQY	LLWNGPMAV	1	0.5326567	0.46732676	0.53267324
ATGYPSATKADDKALSDVWGFGNEKLT	SNHLYFYNNEIASNAGTGHPNEKLF	RLRAEAQVK	1	0.47263145	0.4758398	0.5241602
SSVSVYYLSGSTLVAVSDGDYKLS	ENHRYSYGVKDAISESSAGFNEQF	ATDALMTGF	1	0.47354868	0.45647663	0.5435234
DSAIYNIQSSQREAVRRPQGDFNKFY	MNHEYSMNVEVASSTQGQLTEAF	ATDALMTGF	1	0.47581393	0.47273245	0.5272676
SVFSSVVTGGEVAGAPAGGTSYGKLT	LGHNAYSLEERASSQFFSGEGLYGYT	ATDALMTGF	1	0.49754837	0.4664072	0.5335928
NSASQSVYSSGVALMNRDDKII	GTSNPNSVGIGAWSNIPRGEKLF	HPVTKYIM	1	0.49782038	0.4801153	0.5198847
DRGSQSIYSNGDALTGGKLI	LGHNAYNFKEQASSQGGDGYGYT	LLWNGPMAV	1	0.51155895	0.48761156	0.51238847
DRGSQSIYSNGDAVNNARLM	MNHEYSMNVEVASSSTQGAAYGYT	LLWNGPMAV	1	0.5180295	0.45264652	0.54735345
KALYSLLKGGEQGRQSKFWGLPESY	LNHNVYYDKDFATSFTGTAYEQY	ATDALMTGF	1	0.48315218	0.48067772	0.5193222
DRGSQSIYSNGDAVNPPGAGGTSYGKLT	MRHNASNTAGTASSDSTSDWETQY	HPVTKYIM	1	0.50796986	0.48079967	0.51920027
DRGSQSIYSNGDAVIGDKII	MNHEYSMNVEVASSLGSTGTYEQY	LLWNGPMAV	1	0.5147788	0.4759559	0.52404404
DSASNYIRSNVGEAARVGSSASKII	SGHTAFQGNSAASSPTGPAYEQY	LLWNGPMAV	1	0.49621606	0.47393087	0.52606916
DRGSQSIYSNGDAVNPETSYDKVI	DFQATTSNEGSKASASEAGGSYEQY	LLWNGPMAV	1	0.5110042	0.45870098	0.541299
TSDQSYGQGSYDEQNAMSPRDDKII	SGDLSYYNGEEASSSQGGGTGELF	HPVTKYIM	1	0.4436843	0.4768883	0.5231117
NYSPAYIRENEKEAPHPSGYSTLT	MDHENSYDVKMASSLIQGSYEQY	ATDALMTGF	1	0.47594303	0.4735112	0.52648884
NIATNDYGYKTKLVGDRTRAAGNKLT	SGDLSYYNGEEASSVVGGYEQF	RLRAEAQVK	1	0.49647155	0.49040487	0.50959516
TISGNEYGLKNNIGAGNMLT	KGHDRSFDVKDATSDRDRPNYGYT	RLRAEAQVK	1	0.49132904	0.47862896	0.521371
TTSDRLLSNGAVAVDTLVGAQKLV	SGHNTYYREEEASSLDGADTQY	RLRAEAQVK	1	0.48812503	0.48281568	0.5171843
NIATNDYGYKTKLVGDNLDSSYKLI	LNHNVYYDKDFATTGGSGYEQY	LLWNGPMAV	1	0.5149705	0.4508708	0.54912925
YGGTVNYFSGDPLVAVKGVNFGNEKLT	SGHTAFQGNSAASNWGGRGNTGELF	FEDLRVLSF	1	0.47723165	0.4590286	0.5409714
DSAIYNIQSSQREAVDLMKTSYDKVI	KGHDRSFDVKDATSATDNTGELF	RLRAEAQVK	1	0.490939	0.47674254	0.5232575
DRGSQSIYSNGDAVSNARLM	LNHNVYYDKDFATSRATSNQPQH	LLWNGPMAV	1	0.5236186	0.4651819	0.5348181
NSMFDYISSIKDKAARGGNKLV	SGHNSFNNNVPASSPYEAF	LLWNGPMAV	1	0.4668596	0.47516832	0.5248317
TISGTDYGLTSNILRDVSGGGFKTI	DFQATTSNEGSKASARDEGTGIGREKLF	RLRAEAQVK	1	0.50917363	0.49324003	0.50675994
TISGTDYGLTSNILKNSGGSNYKLT	SQVTMANQGSEASVSPGLRQETQY	HPVTKYIM	1	0.49621183	0.47982278	0.52017725
NSASQSVYSSGVAKMNRDDKII	KGHSHLQKENIASSGGDGVTYEQY	HPVTKYIM	1	0.5087374	0.4997516	0.5002484
DRGSQSIYSNGDAVSDYKLS	SQVTMANQGSEASVGGGGAGVETQY	LLWNGPMAV	1	0.5155026	0.47018266	0.5298174
DRGSQSIYSNGDAVTGNEKLT	MNHEYSVGAGIASSYSSSGGAYEQY	LLWNGPMAV	1	0.5145725	0.46866497	0.53133506
DRGSQSIYSNGDAVINSGNTPLV	SGHVSFQNEAQAPREINTGELF	HPVTKYIM	1	0.5150113	0.4876991	0.5123009
DRGSQSIYSNGDAVKDDKII	MGHDKSYGVNSASTGTGGFSYNEQF	LLWNGPMAV	1	0.52830976	0.48741755	0.5125824
VGISALSSGKAVACEDGGSQGNLI	MNHEYSVGEGTAIQDAGASYEQY	LLWNGPMAV	1	0.5091103	0.4620139	0.53798604
NSMFDYISSIKDKAASVIPSGSARQLT	LGHDTYNNKELASSPTGRGQPQH	HPVTKYIM	1	0.47137097	0.46741387	0.5325861
DSAIYNIQSSQREAASSVRQAGTALI	LNHDASQIVNDASSIGRSEQF	FEDLRLLSF	1	0.5000262	0.47571462	0.5242854
DRGSQSIYSNGDAVDGQKLL	MGHRAYSYEKLASSSAGTSYEQY	LLWNGPMAV	1	0.51396215	0.4841528	0.5158472
TSGFNGNVLDGLAVRRNDYKLS	PRHDTFYEKMQASSSSGGYNEQF	RLRAEAQVK	1	0.46900126	0.48430768	0.5156923
SVFSSVVTGGEVAACAEYGNKLV	SGDLSYYNGEEASSVGGVTYNEQF	LLWNGPMAV	1	0.5163081	0.46524918	0.5347508
DSVNNIPSGTAVGSPGGGGGADGLT	MNHEYSVGAGIASSYQPRDEQF	RLRAEAQVK	1	0.49784994	0.4929932	0.5070068
NSASQSVYSSGVGAGSYQLT	SGHRSYFSETQASSGTGVSPLH	LLWNGPMAV	1	0.50438505	0.45581374	0.5441863
SIFNTLYKAGELAGQVSNNNDMR	SEHNRFQNEAQASSSLERSFGEAF	ATDALMTGF	1	0.4897382	0.46776104	0.53223896
YGATPYYFSGDTLVAVGDNFNKFY	MDHENSYDVKMASSLSSATGELF	LLWNGPMAV	1	0.506018	0.44382703	0.55617297
DSAIYNIQSSQREAVFNTGGFKTI	SGHATFQNNGVASSVTGQLDEQY	ATDALMTGF	1	0.47901574	0.4734892	0.5265108
DRGSQSIYSNGDATGDDKII	SQVTMANQGSEASVPTSGGSNEQF	LLWNGPMAV	1	0.5290217	0.46598482	0.5340152
DRGSQSIYSNGDAVLTLYSGAGSYQLT	SNHLYFYNNEIASSEVTAGDGYT	ATDALMTGF	1	0.49229175	0.46718743	0.5328126
TSDPSYGQGSYDQQNAMREFSYGSSNTGKLI	LGHDTYNNKELASSQGARDLVNEKLF	ATDALMTGF	1	0.48749313	0.4835398	0.5164602
SSVSVYYLSGSTLVAVSPMDSSYKLI	SGDLSYYNGEEASSVGRGPATEAF	HPVTKYIM	1	0.46850592	0.46794993	0.5320501
TSGFNGNVLDGLAVRAYYGGSQGNLI	LGHNAYSLEERASSQEAGGGTGELF	LLWNGPMAV	1	0.4915701	0.4521955	0.5478045
DRGSQSIYSNGDAVSNTDKLI	LGHDTYNNKELASSPTPAGGAYEQY	LLWNGPMAV	1	0.5186677	0.47131753	0.5286825
NSASQSVYSSGVVNEKEGNMLT	SQVTMANQGSEASVGEGLAYEQY	LLWNGPMAV	1	0.50679326	0.46689433	0.5331056
NTAFDYIRPDVSEAAKAAGNKLT	LNHDASQIVNDASSTQVIGNQPQH	ATDALMTGF	1	0.5263777	0.4820246	0.5179754
DRGSQSIYSNGDAVDANARLM	MDHENSYDVKMASSYFKGAGELF	LLWNGPMAV	1	0.5256438	0.4571882	0.5428118
DRGSQSIYSNGDAVGDDKII	MNHEYSMNVEVASSPGTGAYEQY	LLWNGPMAV	1	0.51901287	0.47080287	0.5291971
NSMFDYISSIKDKAARANTDKLI	LNHNVYYDKDFATSRESGNGKLF	LLWNGPMAV	1	0.47589037	0.45519006	0.5448099
YGATPYYFSGDTLVAVGARETYNTDKLI	LNHDASQIVNDASSPRQGNNSPLH	FEDLRLLSF	1	0.50355846	0.47553542	0.5244646
VGISALSSGKAVRVTGGADGLT	SGHTAFQGNSAASSQRSGTGELF	FEDLRLLSF	1	0.49133104	0.48069766	0.51930237
TSENNYYQEAYKQQNAFMSLYGGSQGNLI	MNHEYSMNVEVASSYPYRGLLAGSGNTIY	ATDALMTGF	1	0.465699	0.46888843	0.53111154
DRGSQSIYSNGDAVGDDKII	DFQATTSNEGSKASAPASGGGNEQF	LLWNGPMAV	1	0.5246873	0.46478653	0.5352135
DSAIYNIQSSQREAVRRRGSQGNLI	SEHNRFQNEAQASSLEGQLNEQF	ATDALMTGF	1	0.4726836	0.46951008	0.5304899
DRGSQSIYSNGDAVNSDKLI	SQVTMANQGSEASVSGERGTDTQY	LLWNGPMAV	1	0.52388656	0.46633983	0.5336601
NSMFDYISSIKDKAASDDKII	SGDLSYYNGEEASSGGQGAYEQY	LLWNGPMAV	1	0.46082613	0.46591544	0.53408456
DRGSQSIYSNGDAVNLGNEKLT	SGHDYFNNNVPASSLLGSYNEQF	ATDALMTGF	1	0.48407036	0.47428483	0.5257152
DRGSQSIYSNGDAVMDDKII	LGHDTYNNKELASSQEVAYEQY	LLWNGPMAV	1	0.51488	0.46403825	0.53596175
NSASQSVYSSGVVNDPYTGGFKTI	SNHLYFYNNEIASSELGQLNEQF	ATDALMTGF	1	0.5007499	0.47907668	0.5209233
YSGSPEHISRALKDYGQNFV	MNHEYSMNVEVASSLYPGTAEGGYT	LLWNGPMAV	1	0.4733915	0.47472525	0.5252748
DRGSQSIYSNGDAVKGNTGFQKLV	KGHSYFQNENVASSPTTESYEQY	ATDALMTGF	1	0.4932631	0.47157758	0.52842236
VGISALSSGKAAPANTGNQFY	DFQATTSNEGSKASATGTSGYNEQF	FEDLRLLSF	1	0.48166764	0.47324523	0.52675474
DRGSQSIYSNGDAGSASKII	SGHRSYFSETQASSPGTSGAYEQY	LLWNGPMAV	1	0.52855337	0.4661432	0.5338568
VSGNPYYITGDNLVAVSYTGGFKTI	LNHDASQIVNDASSMAQGARSPLH	FEDLRLLSF	1	0.50993013	0.47166955	0.52833045
DSAIYNIQSSQREAVDDYKLS	SGHTAFQGNSAASSPWGSGNYEQY	RLRAEAQVK	1	0.48473877	0.493077	0.506923
VSGNPYYITGDNLVAVRDIRDYGGSQGNLI	SGHTAFQGTGAASSLFADRGQETQY	HPVTKYIM	1	0.49608332	0.4713325	0.5286675
TSESDYYQEAYKQQNAIDNAGNMLT	MNHNSSASEGTASSQTATTGPGSPLH	LLWNGPMAV	1	0.46774316	0.46641365	0.5335863
DRGSQSIYSNGDAVNDNDMR	MNHEYSVGAGIASSSALAYEQY	LLWNGPMAV	1	0.5198066	0.4693803	0.53061974
KALYSLLKGGEQGTVGLMDSSYKLI	LGHNAYNFKEQASSQDGALAGGSSYEQY	RLRAEAQVK	1	0.4871091	0.49059474	0.50940526
DRGSQSIYSNGDAVSTDKLI	MNHNYSVGAGIASSPGGVSYGYT	LLWNGPMAV	1	0.5124966	0.47016177	0.5298382
TSGFYGNALDGLAVEPVGGNTPLV	MRHNASNTAGTASTPGQALNEQY	LLWNGPMAV	1	0.4849523	0.4602857	0.53971434
DRGSQSIYSNGDAVTDDKII	MNHNSSASEGTASSETGTQAYEQY	LLWNGPMAV	1	0.52673453	0.46541744	0.5345825
DRGSQSIYSNGDAAVASKII	LGHDTYNNKELASSIKPDGYEQY	LLWNGPMAV	1	0.52271163	0.4778927	0.5221073
NSASQSVYSSGVAPLQGAQKLV	SGHDTYYEEEEASSLGVLTEAF	RLRAEAQVK	1	0.50217664	0.4923845	0.5076155
DRGSQSIYSNGDAIDGQNFV	SGDLSYYNGEEASSAAPAYEQY	LLWNGPMAV	1	0.50701773	0.4653594	0.5346406
DRGSQSIYSNGDAVNIRGPFMEYGNKLV	LNHDASQIVNDASSMLVANYGYT	FEDLRLLSF	1	0.51530117	0.47183236	0.52816767
TSINNIRSNEREATVPALTQGGSEKLV	MNHEYSMNVEVASSMLGVLRGANVLT	FEDLRLLSF	1	0.4858107	0.4781226	0.5218774
DRGSQSIYSNGDAVSGNKLV	SGHRSYFSETQASSPAAGGAYEQY	LLWNGPMAV	1	0.5245393	0.46304062	0.53695935
TSESDYYQEAYKQQNAYRSLYNNNDMR	SNHLYFYNNEIASRTGISNTGELF	ATDALMTGF	1	0.4683058	0.47063595	0.52936405
SSVPPYYTSAATLVAVTGGDYKLS	KGHDRSFDVKDATSDSSFGGGPQH	ATDALMTGF	1	0.48536488	0.47152567	0.5284744
NIATNDYGYKTKLVGPLSGAGSYQLT	KGHDRSFDVKDATSDRLAGGELF	RLRAEAQVK	1	0.5017776	0.4871967	0.51280326
NSASQSVYSSGVVGRTDKLI	LNHNVYYDKDFATSLGQAYGYT	LLWNGPMAV	1	0.5127799	0.45467007	0.54533
DRGSQSIYSNGDAVIAGKST	SQVTMANQGSEASVATSGGSNEQF	LLWNGPMAV	1	0.52700496	0.45505282	0.54494715
DRGSQSIYSNGDAVADDKII	SGHATFQNNGVASSHGGGFAYEQY	LLWNGPMAV	1	0.5177732	0.46402195	0.5359781
DRGSQSIYSNGDAVTGDDKII	SNHLYFYNNEIASSGQGAYGYT	LLWNGPMAV	1	0.51358724	0.4761809	0.5238191
DRGSQSIYSNGDAVNGDGQKLL	GTSNPNSVGIGAWGYQITGSAYGYT	LLWNGPMAV	1	0.52077985	0.47515357	0.52484643
DSAIYNIQSSQREAVRPTGGFKTI	SGHATFQNNGVASSPSGQLEKLF	ATDALMTGF	1	0.486069	0.47052413	0.52947587
DRGSQSIYSNGDAVSDYKLS	MNHEYSVGEGTASSSSGTAYGYT	LLWNGPMAV	1	0.510448	0.47324988	0.52675015
DRGSQSIYSNGDAVTPDDKII	MNHEYSVGEGTASSTGTAAYEQY	LLWNGPMAV	1	0.5102835	0.47554427	0.5244557
DRGSQSIYSNGDAVEDDKII	SGDLSYYNGEEASSVKAGGNEQY	LLWNGPMAV	1	0.51934594	0.4690354	0.5309646
TSDPSYGQGSYDQQNAMRERDNQGGKLI	MGHRAYSYEKLASSQDRVGIQPQH	HPVTKYIM	1	0.42987984	0.4689398	0.53106016
NSASQSVYSSGVGGLNTPLV	MNHNSSASEGTASSDSGQIYEQY	ATDALMTGF	1	0.50287336	0.47996658	0.5200334
DRGSQSIYSNGDAVTDEKLT	MNHNYSVGAGIARSTGGDSYGYT	LLWNGPMAV	1	0.51021355	0.4656132	0.53438675
TSENNYYQEAYKQQNAFMRDTGNQFY	LNHDASQIVNDASRPGTNTEAF	LLWNGPMAV	1	0.5134451	0.46473294	0.53526706
TISGNEYGLKNNIVRVLYGGSQGNLI	MNHEYSMNVEVASSFGPTPDTQY	ATDALMTGF	1	0.48697665	0.47714818	0.5228518
NSASQSVYSSGVVKNLYGGSQGNLI	MGHRAYSYEKLASSQDVYPYEQY	ATDALMTGF	1	0.4974404	0.47722405	0.52277595
TISGNEYGLKNNIVRVAGYGGSQGNLI	LNHDASQIVNDASSIGSGMNSPLH	FEDLRLLSF	1	0.50432825	0.47998253	0.5200175
YGGTVNYFSGDPLVAVNAPTDSWGKLQ	MNHNYSVGAGIASSKQGESNSPLH	LLWNGPMAV	1	0.476549	0.45479903	0.54520094
TSESDYYQEAYKQQNAYSSLYGGSQGNLI	DFQATTSNEGSKASAREKTINTGELF	ATDALMTGF	1	0.46627915	0.4566175	0.54338247
SSYSPSYTSAATLVVVSDHYSNSGYALN	SEHNRFQNEAQASSPPVISNNEQY	ATDALMTGF	1	0.48423353	0.46445563	0.53554434
SSNFYAMTLNGDEAYSTDSWGKLQ	LGHDTYNNKELASSQGQLNQPQH	LLWNGPMAV	1	0.47672307	0.4701978	0.5298022
NSMFDYISSIKDKAASPRSSNYKLT	SGHDTYYEEEEASSYRVSPYNEQF	LLWNGPMAV	1	0.47469497	0.47493374	0.52506626
TSENNYYQEAYKQQNAFMKHRLNSGAGSYQLT	MNHEYSMNVEVASSSLAVPELF	FEDLRLLSF	1	0.45310214	0.47716385	0.52283615
TSESDYYQEAYKQQNAYRSRNNNDMR	SEHNRFQNEAQAITIADVSTDTQY	ATDALMTGF	1	0.46124288	0.4684442	0.5315558
DSAIYNIQSSQREAVKDGGSQGNLI	SEHNRFQNEAQASSFDSQLYEQY	ATDALMTGF	1	0.47758672	0.46808842	0.53191155
DRGSQSIYSNGDAAIDDKII	MNHEYSVGEGTASTDGGDSYTQY	LLWNGPMAV	1	0.5051126	0.47983244	0.5201675
DRGSQSIYSNGDAGGAGTALI	SGHDNFVKESKASSQGPAAYEQY	LLWNGPMAV	1	0.5302652	0.47190142	0.52809864
TISGTDYGLTSNILANRDDKII	SGHRSYFSETQASSFRAGGTEAF	HPVTKYIM	1	0.49640822	0.47383246	0.5261675
DRGSQSIYSNGDAVNEQSSGSARQLT	MNHEYSVGAGIASSYSEQGYGYT	LLWNGPMAV	1	0.51272273	0.46973738	0.5302626
DRGSQSIYSNGDAVYLIYNQGGKLI	SEHNRFQNEAQASSLLAGNTGELF	ATDALMTGF	1	0.4951758	0.47494987	0.52505016
DRGSQSIYSNGDAVTGDDKII	MNHNYSVGAGIASTRQGAYEQY	LLWNGPMAV	1	0.51071286	0.4817401	0.51825994
YSGSPEHISRALSGGYNKLI	LGHNAYSLEERASSPTGQGAHGYT	LLWNGPMAV	1	0.48381937	0.47155756	0.52844244
DRGSQSIYSNGDAVKGDDKII	SGHTAFQGNSAASSFYGREAF	LLWNGPMAV	1	0.52270997	0.46046314	0.53953683
KTLYGLQKGGEEGADPQGGDNNARLM	DFQATTSNEGSKASARPRESSNQPQH	ATDALMTGF	1	0.46126106	0.46389964	0.5361004
DRGSQSIYSNGDAGSNARLM	MNHEYSMNVEVASSNQGASAYGYT	LLWNGPMAV	1	0.5188516	0.46653783	0.53346217
DRGSQSIYSNGDAATGANNLF	DFQATTSNEGSKASASGARGADTQY	LLWNGPMAV	1	0.524524	0.45512345	0.5448766
TSESDYYQEAYKQQNAYRSNYGGSQGNLI	MGHRAYSYEKLASRDNMNSNQPQH	ATDALMTGF	1	0.45155326	0.45344102	0.546559
DRGSQSIYSNGDAVNNARLM	SGHVSFNYEAQASSLKGNTEAF	LLWNGPMAV	1	0.51966506	0.45570454	0.54429543
VGISALSSGKAAPANTGNQFY	SGHNSFNNNVPASSLLWRNNEQF	FEDLRLLSF	1	0.47808504	0.47770634	0.5222936
DSASNYIRSNVGEAATASRAGTALI	SGHRSYFSETQASSLEGQGGTDTQY	HPVTKYIM	1	0.50141126	0.48282546	0.5171746
NSASQSVYSSGVVNAGNNRKLI	SGDLSYYNGEEASSPLAKNEQF	RLRAEAQVK	1	0.5092043	0.48811388	0.5118862
DRGSQSIYSNGDAVGTYKYI	DFQATTSNEGSKASATEAGGPGNEQF	LLWNGPMAV	1	0.5186987	0.4687067	0.5312933
DRGSQSIYSNGDAVSASKII	SGHATFQNNGVASNTGTDSYEQY	LLWNGPMAV	1	0.52365017	0.472708	0.527292
DSASNYIRSNVGEAATLGSGYSTLT	LNHDASQIVNDASSMGTYSNQPQH	FEDLRVLSF	1	0.51085925	0.48158768	0.5184123
DRGSQSIYSNGDAVMDDKII	MNHEYSVGEGTASSAAGNQPQH	LLWNGPMAV	1	0.5149197	0.47368082	0.52631915
NYSPAYIRENEKEALDPLYSSASKII	SGHDYFNNNVPASSLAGPGLGLEQY	ATDALMTGF	1	0.46537372	0.46723062	0.5327694
TSGFYGNALDGLVLDSNYQLI	SGHNTYYREEEASSLEWGWPPYYEQY	RLRAEAQVK	1	0.4757746	0.4976532	0.5023468
VSGNPYYITGDNLVAVRDNFNKFY	SEHNRFQNEAQANSLVTDTQY	RLRAEAQVK	1	0.5135865	0.4875454	0.51245457
DRGSQSIYSNGDAVDGNQFY	MGHRAYSYEKLASSQAGTSYEQY	LLWNGPMAV	1	0.51353395	0.48246223	0.5175378
DRGSQSIYSNGDAVSASKII	MNHNSSASEGTASSDQTGDAYEQY	LLWNGPMAV	1	0.5276686	0.46839988	0.5316002
DSASNYIRSNVGEAASKGDNFNKFY	LGHDTYNNKELASSQEIERTQPYNEQF	RLRAEAQVK	1	0.50304157	0.4874947	0.5125053
NSASQSVYSSGVVSDYKLS	MNHNYSVGAGIASTPGTGAYEQY	LLWNGPMAV	1	0.4994106	0.48739168	0.5126083
DRGSQSIYSNGDAVNQGGKLI	SGHDYFNNNVPASTPSPSRPPL	LLWNGPMAV	1	0.5262359	0.47254023	0.5274598
TSESDYYQEAYKQQNAYRTPYGGSQGNLI	DFQATTSNEGSKASARDLSSSNQPQH	ATDALMTGF	1	0.4538509	0.4560092	0.5439908
TISGTDYGLTSNILKNSGGSNYKLT	SQVTMANQGSEASVASGLRNEKLF	HPVTKYIM	1	0.49789613	0.4782846	0.5217154
TSDPSYGQGSYDQQNAMRERLNNARLM	LGHDTYNNKELASSSPGQALGTEAF	HPVTKYIM	1	0.43225318	0.47272396	0.5272761
SSVPPYYTSAATLVAVTPGDYKLS	KGHDRSFDVKDATSDGTAGNQPQH	ATDALMTGF	1	0.49075174	0.4893415	0.51065844
SSNFYAMTLNGDEARSTDSWGKLQ	SGHVSFNYEAQASTPEGSYNEQF	LLWNGPMAV	1	0.46946448	0.4678612	0.53213876
SSVPPYYTSAATLVAVSAFGTSGSRLT	MDHENSYDVKMASTPVAGPPIYEQF	RLRAEAQVK	1	0.4919551	0.49304894	0.50695103
DRGSQSIYSNGDAVNTDKLI	SQVTMANQGSEASVDRRADEQF	LLWNGPMAV	1	0.5252432	0.4646652	0.5353348
DSAIYNIQSSQREAGLRGAGSYQLT	MNHEYSMNVEVASSATKNIQY	FEDLRLLSF	1	0.48010644	0.47638345	0.52361655
DRGSQSIYSNGDAVINSGNTPLV	SGHATFQDESVATRANTGELF	HPVTKYIM	1	0.5155645	0.49098924	0.50901073
DSAIYNIQSSQREAVTGYSTLT	MNHEYSVGEGTASSPPTERRSEAF	HPVTKYIM	1	0.47187623	0.4805855	0.51941454
NSASQSVYSSGVVNAHDMR	LNHNVYYDKDFATSSGTGAYEQY	LLWNGPMAV	1	0.5150872	0.45363498	0.546365
TSDPSYGQGSYDQQNAMREGRSDYKLS	SGDLSYYNGEEASSAAGRINQPQH	HPVTKYIM	1	0.4338958	0.47070965	0.5292903
NSMFDYISSIKDKAASADPKAGNTPLV	MNHEYSMNVEVASGPLRGGNQPQH	HPVTKYIM	1	0.46295097	0.47136265	0.52863735
DSAIYNIQSSQREAVKLIQGAQKLV	SGHDYFNNNVPASNYIAGVEEQF	ATDALMTGF	1	0.4787613	0.46596965	0.5340303
NSAFQYTYSSGNAFLPGGGYQKVT	SGHNTYYREEEASSPEGGRTGNTIY	HPVTKYIM	1	0.48028633	0.47626546	0.52373457
SIFNTLYKAGELAGHDYKLS	SGHNSFNNNVPASTTGGSLPPEAF	LLWNGPMAV	1	0.48568597	0.46589205	0.5341079
SSVPPYYTSAATLVAVTPGDYKLS	WSHSYSAAADIASSESSSGANVLT	ATDALMTGF	1	0.48847854	0.48352975	0.51647025
DRGSQSIYSNGDAVGNYQLI	SGDLSYYNGEEASSDLAGGTDTQY	LLWNGPMAV	1	0.50890833	0.45720682	0.54279315
TSDPSYGQGSYDQQNAMREGLGFQKLV	SGHDNFVKESKASSQGLLGSETQY	ATDALMTGF	1	0.45756605	0.4689925	0.5310075
DRGSQSIYSNGDALTPDYKLS	MNHEYSVGAGIASSRQGGYGYT	LLWNGPMAV	1	0.5089676	0.47776747	0.52223253
DRGSQSIYSNGDAVGDDKII	MNHNYSVGAGIASSPQGAYGYT	LLWNGPMAV	1	0.51591945	0.47127983	0.52872014
TSESDYYQEAYKQQNAYRSLYSGGGADGLT	KGHDRSFDVKDATSGLESSYNEQF	ATDALMTGF	1	0.4534415	0.45960954	0.5403905
SVFSSVVTGGEVAGPLDSNYQLI	LNHNVYYDKDFATSESRGGGYGYT	LLWNGPMAV	1	0.49737373	0.4740177	0.5259823
TISGNEYGLKNNIVREWDNYGQNFV	LGHNAYSLEERASSQVAKMAKDNYGYT	LLWNGPMAV	1	0.48109537	0.46582523	0.5341748
TSESDYYQEAYKQQNAYRSNYGGSQGNLI	SNHLYFYNNEIAKTPGSSNTDTQY	ATDALMTGF	1	0.45586926	0.45310596	0.546894
TSESDYYQEAYKQQNAYFSLYGGSQGNLI	SGDLSYYNGEEASRSHDSSTDTQY	ATDALMTGF	1	0.44296795	0.4613944	0.53860563
DSSSTYIFSNMDMATKAAGNKLT	MNHNSSASEGTASSGGSGRAYNEQF	RLRAEAQVK	1	0.51875854	0.48118234	0.51881766
DSSSTYIFSNMDMAETRGNNRLA	SGDLSYYNGEEASSVGGGREQF	LLWNGPMAV	1	0.5084115	0.4680025	0.5319975
TISGTDYGLTSNIPPGELT	SGHNTYENEEAASSSRGRGETQY	HPVTKYIM	1	0.49059767	0.4742069	0.5257931
TSDPSYGQGSYDQQNASSDSRGTEAF	SGDLSYYNGEEASSDSRGTEAF	LLWNGPMAV	1	0.48331034	0.4570628	0.54293716
DRGSQSIYSNGDAVLPSGNTPLV	SGHVSFQNEAQASRGRETQY	HPVTKYIM	1	0.5085357	0.4777136	0.5222864
KALYSLLKGGEQGTERRPSNTGKLI	LNHDASQIVNDASSIPDGTQY	FEDLRLLSF	1	0.4930644	0.46830687	0.5316931
NSAFQYTYSSGNAVNSNYGGSQGNLI	MNHEYSMNVEVASSTGTGNNEQF	RLRAEAQVK	1	0.49553555	0.49077293	0.5092271
DSAIYNIQSSQREAVLHGAGSYQLT	MNHEYSMNVEVASSQTGRELF	FEDLRVLSF	1	0.4832879	0.47990462	0.5200954
NSASQSVYSSGVVGDDKII	SGDLSYYNGEEASSGGTADTQY	LLWNGPMAV	1	0.5088001	0.46724725	0.5327527
DRGSQSIYSNGDAVWAGNQFY	MNHEYSVGEGTASSYPRTASNQPQH	ATDALMTGF	1	0.5013277	0.4727487	0.5272513
DRGSQSIYSNGDAVNGNQFY	SGDLSYYNGEEASSPQTGAVTEAF	LLWNGPMAV	1	0.5177051	0.4621348	0.5378652
DRGSQSIYSNGDAVTDREAGTALI	SGHTAFQGTGAASSLIGNTGELF	ATDALMTGF	1	0.5194797	0.4771305	0.52286947
SSYSPSYTSAATLVVVSDLYGGSQGNLI	SGDLSYYNGEEASSMWTSGGPTDTQY	ATDALMTGF	1	0.47957417	0.45706013	0.5429399
SSNFYAMTLNGDEARRGAAGNKLT	LGHNAYSLEERASSPSAGDYEQY	LLWNGPMAV	1	0.47944075	0.46723318	0.53276676
NSASDYIRSNMDKADHTGGFKTI	SGHNTYYREEEASSPGTGGYTEAF	LLWNGPMAV	1	0.4961825	0.4603164	0.53968364
DRGSQSIYSNGDAVTRNNDMR	SGHNTYYREEEASSWGGAYEQY	LLWNGPMAV	1	0.5205307	0.47170612	0.5282939
NSASQSVYSSGVVSGFKTI	MNHEYSVGEGTASSDTDRGIYGYT	LLWNGPMAV	1	0.50120366	0.47192693	0.528073
YGATPYYFSGDTLVAVGRGSQGNLI	MNHEYSMNVEVASSPRLAFSSSYNEQF	RLRAEAQVK	1	0.50401056	0.4948064	0.5051936
NIATNDYGYKTKLVNTDKLI	SGHRSYFSETQASSPLAGGSSYNEQF	RLRAEAQVK	1	0.49720606	0.49072957	0.5092704
TRDTTYYRNSFDEQNALSEAGSNYQLI	SGHDTYYEEEEASSLGTPTEAF	FEDLRVLSF	1	0.46626613	0.46063322	0.5393668
DSAIYNIQSSQREAVRPSGGFKTI	SGHTAFQGNSAASSPSGQLDSQH	ATDALMTGF	1	0.45706096	0.4785006	0.5214994
DRGSQSIYSNGDAGSASKII	WSHSYSAAADIASSTGTVSYEQY	LLWNGPMAV	1	0.5322168	0.4674911	0.53250897
DSAIYNIQSSQREAVLSGAGSYQLT	MNHEYSMNVEVASSPTQREQY	FEDLRVLSF	1	0.4792797	0.48111248	0.5188875
VSGNPYYITGDNLVAVRPPPSSGGYQKVT	LNHDASQIVNDASSITWTGNMNTEAF	RLRAEAQVK	1	0.5165953	0.49470103	0.505299
SSYSPSYTSAATLVVVSETGTASKLT	LGHDTYNNKELASSQGGQSAWTQY	HPVTKYIM	1	0.49311396	0.48061353	0.5193865
DSAIYNIQSSQREAVVYPLTHGSSNTGKLI	SEHNRFQNEAQASSLEGQLNEQF	ATDALMTGF	1	0.47317412	0.46109512	0.5389049
SSVPPYYTSAATLVAVSEGSNYQLI	LGHDTYNNKELASSQDPGILYEQY	ATDALMTGF	1	0.48603216	0.46603596	0.53396404
NSASQSVYSSGVALMNRDDKII	SGDLSYYNGEEASSVGDGSPWKY	HPVTKYIM	1	0.49801183	0.47643927	0.52356076
SIFNTLYKAGELAGLWKKSSGDKLT	MNHEYSVGEGTASSYHILGTIHDAGELF	ATDALMTGF	1	0.50001264	0.476654	0.523346
DSAIYNIQSSQREAVRERDNQGGKLI	SEHNRFQNEAQASSFMGQLDEQF	ATDALMTGF	1	0.4697217	0.47188824	0.5281118
DRGSQSIYSNGDAVTGYSTLT	MNHNSSASEGTASSGQGAYEQY	LLWNGPMAV	1	0.5231669	0.46515745	0.5348426
DRGSQSIYSNGDAVKGRYNFNKFY	LNHDASQIVNDASSVGTGAYEQY	FEDLRLLSF	1	0.50352645	0.46223184	0.5377682
TSESDYYQEAYKQQNAYRTPYGGSQGNLI	DFQATTSNEGSKASARPRESSNQPQH	ATDALMTGF	1	0.45797175	0.45399922	0.54600084
TSINNIRSNEREATDRWDSNYQLI	SGHDYFNNNVPASSFPNQPQH	LLWNGPMAV	1	0.4749022	0.45968622	0.5403138
ATGYPSATKADDKALSDREDHNDMR	SGDLSYYNGEEASSPQGGGSYEQY	HPVTKYIM	1	0.44924325	0.47333786	0.5266621
DRGSQSIYSNGDAVIPLYSGAGSYQLT	LNHDASQIVNDASSFGGSRLGEETQY	ATDALMTGF	1	0.53831583	0.47499552	0.5250045
DRGSQSIYSNGDAVTIGWGKLQ	SQVTMANQGSEASVYLNTEAF	FEDLRVLSF	1	0.51426035	0.48374265	0.51625735
ATGYPSATKADDKALTPTGGNTPLV	SGHDNFVKESKASSQASLVMTGGDEQY	FEDLRLLSF	1	0.48923606	0.47076255	0.52923745
DRGSQSIYSNGDAVSGQKLL	DFQATTSNEGSKASASDNMVGAYEQY	LLWNGPMAV	1	0.52071136	0.46740615	0.5325938
NSMFDYISSIKDKAASGANNLF	WNHNNSYGVQDASSESPGYGYT	LLWNGPMAV	1	0.47963166	0.46782845	0.53217155
TISGTDYGLTSNILRPREDRGSTLGRLY	SQVTMANQGSEASVRQGARDNEQF	HPVTKYIM	1	0.48325694	0.47732148	0.5226785
DRGSQSIYSNGDAVGADGLT	MNHNYSVGAGIASSNGQNAYEQY	LLWNGPMAV	1	0.513526	0.47293797	0.527062
NSAFQYTYSSGNAMSGGLNTGNQFY	SGHRSYFSETQASSLAGEQF	RLRAEAQVK	1	0.50257844	0.48502952	0.5149705
NSASQSVYSSGVVSEERYNQGGKLI	SGHDTYYEEEEASSPLVSGSGANVLT	HPVTKYIM	1	0.5048543	0.4800784	0.5199216
NSAFQYTYSSGNAIWGEGYQKVT	SGHVSFQNEAQASSLGIPQREPYNEQF	HPVTKYIM	1	0.48321152	0.47985074	0.52014923
DSASNYIRSNVGEAASKVTGGGNKLT	SGHVSFNYEAQASSLVDREGEQY	HPVTKYIM	1	0.49845743	0.46821108	0.53178895
DRGSQSIYSNGDAVNGDTDKLI	MRHNASNTAGTASSPSGGAYGYT	LLWNGPMAV	1	0.5201267	0.468032	0.531968
DSAIYNIQSSQREAVASFYGNNRLA	MDHENSYDVKMASNRDRDYGYT	LLWNGPMAV	1	0.4865103	0.46149838	0.5385016
VSGNPYYITGDNLVAVRTYNYGQNFV	SGHTAFQGNSAASSLEGQGAPGQPQH	LLWNGPMAV	1	0.49691007	0.47114843	0.5288515
DRGSQSIYSNGDADSSYKLI	MNHNYSVGAGIASSYSTEAYEQY	LLWNGPMAV	1	0.51870817	0.46469855	0.53530145
ATGYPSATKADDKALSDRENYGGSQGNLI	SGDLSYYNGEEASSVGWGGTYEQY	HPVTKYIM	1	0.47635978	0.48295188	0.5170481
DSAIYNIQSSQREAVRRTGGFKTI	SGHATFQNNGVASSETGQLDEQF	ATDALMTGF	1	0.47229654	0.46874058	0.5312594
DRGSQSIYSNGDAVDSGNTPLV	SGHDYFNNNVPASSPRQGNDEQY	LLWNGPMAV	1	0.5172449	0.47512838	0.5248716
YGATPYYFSGDTLVALTDSWGKFQ	SGHATFQNNGVASTGTSGRAETQY	FEDLRVLSF	1	0.48094156	0.47860208	0.5213979
DSAIYNIQSSQREAVLRGAGSYQLT	MNHEYSMNVEVASSPTAGELF	FEDLRLLSF	1	0.47751364	0.47371653	0.52628344
NSASQSVYSSGVVGAAGNKLT	SQVTMANQGSEASASGPTGGRDSGELF	ATDALMTGF	1	0.5021372	0.47039184	0.5296082
TTSDRLLSNGAVAVDMEYGNKLV	LGHNAYSLEERASSQGGYGYT	LLWNGPMAV	1	0.49151963	0.49238747	0.50761247
TSGFYGNALDGLALNQGGKLI	MNHEYSMNVEVASSLRDSSYEQY	LLWNGPMAV	1	0.4839822	0.47809458	0.5219054
SSVPPYYTSAATLVAVTAGGGKLI	MGHRAYSYEKLASSPPGQETQY	RLRAEAQVK	1	0.5065741	0.49355823	0.5064418
DRGSQSIYSNGDAVGGGKLI	MNHNSSASEGTASSEAVLGGNSYEQY	LLWNGPMAV	1	0.53924406	0.469839	0.53016096
VSGNPYYITGDNLVAVRGGSYIPT	MDHENSYDVKMASTFGRRGSGEKLF	ATDALMTGF	1	0.49977383	0.47145033	0.5285497
TSESDYYQEAYKQQNAYRSLYVSGAGSYQLT	LGHNAYNFKEQASSENSNSNQPQH	ATDALMTGF	1	0.44185898	0.4509112	0.5490888
NSASQSVYSSGVVSPDDKII	MNHNSSASEGTASSEGIYGYT	LLWNGPMAV	1	0.5171623	0.46548694	0.53451306
TSDPSYGQGSYDQQNAMSSGYSTLT	SQVTMANQGSEASVSGGRESTEAF	HPVTKYIM	1	0.45487794	0.4760834	0.5239166
TSGFNGNVLDGLAVRPLRNTPLV	DFQATTSNEGSKASARDRAGQGADGYT	HPVTKYIM	1	0.4602519	0.45955664	0.54044336
DRGSQSIYSNGDAEKVNNNDMR	LNHNVYYDKDFATGAASSYEQY	LLWNGPMAV	1	0.52884114	0.46587044	0.53412956
DRGSQSIYSNGDAVSGYSTLT	MNHEYSVGAGIASSAQGAYGYT	LLWNGPMAV	1	0.5110257	0.47767735	0.52232265
SVFSSVVTGGEVAGENTYNFNKFY	SGHDNFVKESKASSQLPRGGYT	FEDLRLLSF	1	0.47910416	0.4804153	0.5195847
SSNFYAMTLNGDEAPVSGYALN	MNHNSSASEGTASSEGPLTGPYEQY	RLRAEAQVK	1	0.50266016	0.4963631	0.5036369
DRGSQSIYSNGDAANDYKLS	DFQATTSNEGSKASATGNRGADTQY	LLWNGPMAV	1	0.51048005	0.46476477	0.5352352
DRGSQSIYSNGDAGSASKII	SGHDYFNNNVPASSYSGGGNQPQH	LLWNGPMAV	1	0.52925843	0.47204706	0.52795297
DSAIYNIQSSQREAVRSSEWGATNKLI	SGHATFQNNGVASSALTGNEQF	FEDLRVLSF	1	0.47715726	0.4862982	0.51370174
DRGSQSIYSNGDAVAAYKYI	MNHNSSASEGTASSGGQAYEQY	LLWNGPMAV	1	0.5198303	0.4746721	0.52532786
DRGSQSIYSNGDAVSGDDMR	MRHNASNTAGTASSAGTVSYEQY	LLWNGPMAV	1	0.5192861	0.46052295	0.53947705
NSAFQYTYSSGNAMSAGSYQLT	LNHDASQIVNDASSTQVIGNQPQH	ATDALMTGF	1	0.5256805	0.47883636	0.52116364
DRGSQSIYSNGDAVSDDKII	SGHTAFQGNSAASSPGPTSYEQY	LLWNGPMAV	1	0.5155738	0.4731226	0.5268774
TSINNIRSNEREATDPNTGGFKTI	MNHEYSVGEGTASSYPNQPQH	LLWNGPMAV	1	0.46734297	0.47321707	0.526783
DSAIYNIQSSQREAVSERNGGSQGNLI	SGHKSYYEKEEASSRDSGWNSNQPQH	LLWNGPMAV	1	0.48653167	0.4654746	0.5345254
TSESDYYQEAYKQQNAYRSLYNNNDMR	SNHLYFYNNEIASRDRGSNTGELF	ATDALMTGF	1	0.46595147	0.4691104	0.53088963
DRGSQSIYSNGDAVSDDKII	WNHNNSYGVQDASSDKFAGNPQPQH	LLWNGPMAV	1	0.51434344	0.48258376	0.51741624
DRGSQSIYSNGDAVEGGKLI	SQVTMANQGSEASVEGRGTDTQY	LLWNGPMAV	1	0.5229136	0.46739838	0.5326016
DRGSQSIYSNGDAVSGSARQLT	SGDLSYYNGEEASSVATEGYEQY	LLWNGPMAV	1	0.51641357	0.4612128	0.5387872
NSMFDYISSIKDKAASARYGGSQGNLI	MNHEYSMNVEVASSGQGYNSPLH	HPVTKYIM	1	0.47638562	0.48121262	0.5187874
NSASQSVYSSGVVGASKII	MGHRAYSYEKLASSQAENYGYT	LLWNGPMAV	1	0.5130019	0.47354245	0.52645755
TTSDRLLSNGAVAVDNARLM	SQVTMANQGSEASVDEGSRYEQY	RLRAEAQVK	1	0.49868667	0.48897815	0.51102185
TSGFNGNVLDGLAVRDQAGTALI	SGDLSYYNGEEASSPHGTADNNYGYT	RLRAEAQVK	1	0.46687198	0.47578436	0.52421564
SSVSVYYLSGSTLVAVSGMDSSYKLI	SGDLSYYNGEEASSVGRGPADTEAF	HPVTKYIM	1	0.4689497	0.46519068	0.5348093
DSASNYIRSNVGEAAINTGNQFY	MNHEYSVGAGIASSFGTSGTYEQY	LLWNGPMAV	1	0.48944366	0.46920958	0.5307904
DRGSQSIYSNGDAVTGNTDKLI	MNHEYSVGEGTASSSAGAAYEQY	LLWNGPMAV	1	0.5132402	0.4737109	0.5262891
SIFNTLYKAGELAGRNMNSGYALN	LNHDASQIVNDASSIGVRAF	FEDLRLLSF	1	0.5033846	0.47351527	0.5264847
TSDQSYGQGSYDEQNAMREGQGFQKLV	KGHSHLQKENIASSSPDRGDQPQH	ATDALMTGF	1	0.43743268	0.4474268	0.5525732
SSVSVYYLSGSTLVAVSTSGGSNYKLT	MNHNYSVGAGIASSYEGAGNQPQH	ATDALMTGF	1	0.47577825	0.4665047	0.5334953
DRGSQSIYSNGDAVSNARLM	MNHNSSASEGTASSEAAGRANYGYT	LLWNGPMAV	1	0.5286594	0.4564432	0.5435568
DRGSQSIYSNGDAVTGYALN	LNHDASQIVNDASRPGQGYEQY	LLWNGPMAV	1	0.54248327	0.45331842	0.5466816
DSAIYNIQSSQREAVKIIQGAQKLV	SGHDYFNNNVPASSFQLGGETQY	ATDALMTGF	1	0.46168515	0.46536723	0.53463274
NSASQSVYSSGVAGAAGNKLT	SQVTMANQGSEASGSLWTGDSYEQY	ATDALMTGF	1	0.49388924	0.47610834	0.5238917
DRGSQSIYSNGDAVSGGKST	SQVTMANQGSEASVQRRADEQF	LLWNGPMAV	1	0.52730757	0.4625085	0.5374915
DSAIYNIQSSQREAVLPIKAAGNKLT	LNHDASQIVNDASSGVRATEAF	FEDLRLLSF	1	0.4954732	0.473966	0.52603406
DRGSQSIYSNGDAVNPPGAGGTSYGKLT	SGHVSFNYEAQASSLGDRGTEKLF	HPVTKYIM	1	0.50306636	0.4886851	0.5113149
SSVPPYYTSAATLVAVSLLNYGGSQGNLI	SGDLSYYNGEEASSENTANTGELF	ATDALMTGF	1	0.4887577	0.45338073	0.5466193
DRGSQSIYSNGDAVNAGKST	MNHNYSVGAGIASSPGTVAYEQY	LLWNGPMAV	1	0.51947105	0.4609583	0.5390417
DRGSQSIYSNGDAFSGYALN	MNHEYSVGEGTASSYTGTGSQPQH	LLWNGPMAV	1	0.5092789	0.47203216	0.5279679
NSASQSVYSSGVVNGNRDDKII	LNHDASQIVNDASRIRAQGFADTQY	ATDALMTGF	1	0.54144144	0.47137514	0.5286249
NSASDYIRSNMDKAENILSSSNTGKLI	SGDLSYYNGEEASQSAEASTDTQY	ATDALMTGF	1	0.4673287	0.4594667	0.5405333
DSSSTYIFSNMDMAERRNAGNNRKLI	LNHNVYYDKDFATSTGGGYEQY	LLWNGPMAV	1	0.5095369	0.4660819	0.53391814
NSAFQYTYSSGNAETNQAGTALI	LNHNVYYDKDFATSRASGSYEQY	LLWNGPMAV	1	0.50382566	0.44735068	0.5526493
NSASDYIRSNMDKAEKGGDDKII	ENHRYSYGVKDAISESSSGNNEQF	ATDALMTGF	1	0.47542167	0.471308	0.528692
NSAFQYTYSSGNAMSGGKLI	LNHNVYYDKDFATSRASGSYEQY	LLWNGPMAV	1	0.5055964	0.4475086	0.5524914
VSGNPYYITGDNLVAVSVRADKLI	SQVTMANQGSEASVEGLAGPSYNEQF	FEDLRLLSF	1	0.48800445	0.47817433	0.5218257
NSAFQYTYSSGNAMSEAAGNKLT	SNHLYFYNNEIASSGTRQISGTEAF	ATDALMTGF	1	0.47911122	0.47481903	0.525181
DRGSQSIYSNGDAAKDDKII	LNHNVYYDKDFATGAASSYEQY	LLWNGPMAV	1	0.5296077	0.46765816	0.5323418
TISGTDYGLTSNILRDRTSGTYKYI	SNHLYFYNNEIASSEGPLNTEAF	HPVTKYIM	1	0.49687386	0.48300546	0.51699454
DRGSQSIYSNGDAVTASKLT	SGDLSYYNGEEASSAGQESYEQY	LLWNGPMAV	1	0.51882154	0.463484	0.536516
DSAIYNIQSSQREAVGGTSYGKLT	DFQATTSNEGSKASVRTATYNEQF	LLWNGPMAV	1	0.482323	0.45764259	0.5423574
TSDPSYGQGSYDQQNAMSPEGGGSYIPT	SGHKSYYEKEEASSPRRTGYTGELF	LLWNGPMAV	1	0.48257956	0.46351224	0.5364878
NSASQSVYSSGVADSQNSGGYQKVT	LNHNVYYDKDFATSFTGTAYEQY	ATDALMTGF	1	0.48574612	0.4766462	0.5233538
DSVNNIPSGTAVEPLYGNKLV	SGDLSYYNGEEASSVGVSYEQY	RLRAEAQVK	1	0.48890314	0.47965786	0.5203422
TSDPSYGQGSYDQQNAMREGLRGAQKLV	SGHDYFNNNVPASGGRAGTDTQY	HPVTKYIM	1	0.4426694	0.46752867	0.5324713
TRDTTYYRNSFDEQNALSEWNTGFQKLV	MNHEYSMNVEVASSLTSGTYEQY	ATDALMTGF	1	0.45212278	0.4563825	0.5436175
TTLSNLVKSGEVAGLGNEKLT	KGHDRSFDVKDATSDWTGSSYNEQF	ATDALMTGF	1	0.4628957	0.45838776	0.54161227
ATGYPSATKADDKALRTDSWGKLQ	LGHNTFRNRAPASGPTGGAAETQY	FEDLRVLSF	1	0.45813993	0.45386207	0.5461379
SVFSSVVTGGEVAGEGDYKLS	LNHDASQIVNDASSRDFQETQY	RLRAEAQVK	1	0.51083475	0.49321756	0.5067825
YGATPYYFSGDTLVAVVPNTGNQFY	LNHNVYYDKDFATSGGTSYEQF	LLWNGPMAV	1	0.50988096	0.45645928	0.5435407
YGGTVNYFSGDPLVALNTGGFKTI	MNHEYSMNVEVASSLFPDNYGYT	LLWNGPMAV	1	0.47825587	0.4689342	0.5310658
NSASQSVYSSGVVITGTASKLT	SGHVSFQNEAQASSLGIPQREPYNEQF	HPVTKYIM	1	0.48996487	0.47978652	0.5202135
DRGSQSIYSNGDASEDDKII	DFQATTSNEGSKASGGLKADTQY	LLWNGPMAV	1	0.51576036	0.45979807	0.54020196
DRGSQSIYSNGDAVTSARLM	LGHNAYSLEERASSAQGDSYEQY	LLWNGPMAV	1	0.5160766	0.48442587	0.5155741
DSAIYNIQSSQREAVRPTGGFKTI	SGHTAFQGNSAASSLVGQLDEQY	ATDALMTGF	1	0.48147357	0.46432894	0.535671
DSAIYNIQSSQREAVLEGAGSYQLT	MNHEYSMNVEVASSLTQNEQF	FEDLRVLSF	1	0.4742187	0.48172876	0.5182712
DRGSQSIYSNGDAVSGNKLT	LGHDTYNNKELASSQDLGGAYEQY	LLWNGPMAV	1	0.5206104	0.4660043	0.5339957
DRGSQSIYSNGDAGGDDKII	SGHTSYDEGEEASSLPAAGYGYT	LLWNGPMAV	1	0.52484816	0.45809084	0.5419091
NYSPAYIRENEKEAHVNTNAGKST	SGHKSYYEKEEASSGLINGNTIY	FEDLRLLSF	1	0.475279	0.47311738	0.52688265
DRGSQSIYSNGDAGGDSTLT	LGHDTYNNKELASSQEGTSRPQH	LLWNGPMAV	1	0.52393144	0.45342332	0.54657674
DRGSQSIYSNGDAAADDKII	SGHDNFVKESKASSQGTISYEQY	LLWNGPMAV	1	0.53365886	0.47014913	0.52985084
DRGSQSIYSNGDAVGAPTNDYKLS	MNHEYSMNVEVASSPGTGAYEQY	LLWNGPMAV	1	0.51747805	0.4751327	0.5248673
DRGSQSIYSNGDAVSGGKLI	SGHDYFNNNVPASSPQGFSYEQY	LLWNGPMAV	1	0.5260871	0.47208187	0.5279181
TTLSNLVKSGEVAGLHLYSGGGADGLT	MNHNSSASEGTASSEYTGTSGPYEQY	ATDALMTGF	1	0.49233648	0.47415355	0.5258465
TSINNIRSNEREATDATRDDKII	SGHTAFQGNSAASSLGGAPYNEQF	LLWNGPMAV	1	0.46874866	0.4585346	0.5414654
TSDQSYGQGSYDEQNAMREGRNSSYKLI	SGHTAFQGNSAASSLVGAGNDEQY	ATDALMTGF	1	0.45255226	0.4678308	0.53216916
SSVSVYYLSGSTLVAVTAGDYKLS	GTSNPNSVGIGAWSVRDIGNQPQH	ATDALMTGF	1	0.48528224	0.4646039	0.53539616
TSESDYYQEAYKQQNAYRSLYGGSQGNLI	MGHRAYSYEKLASSQEKNSNQPQH	ATDALMTGF	1	0.44591668	0.45389286	0.5461072
SSVSVYYLSGSTLVAVSEGNYQLI	ENHRYSYGVKDAISDSTIGNTEAF	ATDALMTGF	1	0.46624276	0.45420712	0.54579294
DRGSQSIYSNGDAVGDDKII	ENHRYSYGVKDAISESPSGALGQF	LLWNGPMAV	1	0.51218516	0.47111684	0.5288832
VSGLRGLYSAGEEAVMVNRDDKII	LNHDASQIVNDASSIGQAYYEQY	FEDLRVLSF	1	0.5097632	0.46779948	0.5322005
SVFSSVVTGGEVAGPGTNAGKST	LNHDASQIVNDASSTRSSYEQY	LLWNGPMAV	1	0.5425171	0.4461429	0.5538571
TSESDYYQEAYKQQNAYRSNYGGSQGNLI	MGHRAYSYEKLASSQESGNPNNEQF	ATDALMTGF	1	0.4538401	0.45702562	0.5429744
NSASDYIRSNMDKAESYMGGSSNTGKLI	MNHEYSMNVEVASSSLMGGTDEQF	FEDLRLLSF	1	0.5025565	0.48303333	0.51696664
SSVSVYYLSGSTLVAVVDPSDGYNKLI	SGDLSYYNGEEASSAGGTPDQPQH	LLWNGPMAV	1	0.48139343	0.47177804	0.528222
SVFSSVVTGGEVAGAYLNAGGTSYGKLT	LGHDTYNNKELASSQFPEQY	RLRAEAQVK	1	0.5171346	0.49530917	0.5046908
SVFSSVVTGGEVAGVPYNNNDMR	SGDLSYYNGEEASGTGTPYNEQF	LLWNGPMAV	1	0.50042737	0.47207344	0.5279266
TTLSNLVKSGEVAGSIYNFNKFY	LGHDTYNNKELASSRQVGRGEETQY	HPVTKYIM	1	0.47985888	0.47618	0.52382004
TSESDYYQEAYKQQNAYRSLYSGAGSYQLT	SNHLYFYNNEIARTDRDISTDTQY	ATDALMTGF	1	0.45738444	0.467167	0.532833
DRGSQSIYSNGDATSGTYKYI	LNHNVYYDKDFATSRAGAYEQY	LLWNGPMAV	1	0.5196031	0.4618392	0.53816086
SSYSPSYTSAATLVVVSVGVLYSTLT	SGHATFQNNGVASSSGRTEHNEQF	LLWNGPMAV	1	0.50100416	0.46097884	0.5390212
TSENNYYQEAYKQQNVHRSGTYKYI	GTSNPNSVGIGAWSVLGQNSNQPQH	RLRAEAQVK	1	0.47196245	0.4940724	0.5059276
DRGSQSIYSNGDASGDDKII	MRHNASNTAGTASSAGQGYEQY	LLWNGPMAV	1	0.53015417	0.45983344	0.54016656
DRGSQSIYSNGDAGGASKII	MRHNASNTAGTASSATGTGGYEQY	LLWNGPMAV	1	0.5315108	0.4625778	0.5374222
NIATNDYGYKTKLVGSPFPTSGTYKYI	SGHDYFNNNVPASSVAPGRDGYT	LLWNGPMAV	1	0.5079979	0.46371508	0.536285
DRGSQSIYSNGDAVGASKII	LNHDASQIVNDASSIAPSGVAYEQY	LLWNGPMAV	1	0.54491985	0.4484002	0.5515998
SVFSSVVTGGEVAGAVWNFNKFY	LGHDTYNNKELASSPRGRGEDGYT	HPVTKYIM	1	0.49277815	0.48725277	0.5127472
TSENNYYQEAYKQQNAFEWGNNNNDMR	MNHEYSVGAGIASSYAGAEAF	RLRAEAQVK	1	0.46417955	0.49021873	0.5097813
SSVPPYYTSAATLVAVSEGGNKLV	MDHENSYDVKMASSLSQGALYEQY	ATDALMTGF	1	0.49157473	0.47068226	0.5293178
TSDPSYGQGSYDQQNAMREGRGTGANNLF	SGHRSYFSETQASSLVAEPSLNTEAF	HPVTKYIM	1	0.4588204	0.46831644	0.53168356
SSNFYAMTLNGDEAFTTDSWGKLQ	LGHDTYNNKELASSQGQANEKLF	LLWNGPMAV	1	0.48629737	0.47600266	0.5239973
TSGFNGNVLDGLAVRDLYGSSASKII	MDHENSYDVKMASSLNRPDRASYEQY	ATDALMTGF	1	0.45788226	0.4498224	0.55017763
VSGNPYYITGDNLVAVRDDLWGGATNKLI	LNHDASQIVNDASSYGTGSADTQY	FEDLRVLSF	1	0.5130121	0.4775864	0.5224137
NSASQSVYSSGVVNVGLDDKII	LNHDASQIVNDASRPTGQLYEQY	ATDALMTGF	1	0.5404941	0.46885794	0.53114206
DRGSQSIYSNGDAALDDKII	SGHDNFVKESKASSQEGTPISYEQY	LLWNGPMAV	1	0.5285688	0.4780457	0.5219543
DSAIYNIQSSQREAVISRGSQGNLI	SGHATFQNNGVASSSLGQLDTQY	ATDALMTGF	1	0.46938077	0.46906358	0.5309364
DRGSQSIYSNGDAVTGDKII	WSHSYSAAADIASSGGTSGAYEQY	LLWNGPMAV	1	0.52283865	0.4755078	0.5244922
ATGYPSATKADDKALNDDKII	SGHDYFNNNVPASGTEIFYYEQY	LLWNGPMAV	1	0.49369857	0.44099495	0.5590051
DSAIYNIQSSQREAVPNFGNEKLT	KGHDRSFDVKDATSGLESSYNEQF	ATDALMTGF	1	0.45493403	0.45232287	0.54767716
SIFNTLYKAGELAGQLPPWETSGSRLT	LNHDASQIVNDASSRLQGANSPLH	FEDLRVLSF	1	0.50117797	0.46218097	0.53781897
DRGSQSIYSNGDAKSASKII	MNHNSSASEGTASSEALGSTSYEQY	LLWNGPMAV	1	0.531339	0.46325532	0.53674465
NSASQSVYSSGVVNLLYSSASKII	SGHDYFNNNVPASSLGGPGVYNEQF	ATDALMTGF	1	0.48812398	0.47202486	0.52797514
DRGSQSIYSNGDAVIAINSGYALN	SGDLSYYNGEEASSENTANTGELF	ATDALMTGF	1	0.4862563	0.4614099	0.5385901
SSVPPYYTSAATLVAVSEGSNYQLI	LGHDTYNNKELASSQDSGILQPQH	ATDALMTGF	1	0.4900607	0.46325004	0.53674996
TTSDRLLSNGAVAGFSGGYNKLI	LGHDTYNNKELASSQELRNQPQH	RLRAEAQVK	1	0.50365967	0.48341495	0.516585
DRGSQSIYSNGDAVGDDKII	MNHEYSVGAGIASSYVRASYGYT	LLWNGPMAV	1	0.5132574	0.47093585	0.5290642
NSASQSVYSSGVVLSGGQNFV	SEHNRFQNEAQASSQTSGTGNYEQY	LLWNGPMAV	1	0.5039009	0.45911855	0.5408815
NSASQSVYSSGVVEGDKVI	MGHRAYSYEKLASSHSGYEQF	LLWNGPMAV	1	0.5113343	0.47661737	0.5233826
NYSPAYIRENEKEALDPFTGGGNKLT	DFQATTSNEGSKASASGDRGADTQY	LLWNGPMAV	1	0.4811669	0.45897052	0.54102945
DRGSQSIYSNGDAVSTDKLI	MNHEYSMNVEVASSLKLAGTDTQY	LLWNGPMAV	1	0.51646316	0.47730014	0.5226999
DRGSQSIYSNGDAVNPDGKLI	DFQATTSNEGSKASVPSRGYAGELF	LLWNGPMAV	1	0.5244313	0.45430037	0.5456996
NSAFQYTYSSGNAMKGPYNFNKFY	LNHDASQIVNDASSIGTGGNYGYT	FEDLRVLSF	1	0.50070465	0.47502345	0.52497655
DSAIYNIQSSQREAAPLEYGNKLV	MNHEYSMNVEVASGRLVTGGGTGANVLT	FEDLRVLSF	1	0.48539937	0.49244246	0.5075576
DRGSQSIYSNGDAVGAQKLV	ENHRYSYGVKDAISEVLTGAYGYT	LLWNGPMAV	1	0.5194611	0.47365183	0.5263482
TRDTTYYRNSFDEQNALSNAKTSYDKVI	DFQATTSNEGSKASARPGQFYSNQPQH	FEDLRLLSF	1	0.4596011	0.4682241	0.53177595
SIFNTLYKAGELAGLDDSWGKLQ	SEHNRFQNEAQASSSLDSYNEQF	ATDALMTGF	1	0.48009568	0.46196523	0.5380348
DRGSQSIYSNGDAVNDYKLS	LGHNAYSLEERASSPNSAGGTEAF	LLWNGPMAV	1	0.5154868	0.47889444	0.5211055
NSASDYIRSNMDKAENRLGTALI	MNHEYSMNVEVASSSTGREAF	FEDLRVLSF	1	0.4951218	0.47557056	0.52442944
VSPFSNMTFSENTVVSGSYIPT	SGHTAFQGNSAASSPTGPAYEQY	LLWNGPMAV	1	0.49949315	0.47181323	0.5281868
YGGTVNYFSGDPLVAVIAMNRDDKII	MNHEYSVGEGTASRPGPATSADYTDTQY	HPVTKYIM	1	0.47379678	0.46097004	0.53903
SVFSSVVTGGEVAGVQEYGNKLV	SGDLSYYNGEEASSPGGVSYNEQF	LLWNGPMAV	1	0.49572068	0.4706391	0.5293609
DRGSQSIYSNGDAVGDDKII	SGDLSYYNGEEASSSRTGDTQY	LLWNGPMAV	1	0.51912403	0.47036323	0.52963674
DRGSQSIYSNGDAVSPHKVI	KGHSHLQKENIASSSGTVSYEQY	LLWNGPMAV	1	0.5151977	0.46750936	0.5324906
NSAFQYTYSSGNAMSPSFMANDMR	SGDLSYYNGEEASSEGTGGLNAF	FEDLRVLSF	1	0.48793745	0.4847565	0.51524353
TSINNIRSNEREATDVGASGNTGKLI	DFQATTSNEGSKASASTPGLAGASTDTQY	RLRAEAQVK	1	0.4885642	0.47934484	0.5206552
VSGNPYYITGDNLVAVRDGGVLRTDKLI	LNHDASQIVNDASSISSGRTYEQY	FEDLRVLSF	1	0.51203847	0.47918352	0.5208165
DRGSQSIYSNGDAVTGDQFY	MNHEYSMNVEVASSPGHAYEQY	LLWNGPMAV	1	0.5148154	0.48184618	0.5181538
SSVSVYYLSGSTLVAVTEGGFKTI	LNHDASQIVNDASSMGSIGNQPQH	ATDALMTGF	1	0.5340689	0.46654922	0.5334507
SVFSSVVTGGEVAGSKYNFNKFY	LGHDTYNNKELASSQDQRGEKLF	HPVTKYIM	1	0.4888359	0.4936269	0.5063731
DRGSQSIYSNGDALAPDKLI	SGHDYFNNNVPASSSQGLSTEAF	LLWNGPMAV	1	0.52165383	0.46852887	0.5314712
VSGLRGLYSAGEEAVQADYGGATNKLI	MNHEYSMNVEVASSLASGGALYNEQF	LLWNGPMAV	1	0.48601618	0.46802312	0.5319769
DRGSQSIYSNGDAGANEKLT	DFQATTSNEGSKASAPTSGGPNEQF	LLWNGPMAV	1	0.5233844	0.46687976	0.5331202
NSAFQYTYSSGNAMSERDGNQFY	ENHRYSYGVKDAISDLAGEPKTQETQY	LLWNGPMAV	1	0.4930656	0.46568304	0.53431696
DSAIYNIQSSQREAVCEEGSQGNLI	SEHNRFQNEAQASSLEGQLYEQY	ATDALMTGF	1	0.4764065	0.46703726	0.5329627
VGISALSSGKAASQETSGSRLT	SGHVSFNYEAQASSFGIPYEQY	LLWNGPMAV	1	0.48426697	0.4566296	0.54337037
DSAIYNIQSSQREAVSPVNQAGTALI	LNHDASQIVNDASSLGRGVQF	FEDLRLLSF	1	0.49983674	0.47813433	0.52186567
NSASQSVYSSGVVSITDKLI	LNHNVYYDKDFATSGGPAYEQY	LLWNGPMAV	1	0.5085366	0.463821	0.536179
DSAIYNIQSSQREAVRNTGGFKTI	SGHATFQNNGVASSLSGQLDTQY	ATDALMTGF	1	0.47647655	0.471921	0.52807903
TSESDYYQEAYKQQNAYRSLYGGATNKLI	MGHRAYSYEKLASSQEYNSNQPQH	ATDALMTGF	1	0.44018143	0.4446524	0.55534756
TTLSNLVKSGEVAGYMDTGRRALT	LNHNVYYDKDFATSSASSYEQY	LLWNGPMAV	1	0.48772287	0.44740042	0.55259955
TSINNIRSNEREATDDQGAQKLV	SGDLSYYNGEEASSVGGVPYNEQF	LLWNGPMAV	1	0.4711632	0.4511987	0.5488013
TISGNEYGLKNNIVSPEYGNKLV	SGDLSYYNGEEASSPGLAYEQY	LLWNGPMAV	1	0.5154992	0.465297	0.53470296
VSPFSNMTFSENTVVSAESGYSTLT	SGHVSFQNEAQASSQLGNEQF	LLWNGPMAV	1	0.48244417	0.4584344	0.5415656
SSNFYAMTLNGDEAFTSNTGKLI	SGHRSYFSETQASRGDTFYEQY	ATDALMTGF	1	0.47698623	0.46356332	0.5364367
DRGSQSIYSNGDAHRGSQGNLI	SGHNTYENEEAASSPLTGESMSEKLF	ATDALMTGF	1	0.5145179	0.46629047	0.5337095
SSVPPYYTSAATLVAVTKGLTGGGNKLT	LNHDASQIVNDASSGRDRQNTEAF	LLWNGPMAV	1	0.54036474	0.45246536	0.5475347
DRGSQSIYSNGDAVTTDKLI	SGDLSYYNGEEASSVAGGAYEQY	LLWNGPMAV	1	0.5212082	0.4734912	0.5265088
TISGTDYGLTSNILNSNSGYALN	LGHNAYSLEERASSPVSVLSNTGELF	RLRAEAQVK	1	0.50592685	0.49214974	0.5078503
NSASQSVYSSGVVHQWGNLI	SQVTMANQGSEASVVLVDRGADTQY	LLWNGPMAV	1	0.5167417	0.4819434	0.51805663
DSAIYNIQSSQREAVSNGGSQGNLI	SEHNRFQNEAQASNLIGQLNEQY	ATDALMTGF	1	0.49104372	0.47826827	0.52173173
TSDPSYGQGSYDQQNAMRERTGNQFY	SGHNSFNNNVPASSLGLAGALTGELF	HPVTKYIM	1	0.4404115	0.4798891	0.52011085
SVFSSVVTGGEVAGAPNTGNQFY	LGHNAYSLEERASSPGQGPYEQY	LLWNGPMAV	1	0.49939632	0.469022	0.53097796
SSVPPYYTSAATLVAVTPGDYKLS	LNHDASQIVNDASSIRDSGNQPQH	ATDALMTGF	1	0.5044334	0.4844829	0.51551706
SSVPPYYTSAATLVAVTGGDYKLS	ENHRYSYGVKDAISESSSGNNEQF	ATDALMTGF	1	0.48432836	0.4727178	0.5272822
KALYSLLKGGEQGTVTNAGGTSYGKLT	MNHEYSMNVEVASSLGGFSYNEQF	RLRAEAQVK	1	0.49915153	0.4986396	0.50136036
DRGSQSIYSNGDAVNWEEQGGSYIPT	DFQATTSNEGSKASAPARSEPYEQY	RLRAEAQVK	1	0.5104699	0.48739532	0.5126047
DRGSQSIYSNGDAVSGDKII	MNHEYSVGAGIASSSGSPGSYGYT	LLWNGPMAV	1	0.5110915	0.47640577	0.52359426
TRDTTYYRNSFDEQNALSAGGLDQAGTALI	LNHDASQIVNDASSMGRDGYT	FEDLRLLSF	1	0.49604154	0.47334623	0.52665377
DSVNNIPSGTAVDEIKAAGNKLT	SGHNTYYREEEASSLGAYNSPLH	LLWNGPMAV	1	0.4872454	0.4550022	0.54499775
NSASQSVYSSGVVIHDKII	SGDLSYYNGEEASSPGTAYEQY	LLWNGPMAV	1	0.5101286	0.4732152	0.5267848
NSASQSVYSSGVVNTRHNNNDMR	SGHDYFNNNVPASSFIAPPSDTQY	RLRAEAQVK	1	0.4984464	0.48815155	0.5118485
DRGSQSIYSNGDAVSGTYKYI	LGHNAYSLEERASSQGTSGNEQF	LLWNGPMAV	1	0.5147904	0.47331077	0.52668923
DRGSQSIYSNGDAGNDYKLS	LNHNVYYDKDFATSGGGAYEQY	LLWNGPMAV	1	0.5249722	0.4604518	0.53954816
TSENNYYQEAYKQQNAFMILYTGANSKLT	MGHRAYSYEKLASSQASGTSVEDTGELF	RLRAEAQVK	1	0.4835161	0.4926688	0.5073312
SVFSSVVTGGEVAGQAPSGSARQLT	PRHDTFYEKMQASSPRDLNTEAF	RLRAEAQVK	1	0.51516426	0.4948896	0.5051104
VSGNPYYITGDNLVALWGFQKLV	PRHDTFYEKMQASSPAGQGAGTGELF	LLWNGPMAV	1	0.50634545	0.46660954	0.53339046
NSASQSVYSSGVVFNFNKFY	KGHSHLQKENIASSPDGGHSTDTQY	LLWNGPMAV	1	0.49997878	0.46034634	0.5396537
DRGSQSIYSNGDAGADDKII	SGHATFQNNGVASAPGGGYEQY	LLWNGPMAV	1	0.5244025	0.47021055	0.52978945
DSAIYNIQSSQREAVMIYNQGGKLI	LNHDASQIVNDASKGDSPHQPQH	FEDLRLLSF	1	0.49746895	0.4766529	0.52334714
NSMFDYISSIKDKAAVPIQGAQKLV	SGHDYFNNNVPASGTWGARQPQH	LLWNGPMAV	1	0.46313992	0.4597171	0.54028296
TSINNIRSNEREATDAQTGANNLF	MNHEYSMNVEVASSLYPLGFGYT	LLWNGPMAV	1	0.48415104	0.4747986	0.5252014
SSVPPYYTSAATLVAVSAGDYKLS	KGHDRSFDVKDATSDSVAGNQPQH	ATDALMTGF	1	0.48035768	0.4743798	0.52562016
VSGLRGLYSAGEEAVQAMGDKII	SGHATFQNNGVASSLLAGYNEQF	FEDLRLLSF	1	0.4814661	0.47395816	0.5260418
DRGSQSIYSNGDAGPYNYGQNFV	MNHEYSVGAGIASSGQGAYGYT	LLWNGPMAV	1	0.5188067	0.47136226	0.5286377
DRGSQSIYSNGDAVGGGKLI	MNHEYSVGAGIASSTGATGSNNEQF	LLWNGPMAV	1	0.5292603	0.47776473	0.5222353
NSASQSVYSSGVVTDDKII	MNHEYSVGEGTASNGGLAYEQY	LLWNGPMAV	1	0.5058343	0.48027915	0.5197209
TSGFYGNALDGLAPRGNARLM	MNHNYSVGAGIASSYGGRGDEQF	HPVTKYIM	1	0.48268002	0.47695008	0.5230499
TRDTTYYRNSFDEQNALSVIKAAGNKLT	MNHNYSVGAGIASRTGLASTDTQY	RLRAEAQVK	1	0.47033346	0.48581606	0.5141839
DRGSQSIYSNGDAVTGNQFY	SGDLSYYNGEEASSGDAAGAYGYT	LLWNGPMAV	1	0.51385605	0.4658506	0.5341494
DRGSQSIYSNGDAPSGGKLI	DFQATTSNEGSKASASGDRGADTQY	LLWNGPMAV	1	0.48639908	0.4653256	0.5346744
VSPFSNMTFSENTVVSPSGNTPLV	SGHVSFQNEAQARTIADQPQH	ATDALMTGF	1	0.4751211	0.46409076	0.53590924
DRGSQSIYSNGDAVNDDKII	LNHNVYYDKDFATGRDRAYEQY	LLWNGPMAV	1	0.5210833	0.4601449	0.53985506
DSAIYNIQSSQREAVAGGTSYGKLT	LGHNAYNFKEQASSQEYGGAYEQY	ATDALMTGF	1	0.47332513	0.47074065	0.5292594
DSASNYIRSNVGEAASKVTGGGNKLT	SGHVSFNYEAQASSVADRGDEQF	HPVTKYIM	1	0.49727708	0.47125205	0.528748
NSMFDYISSIKDKAASGGSYIPT	MNHEYSVGAGIASSSGPAYEQY	LLWNGPMAV	1	0.45847234	0.47124705	0.528753
SSVPPYYTSAATLVAVSTDSGSARQLT	LGHNAYNFKEQASSPGLGTYEQY	LLWNGPMAV	1	0.49180213	0.46535042	0.53464955
VSPFSNMTFSENTVVSSVRGSYIPT	SGDLSYYNGEEASSVDGGGGGYNEQF	LLWNGPMAV	1	0.48984963	0.47355035	0.5264497
NSAFQYTYSSGNAMWGAQKLV	MDHENSYDVKMASSFVKLADSSYNEQF	ATDALMTGF	1	0.48370326	0.46553585	0.5344641
TSINNIRSNEREATDSLSYNTDKLI	SGDLSYYNGEEASSAYNEQF	LLWNGPMAV	1	0.46473336	0.4614787	0.53852123
DSAIYNIQSSQREAVNGYKLS	SGHTAFQGTGAASSLMAPERYNEQF	HPVTKYIM	1	0.46956092	0.47326916	0.52673084
VSGNPYYITGDNLVAVRDSASGNTGKLI	LNHDASQIVNDASSWGTGGNQPQH	FEDLRLLSF	1	0.5146611	0.47095641	0.52904356
DRGSQSIYSNGDAVNADGQKLL	SGHTAFQGNSAASSHGQGAYEQY	LLWNGPMAV	1	0.5179208	0.4678202	0.53217983
TSDPSYGQGSYDQQNAMREIIAQKLV	MDHENSYDVKMASSLELAGGRETQY	ATDALMTGF	0	0.44504836	0.46861452	0.5313855
NTAFDYIRPDVSEAASKRVTGNQFY	SGHATFQNNGVASSRWGVEQY	HPVTKYIM	0	0.47811368	0.47562712	0.5243729
NSASQSVYSSGVVNSMNSGYSTLT	SGHKSYYEKEEASSLSQGFYEQY	FEDLRLLSF	0	0.5011041	0.46749362	0.53250635
NSMFDYISSIKDKAGSSNFGNEKLT	SGHATFQNNGVASSLAEQF	HPVTKYIM	0	0.46322873	0.46625313	0.53374684
KALYSLLKGGEQGTEYESGDYKLS	SGHVSFQNEAQASERAGGLNTEAF	FEDLRVLSF	0	0.47797474	0.47946447	0.5205355
TSINNIRSNEREATVPNNAGNMLT	SGHVSFNYEAQASSLVAGQLNTEAF	FEDLRVLSF	0	0.49161288	0.4781948	0.52180517
TSGFNGNVLDGLAEMDSNYQLI	MRHNASNTAGTASSDGGGSDTQY	LLWNGPMAV	0	0.46235445	0.4583248	0.5416752
TSGFNGNVLDGLAVRDRDYKLS	MRHNASNTAGTASSRGQEGDTQY	HPVTKYIM	0	0.46420902	0.46178925	0.5382107
TRDTTYYRNSFDEQNALSEAIYNTDKLI	KGHDRSFDVKDATRAGQGYNEQF	ATDALMTGF	0	0.46089122	0.4544402	0.54555976
NSMFDYISSIKDKAASAMNRDDKII	LNHDASQIVNDASSIGTSLGETQY	ATDALMTGF	0	0.5219635	0.48067394	0.51932603
NSASDYIRSNMDKAEVGAAGNKLT	SGHTAFQGTGAASSLDGDGYT	FEDLRLLSF	0	0.48990327	0.47122172	0.5287783
DSSSTYIFSNMDMAESWGNKLI	DFQATTSNEGSKASARDLGEFAGGPTDTQY	LLWNGPMAV	0	0.5095482	0.4749933	0.5250067
TSINNIRSNEREATRVNYGGSQGNLI	SGDLSYYNGEEASSVGFSGGSYEQY	LLWNGPMAV	0	0.49004993	0.46261302	0.53738695
DSSSTYIFSNMDMAESAPTGRRALT	MGHDKSYGVNSATLSGGTDTQY	LLWNGPMAV	0	0.51406175	0.4745413	0.52545863
YSGSPEHISRALSDRRNSGYALN	SGDLSYYNGEEASSGGVGEQY	LLWNGPMAV	0	0.4682842	0.4615131	0.5384869
TSDPSYGQGSYDQQNAMRVYGQNFV	SGHDTYYEEEEASSVGQGWGTQY	ATDALMTGF	0	0.4530684	0.46625152	0.5337485
TSGFNGNVLDGLAVRDSGNARLM	SGHTAFQGNSAASSLGSYEQY	HPVTKYIM	0	0.44852918	0.47596237	0.52403766
DSVNNIPSGTAVEQTGANNLF	DFQATTSNEGSKASARRRGRYEQY	LLWNGPMAV	0	0.48858786	0.46163878	0.53836125
DSASNYIRSNVGEAASSTGNQFY	MNHEYSMNVEVASSLWGGYGYT	LLWNGPMAV	0	0.49431315	0.4805902	0.5194098
DRGSQSIYSNGDALRPGGKLI	SNHLYFYNNEIASGTGTGAAEQY	ATDALMTGF	0	0.5098995	0.46746317	0.53253686
TRDTTYYRNSFDEQNALSELESWGKLQ	MNHNYSVGAGIASMDSLTDYEQY	LLWNGPMAV	0	0.45623475	0.4598895	0.5401105
DRGSQSIYSNGDAVTPYSSASKII	SNHLYFYNNEIASSEWTGSGQPQH	LLWNGPMAV	0	0.51639223	0.47569618	0.5243038
TSGFNGNVLDGLAVLDSNYQLI	MDHENSYDVKMASSHIAGSSYEQY	ATDALMTGF	0	0.44116122	0.44633156	0.55366844
YGATPYYFSGDTLVAVGGRRDDKII	SGHATFQNNGVASSLIRESGTEAF	FEDLRVLSF	0	0.4975085	0.48009866	0.51990134
TSESDYYQEAYKQQNAVPTDDKLI	MDHENSYDVKMASSNPLGFTGELF	LLWNGPMAV	0	0.468699	0.45755675	0.5424432
DSAIYNIQSSQREAVIGSGGSNYKLT	MGHRAYSYEKLASSSTEGQGLSEAF	LLWNGPMAV	0	0.48385373	0.47245198	0.527548
NSASQSVYSSGVVPSYNFNKFY	SGDLSYYNGEEASSVEPIDEQY	LLWNGPMAV	0	0.50986475	0.46337694	0.536623
DSSSTYIFSNMDMAENYGGSQGNLI	SGDLSYYNGEEASSVGGGGNQPQH	LLWNGPMAV	0	0.504492	0.47030264	0.52969736
TTLSNLVKSGEVAGRDYGQNFV	MGHRAYSYEKLASSQEGLAGVDEQF	HPVTKYIM	0	0.4827149	0.47702104	0.52297896
TSINNIRSNEREVHIPYGQNFV	SGHATFQNNGVASSLGDRDRNTEAF	FEDLRLLSF	0	0.4714762	0.48819882	0.5118012
VSGLRGLYSAGEEAVQEGFDNARLM	LNHDASQIVNDASSIGLFGNEQF	LLWNGPMAV	0	0.51933473	0.4409866	0.5590134
NIATNDYGYKTKVDGKASGTYKYI	LGHNAYNFKEQASSQEGASTGELF	HPVTKYIM	0	0.4901156	0.4747417	0.5252583
TSGFNGNVLDGLAVSLYSGAGSYQLT	SGHTAFQGNSAASSSIMNTEAF	ATDALMTGF	0	0.47259295	0.45973003	0.54027
TSESDYYQEAYKQQNAYRSAPNTGNQFY	LNHNVYYDKDFATSRDLGREETQY	LLWNGPMAV	0	0.4657354	0.44952047	0.55047953
NTAFDYIRPDVSEAADNPDQTGANNLF	SGDLSYYNGEEASSVAGALTGELF	FEDLRVLSF	0	0.48350787	0.48101592	0.5189841
SIFNTLYKAGELAGLYSGGGADGLT	KGHDRSFDVKDATSVGFSTQY	LLWNGPMAV	0	0.49610242	0.4618753	0.53812474
YGATPYYFSGDTLVAVASNTGNQFY	MNHEYSVGAGIASSYSSTGVNSPLH	LLWNGPMAV	0	0.49690247	0.47530663	0.52469337
TSDPSYGQGSYDQQNAMREAYRTQGGSEKLV	MNHEYSMNVEVASSLAGLHYGYT	LLWNGPMAV	0	0.4553109	0.4752501	0.52474993
TSENNYYQEAYKQQNAFIATNAGKST	DFQATTSNEGSKASAGISGSYEQY	LLWNGPMAV	0	0.45065978	0.461562	0.53843796
TISGTDYGLTSNILNAMEYGNKLV	SGHNTYYREEEASSFLGAEYGYT	ATDALMTGF	0	0.4814834	0.45996642	0.54003364
TRDTTYYRNSFDEQNALSENAGNTPLV	LGHNAYNFKEQASSQDPSGSVTDTQY	LLWNGPMAV	0	0.46659556	0.461255	0.53874505
TSDPSYGQGSYDQQNAMSVYGNKLV	LGHNAYSLEERASSQETARDLAGGTETQY	LLWNGPMAV	0	0.47400165	0.46016958	0.5398304
SSVPPYYTSAATLVAVSSSGTYKYI	MNHEYSMNVEVASSLDTVPYNEQF	LLWNGPMAV	0	0.49239156	0.47057983	0.5294202
TSESDYYQEAYKQQNAYMGVDSNYQLI	LGHDTYNNKELASSTRLVLGEQY	LLWNGPMAV	0	0.46484223	0.45391974	0.54608023
NIATNDYGYKTKLVGDSGAGSYQLT	SGDLSYYNGEEASKLLSGASTDTQY	RLRAEAQVK	0	0.4969409	0.48713985	0.5128602
TTLSNLVKSGEVAGPETNAGKST	PRHDTFYEKMQASSLEGGPNLAF	LLWNGPMAV	0	0.49606475	0.4634684	0.53653157
ATGYPSATKADDKALSGGTSYGKLT	SGHATFQNNGVASSTRRGLLRATNEKLF	RLRAEAQVK	0	0.5006062	0.49539226	0.50460774
TSGFNGNVLDGLAVKDSNYQLI	MRHNASNTAGTASSEAGGTDTQY	RLRAEAQVK	0	0.45380583	0.4811479	0.5188521
VSGNPYYITGDNLVAVRGLYSGAGSYQLT	SEHNRFQNEAQASSFEDREIGGELF	LLWNGPMAV	0	0.51360804	0.4740471	0.5259529
NSMFDYISSIKDKAASYYGGATNKLI	SNHLYFYNNEIASSEGAGGFTDTQY	RLRAEAQVK	0	0.4695237	0.48571262	0.51428735
DSASNYIRSNVGEAAHNAGNMLT	LGHNTFRNRAPASGSGLTPYNEQF	FEDLRLLSF	0	0.4865578	0.47325364	0.5267464
VSGLRGLYSAGEEAVRRGGNTGFQKLV	SGHNTYYREEEASSFEGFRAEAF	RLRAEAQVK	0	0.48751158	0.49307552	0.50692445
TSGFNGNVLDGLAGLDSNYQLI	DFQATTSNEGSKASARALSGDNSPLH	LLWNGPMAV	0	0.45139417	0.43994862	0.5600514
DSASNYIRSNVGEAASSWGKLQ	SEHNRFQNEAQASSLAKTGALSGANVLT	FEDLRVLSF	0	0.48869148	0.47324014	0.52675986
NSASDYIRSNMDKAETNAGNMLT	SGHDYFNNNVPASSLTQGARRVGYT	HPVTKYIM	0	0.49587283	0.479179	0.52082103
YSGSPEHISRAPHYGGSQGNLI	SEHNRFQNEAQASSSFRDRGGDEQF	LLWNGPMAV	0	0.49145833	0.47739097	0.522609
YSGSPEHISRALMARSGGSNYKLT	LGHNAYNFKEQASSPSSTGSYGYT	RLRAEAQVK	0	0.4875787	0.48816398	0.51183605
TSGFNGNVLDGLAVRDGTSGTYKYI	SGHRSYFSETQASSLAGELF	LLWNGPMAV	0	0.4748651	0.46585628	0.53414375
TSGFNGNVLDGLAVRDNYGQNFV	MNHEYSVGAGIASSYSSGGDPTGQF	LLWNGPMAV	0	0.465602	0.4661768	0.5338232
SVFSSVVTGGEVAGLQGDKII	LNHDASQIVNDASSIPSAHYNEQF	LLWNGPMAV	0	0.53543264	0.45691636	0.54308367
VGISALSSGKAVESNFGNEKLT	SGHDNFVKESKASSLRDFGNTIY	RLRAEAQVK	0	0.48839164	0.49102697	0.50897306
NTAFDYIRPDVSEYQKGGATNKLI	SEHNRFQNEAQASSLKARTGIVNEQF	ATDALMTGF	0	0.48099524	0.4623093	0.5376907
TSENNYYQEAYKQQNAFISGGSNYKLT	KGHDRSFDVKDATSTTGSYNEQF	ATDALMTGF	0	0.44403464	0.45237076	0.54762924
DSASNYIRSNVGEAASTGGFKTI	LGHNAYNFKEQASSQDLYSGAYNEQF	ATDALMTGF	0	0.49324942	0.4817774	0.5182226
ATGYPSATKADDKALYGNNRLA	DFQATTSNEGSKASARDWGSYSYEQY	HPVTKYIM	0	0.48713875	0.48109984	0.51890016
YGATPYYFSGDTLVAANSMIKAAGNKLT	SGHNSFNNNVPASSPTRGKDEQF	LLWNGPMAV	0	0.4979486	0.45645955	0.5435405
SVFSSVVTGGEVAGEGPNFGNEKLT	ENHRYSYGVKDAISDRQGVNGYT	LLWNGPMAV	0	0.5092896	0.47120857	0.5287914
TSESDYYQEAYKQQNAPGGGTSYGKLT	SEHNRFQNEAQASSEGSEQY	ATDALMTGF	0	0.4525037	0.45192748	0.5480725
TTLSNLVKSGEVAGQEEYGNKLV	MRHNASNTAGTASSDAAGSYNEQF	HPVTKYIM	0	0.49259263	0.4794544	0.5205456
VSPFSNMTFSENTVVSAPNDYKLS	SGHKSYYEKEEASSLILAGEFNEQF	LLWNGPMAV	0	0.4924345	0.46904162	0.5309584
KTLYGLQKGGEEGADGAGGYNKLI	MGHRAYSYEKLASSQLTSGRTNTGELF	LLWNGPMAV	0	0.4933007	0.46701768	0.53298235
DSSSTYIFSNMDMAESPLVSSYKLI	SGHDTYYEEEEASSWDRVDNYGYT	LLWNGPMAV	0	0.5016047	0.47147623	0.5285238
TSESDYYQEAYKQQNAYGSSNTGKLI	MNHEYSVGEGTASSSTGASQPQH	HPVTKYIM	0	0.44962054	0.4705851	0.5294149
TSGFNGNVLDGLAVRDGDYKLS	MNHNSSASEGTASSEVLAGGPDTQY	ATDALMTGF	0	0.47175404	0.45650977	0.54349023
TSINNIRSNEREATVAQGGSEKLV	SGHATFQNNGVASSLRAYPYEQY	RLRAEAQVK	0	0.47962397	0.48632896	0.51367104
NSMFDYISSIKDKAASATGSQGNLI	MDHENSYDVKMASSLFQGSVGYT	RLRAEAQVK	0	0.48089075	0.49387726	0.50612277
TSINNIRSNEREALPYGQNFV	MGHRAYSYEKLASSQVQGGGTRQF	RLRAEAQVK	0	0.47452304	0.49229458	0.50770545
TSGFNGNVLDGLAAMDSNYQLI	MRHNASNTAGTASSVQEGVGEQF	LLWNGPMAV	0	0.47225878	0.4588231	0.54117686
TISGNEYGLKNNIVRVGWSGTYKYI	SGHATFQDESVASSLLFRGTYQETQY	FEDLRVLSF	0	0.49669504	0.4604101	0.5395899
VTNFRSLTSSGIEAVVRDYGGSQGNLI	SGDLSYYNGEEASSVVSGKTQY	RLRAEAQVK	0	0.49484077	0.481494	0.518506
NSMFDYISSIKDKAASRNTDKLI	MNHEYSMNVEVASSFDKMYQQF	LLWNGPMAV	0	0.4624254	0.4745822	0.5254178
DSASNYIRSNVGEAASGGGADGLT	MNHEYSVGAGIASSYSDRSTYEQY	LLWNGPMAV	0	0.49999046	0.47316557	0.5268344
ATGYPSATKADDKALSDRYNNNDMR	SGHVSFNYEAQASSPGLGDEQF	RLRAEAQVK	0	0.4759947	0.48380324	0.5161967
TRDTTYYRNSFDEQNALSEEEYSSASKII	MNHNYSVGAGIASSYYPGREGTEAF	HPVTKYIM	0	0.45911953	0.4849251	0.5150749
DRGSQSIYSNGDAVSFTGGGNKLT	GTSNPNSVGIGAWSWGRTEAF	HPVTKYIM	0	0.503267	0.47567713	0.52432287
NSASQSVYSSGVVNSEDSSYKLI	SGHNTYENEEAASSLGGTGELF	LLWNGPMAV	0	0.51632535	0.4688017	0.53119826
DSASNYIRSNVGEAAPDAGGTSYGKLT	SGHVSFNYEAQASSASSLNEQY	LLWNGPMAV	0	0.49558765	0.4623691	0.5376309
TSINNIRSNEREATDDRGFQKLV	MNHEYSVGEGTASTGGNPYNEQF	HPVTKYIM	0	0.46205986	0.48440793	0.5155921
NSMFDYISSIKDKAASAWGGSEKLV	MNHEYSVGEGTASTRGLADQETQY	LLWNGPMAV	0	0.4669098	0.47002506	0.5299749
TSGFNGNVLDGLAVKDSNYQLI	MRHNASNTAGTASSDTGSSADTQY	LLWNGPMAV	0	0.46292385	0.45284194	0.54715806
DSASNYIRSNVGEAASMDSSYKLI	SGHDTYYEEEEASSLGTYSNQPQH	HPVTKYIM	0	0.48862356	0.47032362	0.5296764
TSENNYYQEAYKQQNAFMNSRDFGNEKLT	SGHTAFQGNSAASSLGTRVSRIEAF	FEDLRLLSF	0	0.45376506	0.48927465	0.5107254
DSASNYIRSNVGEAASTSGGYQKVT	MNHEYSMNVEVASSLDSYNEQF	LLWNGPMAV	0	0.49186385	0.4684225	0.53157747
YSGSPEHISRALLLTSNDYKLS	MNHEYSMNVEVASSDRGPHQPQH	RLRAEAQVK	0	0.48435712	0.48912823	0.5108718
YGGTVNYFSGDPLVAVNSYNTDKLI	DFQATTSNEGSKASARDKGMNTEAF	LLWNGPMAV	0	0.4677724	0.44371247	0.5562875
TRDTTYYRNSFDEQNALGVSAGNNRKLI	MNHNSSASEGTASSGYVEKLF	RLRAEAQVK	0	0.47926697	0.4898113	0.5101887
DSAIYNIQSSQREAVKEWADDMR	DFQATTSNEGSKASARDERGNQPQH	LLWNGPMAV	0	0.45050418	0.46019405	0.53980595
TSDPSYGQGSYDQQNAMRVFNRDDKII	DFQATTSNEGSKASAPSPRGAIYPEQY	ATDALMTGF	0	0.445724	0.4473199	0.5526801
VTNFRSLTSSGIEGTWDSNYQLI	SGHRSYFSETQASRQEMGANYGYT	LLWNGPMAV	0	0.4734932	0.47057638	0.5294236
TRDTTYYRNSFDEQNALSSPINNTGKLI	SGHKSYYEKEEASSRTVSREQY	ATDALMTGF	0	0.45282614	0.4501599	0.5498401
TSGFNGNVLDGLAVKDSNYQLI	MNHEYSVGEGTASSYSGGADTQY	LLWNGPMAV	0	0.45834348	0.45339975	0.5466003
TRDTTYYRNSFDEQNALSEARTSGTYKYI	MNHNYSVGAGIASSWVYNEQF	ATDALMTGF	0	0.47267598	0.46921033	0.5307897
DSAIYNIQSSQREAVNQAGTALI	SGHDNFVKESKASSQVIGISGNTIY	ATDALMTGF	0	0.49192494	0.48288524	0.5171147
TSDPSYGQGSYDQQNAMGTAGKST	SQVTMANQGSEASVEGGSRPYNEQF	HPVTKYIM	0	0.43961912	0.47502202	0.52497804
NSASQSVYSSGVVGPFGNVLH	SGDLSYYNGEEASSVSPTAGDNTGELF	LLWNGPMAV	0	0.52823	0.45823961	0.5417604
NSASDYIRSNMDKAEAYNQGGKLI	LGHDTYNNKELASSPGTSLGETQY	LLWNGPMAV	0	0.49542847	0.45736873	0.5426313
TSGFNGNVLDGLAVMDSNYQLI	MRHNASNTAGTASSIGTGHATDTQY	LLWNGPMAV	0	0.46461895	0.44806558	0.5519344
DSAIYNIQSSQREAVVYGGSQGNLI	MNHEYSVGAGIASSYSPGAGETQY	ATDALMTGF	0	0.47156003	0.4753819	0.5246181
TSGFYGNALDGLAVRGDSSYKLI	MNHEYSMNVEVASSLYTSGSLSNEQF	LLWNGPMAV	0	0.47998953	0.47327414	0.5267258
YGGTVNYFSGDPLVAVIVGDTGRRALT	LNHDASQIVNDASSPGFSSYNEQF	LLWNGPMAV	0	0.53044546	0.44518983	0.55481017
VSNAYNGSKPAVEAHSGNTPLV	LNHDASQIVNDASSIPQGFQPQH	LLWNGPMAV	0	0.5235148	0.44049546	0.55950457
NSASDYIRSNMDKAENIGNTGNQFY	SGHTAFQGNSAASSLALARELF	FEDLRLLSF	0	0.49637872	0.47741756	0.5225824
DSSSTYIFSNMDMAEGLGSQGNLI	LNHNVYYDKDFATSRDSAGRLNSPLH	FEDLRLLSF	0	0.50184673	0.47325602	0.526744
DSASNYIRSNVGEAASLPGNQFY	SEHNRFQNEAQASSPQGAAPLH	ATDALMTGF	0	0.47010857	0.4696396	0.53036034
NSASDYIRSNMDKAEKGLYNFNKFY	MNHNSSASEGTASSEDASYEQY	LLWNGPMAV	0	0.48690557	0.46322292	0.5367771
TSINNIRSNEREATDKGGGSYIPT	LGHNAYSLEERASSLLAMRNEQF	ATDALMTGF	0	0.48123333	0.46261007	0.53739
DSAIYNIQSSQREAVPTYSGAGSYQLT	MNHEYSMNVEVASSLPPGTGLETQY	LLWNGPMAV	0	0.48037863	0.47000283	0.52999717
DSAIYNIQSSQREAVINNAGNMLT	MNHEYSMNVEVASSLGPKQY	LLWNGPMAV	0	0.48037186	0.4623773	0.53762275
NSAFQYTYSSGNAMSAPAAGNKLT	SGHRSYFSETQASSLSGGAVGYT	ATDALMTGF	0	0.47513863	0.4644768	0.53552324
NSMFDYISSIKDKAAGFGGNQFY	PRHDTFYEKMQASSSSLVRTGELF	LLWNGPMAV	0	0.48107225	0.45408955	0.5459104
NSMFDYISSIKDKAARAGNNRKLI	PRHDTFYEKMQASSSELQGKETQY	ATDALMTGF	0	0.45408076	0.46005616	0.5399438
TTSDRLLSNGAVAVDPPRLNNAGNMLT	MDHENSYDVKMASSLDNQYYNEQF	LLWNGPMAV	0	0.50478035	0.45322824	0.5467717
VSNAYNGSKPAVEDLYNQGGKLI	LNHDASQIVNDASSITSGGEQY	ATDALMTGF	0	0.5309668	0.48189107	0.51810896
TSESDYYQEAYKQQNAYLEAGNMLT	LNHDASQIVNDASSTGTGSYEQY	FEDLRLLSF	0	0.48560315	0.48111403	0.518886
VTNFRSLTSSGIEAVDNNNDMR	WSHSYSAAADIASSDILGGSTGELF	LLWNGPMAV	0	0.49262798	0.45734662	0.5426534
DSVNNIPSGTAVRRYNDMR	SGHNTYYREEEASSFRGQNEQY	FEDLRLLSF	0	0.44559485	0.45444292	0.5455571
NIATNDYGYKTKLVGDTPLSNSGYALN	SEHNRFQNEAQASLRTPNTEAF	RLRAEAQVK	0	0.5052193	0.49087542	0.5091246
TTLSNLVKSGEVAGPDFGNEKLT	SEHNRFQNEAQASSVTGGGEAF	HPVTKYIM	0	0.48655143	0.48024386	0.51975614
NSMFDYISSIKDKAATPKGYNTDKLI	KGHSHLQKENIASSHPGLAGVEQF	LLWNGPMAV	0	0.45509976	0.45653367	0.5434663
TSGFNGNVLDGLAGSDSNYQLI	MNHNSSASEGTASSEALGGTGELF	LLWNGPMAV	0	0.4849148	0.44057664	0.5594233
NSMFDYISSIKDKAAKPIRTFNKFY	SNHLYFYNNEIAKLAGTGELF	RLRAEAQVK	0	0.4633567	0.4875689	0.5124311
NSASQSVYSSGVVNKRRAGNNRKLI	MDHENSYDVKMASSLPGGLPYEQY	LLWNGPMAV	0	0.5003017	0.46446145	0.53553855
ATGYPSATKADDKALSAYSGAGSYQLT	MNHEYSMNVEVASSVSAGVDIQY	LLWNGPMAV	0	0.47887328	0.47123304	0.528767
VSGNPYYITGDNLVAVRGRNTGGFKTI	SGHDTYYEEEEASSLAVGDWNTDTQY	LLWNGPMAV	0	0.50629914	0.4732534	0.5267466
KALYSLLKGGEQGALAGFQKLV	SQVTMANQGSEASARQGGTGELF	LLWNGPMAV	0	0.49059355	0.44916666	0.55083334
VSPFSNMTFSENTVVVSGTYKYI	SQVTMANQGSEASVEGGAGPIYEQY	RLRAEAQVK	0	0.49631417	0.4844939	0.5155061
TSGFNGNVLDGLASMDSNYQLI	DFQATTSNEGSKASARDIMLDDNEQF	LLWNGPMAV	0	0.47797894	0.4440516	0.5559484
TISGTDYGLTSNILRDYHYGGSQGNLI	MDHENSYDVKMASSFTAEQNSPLH	FEDLRLLSF	0	0.4901719	0.47426975	0.5257302
DSASNYIRSNVGEAANKGGGTSYGKLT	SGHVSFQNEAQASSLAYRGQPEQY	FEDLRLLSF	0	0.48730066	0.48204586	0.5179541
KTLYGLQKGGEEGADILTSYDKVI	MDHENSYDVKMASRADDRVQEKLF	LLWNGPMAV	0	0.50372696	0.46657452	0.5334255
SIFNTLYKAGELAGPRGGGSQGNLI	PRHDTFYEKMQASSLGATYEQY	ATDALMTGF	0	0.49721482	0.4692211	0.53077894
TRDTTYYRNSFDEQNALSENAGNTPLV	LGHNAYNFKEQASSQDPSGSVTDTQY	ATDALMTGF	0	0.46307126	0.4586979	0.5413021
SSVSVYYLSGSTLVAVSLDNTDKLI	DFQATTSNEGSKASAARAGGYEQY	RLRAEAQVK	0	0.49680877	0.48023164	0.51976836
TSESDYYQEAYKQQNAYIMNYGGSQGNLI	LGHDTYNNKELASSHLFDTRSGNTIY	LLWNGPMAV	0	0.48929366	0.47437543	0.5256245
NSMFDYISSIKDKAARVSASKII	SEHNRFQNEAQASSLEHGGRPYEQY	LLWNGPMAV	0	0.46073386	0.45542857	0.54457146
YGATPYYFSGDTLVAGVNSGGGADGLT	MNHNYSVGAGIASSYSNHYEQY	LLWNGPMAV	0	0.50309205	0.4702804	0.52971953
TRDTTYYRNSFDEQNALRNRMNYGGSQGNLI	MNHEYSVGAGIASSYFEGAAF	LLWNGPMAV	0	0.48410833	0.4640942	0.53590584
TSDPSYGQGSYDQQNAIGFGNVLH	SEHNRFQNEAQASSWSALAGGPGEQF	LLWNGPMAV	0	0.46542954	0.46050972	0.5394903
YGATPYYFSGDTLVAVGARGGGKLI	DFQATTSNEGSKASARGLVGGNRTDTQY	ATDALMTGF	0	0.4919835	0.46756107	0.53243893
DSAIYNIQSSQREAPTYYGNKLV	MNHEYSVGAGIASRNRGTEAF	LLWNGPMAV	0	0.48053423	0.47541624	0.52458376
TRDTTYYRNSFDEQNALSEINAGGTSYGKLT	MNHEYSVGAGIATTLGTSSYNEQF	LLWNGPMAV	0	0.47947124	0.4665758	0.53342414
TSDPSYGQGSYDQQNAMHSSGSARQLT	SGDLSYYNGEEASSHKPSGSYNEQF	LLWNGPMAV	0	0.4455206	0.45610264	0.5438974
DSAIYNIQSSQREAVRYTGFQKLV	LNHDASQIVNDASSIGAGEAF	HPVTKYIM	0	0.5153253	0.48155862	0.5184414
TSGFNGNVLDGLAPDTGRRALT	SGHVSFQNEAQASSQATSGGYEQY	ATDALMTGF	0	0.44592333	0.4532833	0.5467167
ATGYPSATKADDKALMGTGNQFY	MNHEYSMNVEVASSLSGPLYNEQF	LLWNGPMAV	0	0.48585403	0.48493713	0.5150629
NSMFDYISSIKDKAGRNAGGTSYGKLT	SGDLSYYNGEEASSVQQGAWETQY	LLWNGPMAV	0	0.4605124	0.4583883	0.5416117
TSDPSYGQGSYDQQNAMREGRFY	ENHRYSYGVKDAISEPGLAGAAYNEQF	ATDALMTGF	0	0.4541444	0.46742618	0.5325739
NSASQSVYSSGVVTPMDSSYKLI	MNHNSSASEGTASSATGLAGGIGQY	ATDALMTGF	0	0.4847539	0.48149183	0.51850814
DSAIYNIQSSQREAVRPMDSSYKLI	SGHRSYFSETQASSTNRGLEDEQY	FEDLRLLSF	0	0.45528054	0.46635205	0.53364795
NSMFDYISSIKDKAASANDYKLS	SGHNTYYREEEASSLKGRSSYEQY	LLWNGPMAV	0	0.46621862	0.46560544	0.53439456
NSMFDYISSIKDKAASDFHGSGNTGKLI	MDHENSYDVKMASSLGDTQY	ATDALMTGF	0	0.45720136	0.45801052	0.54198945
NSASQSVYSSGVVRKTSYDKVI	SGHVSFNYEAQASRQGMDTGELF	ATDALMTGF	0	0.4990357	0.46972495	0.530275
DRGSQSIYSNGDAVNLYGNKLV	MGHRAYSYEKLASSRDSGPGELF	LLWNGPMAV	0	0.5210602	0.4713423	0.5286577
YGATPYYFSGDTLVAVGADYGGSQGNLI	MNHEYSMNVEVASTGGGGYEQF	LLWNGPMAV	0	0.50299037	0.47183737	0.52816266
TSGFNGNVLDGLAPLDSNYQLI	DFQATTSNEGSKASARSPPMEEQF	FEDLRLLSF	0	0.4466669	0.44775897	0.552241
TSGFNGNVLDGLAVKDSNYQLI	MRHNASNTAGTASSGVAGDTGELF	ATDALMTGF	0	0.44278574	0.44278553	0.5572145
NSMFDYISSIKDKAASATGNQFY	SGHTAFQGTGAATRGGGGAADTQY	ATDALMTGF	0	0.46478918	0.4657398	0.5342602
NSMFDYISSIKDKAATSTGANSKLT	KGHDRSFDVKDATSDIGDGYT	LLWNGPMAV	0	0.47095641	0.46183476	0.5381652
TSINNIRSNEREATKGKGAQKLV	MNHEYSMNVEVASTGLIGNEQF	LLWNGPMAV	0	0.47855818	0.46025717	0.5397428
TTSDRLLSNGAVAVDISFYLSNFGNEKLT	KGHDRSFDVKDATSDDRTGMNTEAF	HPVTKYIM	0	0.47614256	0.46517706	0.53482294
TSGFYGNALDGLAVSGNTPLV	SEHNRFQNEAQASSPTGEARKGYT	LLWNGPMAV	0	0.48721093	0.47060212	0.5293979
TSGFNGNVLDGLASRSYNTDKLI	SGHVSFNYEAQASSLPKAGGHHEQY	ATDALMTGF	0	0.4436848	0.44299385	0.5570061
VSGNPYYITGDNLVAVRDNSGTYKYI	KGHDRSFDVKDATSGLAGNEQF	LLWNGPMAV	0	0.5043877	0.47895384	0.5210461
NSMFDYISSIKDKAASPIGFGNVLH	MNHNSSASEGTASSDPALNTEAF	LLWNGPMAV	0	0.47213864	0.45624012	0.5437599
NSASQSVYSSGVVNYLTSGTYKYI	LGHNAYSLEERASSQDLTTGLLADTQY	LLWNGPMAV	0	0.49593595	0.4489185	0.55108154
TSESDYYQEAYKQQNAYRSDNNDMR	SGDLSYYNGEEASSAWGRPTDTQY	ATDALMTGF	0	0.44090402	0.4596382	0.5403618
SVFSSVVTGGEVAGARIGGSSNTGKLI	SGDLSYYNGEEASSVYPGGWTDTQY	LLWNGPMAV	0	0.50959074	0.47171953	0.5282805
DSVNNIPSGTAVLNQAGTALI	LGHDTYNNKELASSHSDRGHPNYGYT	LLWNGPMAV	0	0.49607438	0.46119702	0.53880304
NSMFDYISSIKDKAADVGSQGNLI	SEHNRFQNEAQASSASGGSYNEQF	ATDALMTGF	0	0.4517844	0.46264893	0.5373511
VSGNPYYITGDNLVAVRDMSSGNTPLV	LNHDASQIVNDASRLQGNYNYGYT	LLWNGPMAV	0	0.52721655	0.4602428	0.5397572
TSENNYYQEAYKQQNAFMSSMEYGNKLV	SGDLSYYNGEEASSVGSNYGYT	FEDLRLLSF	0	0.4521337	0.47632873	0.5236713
DSASNYIRSNVGEAASNNNAGNMLT	MNHEYSMNVEVASSSWTSADEQY	HPVTKYIM	0	0.49646276	0.47854924	0.52145076
TSINNIRSNEREATDNDYKLS	SNHLYFYNNEIAKERPSTDTQY	RLRAEAQVK	0	0.47785872	0.48284388	0.5171561
TSGFNGNVLDGLAVMDSNYQLI	DFQATTSNEGSKASGHKPSELREQY	LLWNGPMAV	0	0.45668748	0.4478089	0.55219114
TSENNYYQEAYKQQNAFEGGSEKLV	LGHDTYNNKELASSPGQGPANTEAF	LLWNGPMAV	0	0.4649222	0.46338835	0.5366117
ATGYPSATKADDKALSDRIFGNEKLT	SGDLSYYNGEEASSVGGGGLRDEQY	FEDLRVLSF	0	0.4813435	0.46958783	0.5304122
NSASQSVYSSGVVNMNKAAGNKLT	MGHDKSYGVNSASSEARADRAPGANVLT	LLWNGPMAV	0	0.52207226	0.47703975	0.52296025
VGISALSSGKAVCPNTGNQFY	SGHDYFNNNVPASSLGGAGAQSYGYT	ATDALMTGF	0	0.48431113	0.4710099	0.52899015
YGGTVNYFSGDPLVAVDDYKLS	DFQATTSNEGSKASAREASGISYNEQF	RLRAEAQVK	0	0.47844517	0.4870938	0.51290613
TSDPSYGQGSYDQQNAMREGEMAGRRALT	SQVTMANQGSEASAGTMARFTEAF	RLRAEAQVK	0	0.46832064	0.48683432	0.51316565
VSGNPYYITGDNLVAVRRAGNMLT	KGHSHLQKENIASSPREGESYNEQF	LLWNGPMAV	0	0.5076207	0.48815152	0.5118485
YGGTVNYFSGDPLVAVNVPYNNAGNMLT	SGHVSFQNEAQASSLVGKNEKLF	LLWNGPMAV	0	0.49172613	0.44299784	0.5570021
NSASQSVYSSGVVNRVNNNAGNMLT	MDHENSYDVKMASIETGGKNEQY	RLRAEAQVK	0	0.49752098	0.49306384	0.5069362
SSNFYAMTLNGDEAFINNAGNMLT	MNHEYSVGAGIASSYGAGTGELF	LLWNGPMAV	0	0.490386	0.46570766	0.53429234
TSGFNGNVLDGLAVRVDLDDKII	KGHSHLQKENIASSPPGQGATGNTIY	LLWNGPMAV	0	0.46315712	0.44947737	0.5505226
TSGFNGNVLDGLAVRDRNTGFQKLV	SEHNRFQNEAQASSPFREVAEQY	ATDALMTGF	0	0.44406608	0.44581854	0.55418146
SSVSVYYLSGSTLVAVSDDDRDDKII	SGHRSYFSETQASSFAGQGPYEQY	HPVTKYIM	0	0.47833765	0.46481022	0.53518975
DSASNYIRSNVGEAAPNDYKLS	SGHDYFNNNVPASQRYSGNTIY	HPVTKYIM	0	0.48548236	0.4692798	0.5307202
DSAIYNIQSSQREAVNSGYSTLT	DFQATTSNEGSKASARVELMGTGISSYEQY	ATDALMTGF	0	0.47753397	0.4843649	0.5156351
TSDPSYGQGSYDQQNAMREWSGGGADGLT	SGHVSFQNEAQASSLPKHEGAEGETQY	LLWNGPMAV	0	0.46000576	0.46630383	0.5336962
TSDPSYGQGSYDQQNAMRVGGNTPLV	MDHENSYDVKMASSFPQIPDTQY	RLRAEAQVK	0	0.4740398	0.5039908	0.4960092
DSSSTYIFSNMDMAAVSDGQKLL	DFQATTSNEGSKASARDSTYEQY	LLWNGPMAV	0	0.50697637	0.47332633	0.5266737
TSDPSYGQGSYDQQNAMREGGGYGNNRLA	SGHVSFNYEAQASSPGEKLF	FEDLRLLSF	0	0.45841473	0.47306243	0.52693754
TSGFNGNVLDGLAVMDSNYQLI	DFQATTSNEGSKASARDVQRESGELF	HPVTKYIM	0	0.4669164	0.45812488	0.5418751
DSASNYIRSNVGEAASILWDKII	MNHEYSMNVEVASSLRDGVFSNSPLH	HPVTKYIM	0	0.49396718	0.47438666	0.5256133
NSMFDYISSIKDKAAAVGGNKLV	MDHENSYDVKMASSLWAGLQSYEQY	LLWNGPMAV	0	0.47208104	0.4581868	0.5418132
SSVSVYYLSGSTLVASSYSSASKII	MDHENSYDVKMASSYPGTGSNYGYT	HPVTKYIM	0	0.49735805	0.477471	0.52252895
TSDPSYGQGSYDQQNAMRVGNFNKFY	LGHNAYSLEERASSPKTVDTEAF	HPVTKYIM	0	0.43966645	0.46743694	0.5325631
DSAIYNIQSSQREAVRGTGNQFY	SQVTMANQGSEASVPPAARNTEAF	ATDALMTGF	0	0.4765353	0.4713034	0.5286966
VSGNPYYITGDNLVAVSVRGTSNDYKLS	SGHVSFNYEAQASSLSLNTEAF	HPVTKYIM	0	0.4937431	0.46306506	0.536935
TRDTTYYRNSFDEQNALSEGISNFGNEKLT	DFQATTSNEGSKASAPPSGDSGGAYTGELF	LLWNGPMAV	0	0.47175246	0.45893705	0.5410629
SSVPPYYTSAATLVAVSDRTGRRALT	SGDLSYYNGEEASSVGAEGEAF	ATDALMTGF	0	0.47992378	0.46258354	0.53741646
DSSSTYIFSNMDMAASSASKII	SGHTAFQGNSAASSFSGGADEQY	LLWNGPMAV	0	0.5107578	0.47421643	0.52578354
TRDTTYYRNSFDEQNALPGGYNKLI	LGHNAYSLEERASSQATGGGYGYT	ATDALMTGF	0	0.45146918	0.46629593	0.5337041
NTAFDYIRPDVSEAAFRVYSSASKII	MNHEYSVGEGTASSSDSGANVLT	LLWNGPMAV	0	0.4793226	0.47540227	0.52459776
TISGTDYGLTSNIPGGTGAGSYQLT	SEHNRFQNEAQASSSTPGTPSSYEQY	LLWNGPMAV	0	0.48787457	0.45854592	0.5414541
TSESDYYQEAYKQQNAYNPGNQFY	MNHNSSASEGTASSARRSGRDGYT	ATDALMTGF	0	0.4440349	0.45898393	0.5410161
TRDTTYYRNSFDEQNALSEAGGRDDKII	MDHENSYDVKMASSLLPGVINIQY	LLWNGPMAV	0	0.4852435	0.46466857	0.5353314
VSGLRGLYSAGEEAVWWNTGNQFY	SEHNRFQNEAQASSTRQGSYEQY	LLWNGPMAV	0	0.48321024	0.4429411	0.55705893
VSGNPYYITGDNLVAVRDIYNTDKLI	ENHRYSYGVKDAISDMFLSNGKPNYGYT	ATDALMTGF	0	0.5032477	0.47543633	0.52456367
VTNFRSLTSSGIEALWIGGSNYKLT	MNHEYSMNVEVASSLSNPGWGGYT	ATDALMTGF	0	0.4890184	0.45809314	0.5419069
NSAFQYTYSSGNAMSRTGFGNVLH	LGHDTYNNKELASSQEGPVGNHKNIQY	RLRAEAQVK	0	0.48962924	0.48456183	0.5154382
TSDPSYGQGSYDQQNAMRDRTGGGADGLT	SGHDNFVKESKASSQGRKTEAF	LLWNGPMAV	0	0.47210112	0.45695856	0.54304147
TSINNIRSNEREATLFSGGYNKLI	MNHEYSMNVEVASGWDPHNEQF	HPVTKYIM	0	0.48045695	0.4967118	0.5032882
YGGTVNYFSGDPLVAVNTNRDDKII	DFQATTSNEGSKASARGQIGGYT	LLWNGPMAV	0	0.4711581	0.4438817	0.5561183
TSESDYYQEAYKQQNATTGTASKLT	SEHNRFQNEAQASSPQGSTEAF	HPVTKYIM	0	0.45590022	0.4617981	0.53820187
TRDTTYYRNSFDEQNALSEAKDDKII	MNHEYSVGAGIASSSGLAGGLLNEQF	FEDLRLLSF	0	0.46567553	0.47060484	0.5293952
DSVNNIPSGTAVEREAGTASKLT	MNHEYSMNVEVASSLWSGATNQPQH	RLRAEAQVK	0	0.4866552	0.49098268	0.5090173
DSAIYNIQSSQREAVTIITQGGSEKLV	SNHLYFYNNEIASSSGFLIGEQY	FEDLRVLSF	0	0.48862344	0.46758026	0.5324198
DSAIYNIQSSQREAVKVAQGGSEKLV	SGHVSFNYEAQASSLGDTYEQY	LLWNGPMAV	0	0.47313175	0.44769102	0.552309
SSVPPYYTSAATLVAVISYNFNKFY	LGHDTYNNKELASSHSGPHGTSGSFEQY	ATDALMTGF	0	0.47836506	0.46516874	0.5348313
TSGFNGNVLDGLAVKGGSYIPT	LNHDASQIVNDASSKFPPGQNTEAF	LLWNGPMAV	0	0.51843625	0.44008365	0.5599163
SSVSVYYLSGSTLVAVSDGNGANNLF	MNHEYSMNVEVASSLAGQGPYEQY	ATDALMTGF	0	0.4798393	0.46800697	0.53199303
TSGFNGNVLDGLAVLSNDYKLS	MRHNASNTAGTASSAGGDTDTQY	ATDALMTGF	0	0.44848046	0.44394097	0.55605906
VSPFSNMTFSENTVVTHYRSGTYKYI	MNHEYSMNVEVASSLSGQNSNQPQH	LLWNGPMAV	0	0.47946563	0.45538935	0.5446106
TISGNEYGLKNNIVRVRDNYGQNFV	SEHNRFQNEAQASSFGQNTEAF	LLWNGPMAV	0	0.4879584	0.46077895	0.53922105
DRGSQSIYSNGDAVNSADGQKLL	WSHSYSAAADIASSVGVNNEQF	LLWNGPMAV	0	0.5214459	0.47061384	0.52938616
TSINNIRSNEREATDSTLGRLY	DFQATTSNEGSKASANGDRPYEQY	LLWNGPMAV	0	0.4742234	0.46036315	0.53963685
TSDPSYGQGSYDQQNAMREGSSYNTDKLI	SGHDNFVKESKASSQERQGVGNEQF	RLRAEAQVK	0	0.4767635	0.4858823	0.51411766
TSGFNGNVLDGLAPLDSNYQLI	MNHNYSVGAGIASTWRENTEAF	RLRAEAQVK	0	0.4598325	0.48618656	0.51381344
TRDTTYYRNSFDEQNALSEAGGGFKTI	MNHNYSVGAGIASSYSSGLAGAHQETQY	FEDLRVLSF	0	0.48157474	0.47856835	0.5214317
DSASNYIRSNVGEADILTGGGNKLT	LGHDTYNNKELASSPSASPIYEQY	ATDALMTGF	0	0.49545413	0.47652474	0.5234752
TSGFNGNVLDGLAVWGYSTLT	SGHDTYYEEEEASSLSPGKENTEAF	LLWNGPMAV	0	0.46948543	0.46524322	0.5347568
DSSSTYIFSNMDMAESITASGTYKYI	MNHNSSASEGTASSERGGYT	FEDLRVLSF	0	0.50382394	0.48005646	0.51994354
TSGFNGNVLDGLAVSDSNYQLI	LNHDASQIVNDASTGTGHSQPQH	RLRAEAQVK	0	0.49082607	0.48493144	0.51506853
DSVNNIPSGTAVRWGFGNVLH	SGHRSYFSETQASSLEPSSYEQY	HPVTKYIM	0	0.48369935	0.44942498	0.550575
YGATPYYFSGDTLVAVGAEAGKST	LGHNAYNFKEQASSRKTDAYNEQF	ATDALMTGF	0	0.48061383	0.46498027	0.5350197
TISGTDYGLTSNILSMETGANNLF	SGHVSFQNEAQASSFWTTSGNTIY	ATDALMTGF	0	0.49878475	0.46948585	0.5305141
TSGFNGNVLDGLAVSDSNYQLI	MRHNASNTAGTATGTGNTGELF	HPVTKYIM	0	0.4748585	0.46109474	0.53890526
NSMFDYISSIKDKAASSEGNMLT	SGHTAFQGTGAASSSVGGSSYNEQF	ATDALMTGF	0	0.44754457	0.4642123	0.5357877
SIFNTLYKAGELAGFDSMDSNYQLI	MNHEYSMNVEVASSLSSPNEKLF	ATDALMTGF	0	0.47251096	0.4706651	0.52933496
TSESDYYQEAYKQQNAYRENRDDKII	LNHDASQIVNDASSMLFSRGLNTEAF	LLWNGPMAV	0	0.5097457	0.461834	0.538166
DRGSQSIYSNGDAVLLNTGGFKTI	MGHRAYSYEKLASSQDEGQEQY	FEDLRLLSF	0	0.5149048	0.4909187	0.5090813
TSESDYYQEAYKQQNAYRSANDMR	LGHNTFRNRAPAGSDRGPLDTEAF	ATDALMTGF	0	0.44347432	0.45747715	0.54252285
VTNFRSLTSSGIEAVWGNYQLI	SQVTMANQGSEASVAGTKLYEQY	LLWNGPMAV	0	0.47704494	0.43759194	0.56240803
DRGSQSIYSNGDAVLFNDYKLS	PRHDTFYEKMQASSQTGLQETQY	HPVTKYIM	0	0.49442965	0.47657216	0.52342784
NSASQSVYSSGVVTFNTNAGKST	LGHNAYSLEERASSQAGANYGYT	ATDALMTGF	0	0.49359015	0.47819325	0.5218067
NSASQSVYSSGVGGGFSGGYNKLI	DFQATTSNEGSKASARAVRVDNEKLF	FEDLRVLSF	0	0.51381034	0.49525306	0.5047469
TSDPSYGQGSYDQQNALEGSNYKLT	LNHDASQIVNDASSIIRESNQPQH	FEDLRLLSF	0	0.48278946	0.48870444	0.5112956
VTNFRSLTSSGIEAVGGWAGGTSYGKLT	MNHEYSVGEGTASSYKEGGVGNEQF	LLWNGPMAV	0	0.47464693	0.4780105	0.52198946
TSINNIRSNEREATDPAVYNFNKFY	MNHEYSVGEGTARINEQF	LLWNGPMAV	0	0.47516865	0.4553298	0.5446702
NSASQSVYSSGVVTSGYSTLT	SGHNTYYREEEASSDPGTLGNGEQF	HPVTKYIM	0	0.49332634	0.48230022	0.5176998
TSGFNGNVLDGLAPMDSNYQLI	DFQATTSNEGSKASARDLSGGKSGTEAF	LLWNGPMAV	0	0.44582418	0.4478273	0.55217266
TISGTDYGLTSNIPGGADGLT	WSHSYSAAADIASSAPRPWVDGYT	RLRAEAQVK	0	0.503536	0.49661967	0.50338036
YGATPYYFSGDTLVAVGGDNQGGKLI	SQVTMANQGSEASVQPGQRYT	HPVTKYIM	0	0.5017253	0.46667382	0.5333262
DSASNYIRSNVGEAATDRRDSSYKLI	LNHDASQIVNDASRGYYNEQF	HPVTKYIM	0	0.5154365	0.4708998	0.52910024
VGISALSSGKAVSGGGADGLT	ENHRYSYGVKDAIRGLNTGELF	HPVTKYIM	0	0.49128115	0.48303235	0.5169676
TISGNEYGLKNNIVRVGGDSWGKLQ	MNHEYSMNVEVASSSLNSPLH	LLWNGPMAV	0	0.47559154	0.45841533	0.5415847
NSAFQYTYSSGNAMSATRYNQGGKLI	MDHENSYDVKMASSLTGGSVIAF	LLWNGPMAV	0	0.5029276	0.4578039	0.54219604
KALYSLLKGGEQGTEGGSQGNLI	SGHRSYFSETQASREQPTFYGYT	LLWNGPMAV	0	0.49271402	0.45991254	0.54008746
TSGFYGNALDGLAVDNYGQNFV	SGHRSYFSETQASSLEGGMNTEAF	LLWNGPMAV	0	0.48199886	0.46966282	0.5303372
TSESDYYQEAYKQQNASSDGQKLL	KGHSHLQKENIASSGAGSSYEQY	HPVTKYIM	0	0.45974386	0.47441795	0.5255821
YGGTVNYFSGDPLVAVNAGDYKLS	MNHEYSVGEGTASSYYSLQETQY	ATDALMTGF	0	0.46839333	0.46610573	0.53389424
SSYSPSYTSAATLVVSRAGGGTSYGKLT	MNHEYSMNVEVASSWGADTQY	LLWNGPMAV	0	0.49744016	0.46494874	0.5350513
YSGSPEHISRALRNSGGYQKVT	MDHENSYDVKMASSSLDSYYGYT	FEDLRVLSF	0	0.47326174	0.46918193	0.53081805
VSGNPYYITGDNLVAVRDAIGFGNVLH	SGHATFQNNGVASSPSGGAGSTGELF	FEDLRLLSF	0	0.49279907	0.4732111	0.52678895
VSPFSNMTFSENTVVSLYSGGGADGLT	LGHDTYNNKELASSRKTGGTEAF	ATDALMTGF	0	0.4737727	0.45333338	0.5466666
KALYSLLKGGEQGTDSNAGGTSYGKLT	LGHNAYNFKEQASSQEISTGILGTEAF	LLWNGPMAV	0	0.4958621	0.4752936	0.52470636
SSVSVYYLSGSTLVAVSEGQAGTALI	MNHEYSVGAGIASSYVGGGYT	LLWNGPMAV	0	0.5003007	0.4666735	0.53332657
ATGYPSATKADDKAAYGNNRLA	GTSNPNSVGIGAWSAGQGVTDTQY	RLRAEAQVK	0	0.4876955	0.4886255	0.51137453
TSINNIRSNEREATPNAGGTSYGKLT	LNHDASQIVNDASSRGQGTLEAF	LLWNGPMAV	0	0.53030914	0.4480149	0.5519851
TSDPSYGQGSYDQQNAMRERGQAGTALI	LGHNAYNFKEQASSPGWEQETQY	ATDALMTGF	0	0.45226413	0.46428388	0.5357161
DSASNYIRSNVGEAASKGTSYDKVI	LGHDTYNNKELASSPDIGGLETQY	ATDALMTGF	0	0.47773924	0.4753907	0.52460927
DSAIYNIQSSQREAVFNQAGTALI	MDHENSYDVKMASTWDRARSTEAF	LLWNGPMAV	0	0.49142933	0.45788345	0.5421166
ATGYPSATKADDKARLNFNKFY	SGHDTYYEEEEASSPGGTEAF	HPVTKYIM	0	0.4713487	0.47945255	0.5205474
TSENNYYQEAYKQQNAFPNTDKLI	SGDLSYYNGEEASSVGGGTEAF	HPVTKYIM	0	0.43220437	0.45694903	0.54305094
TSDPSYGQGSYDQQNAMREGLEGNEKLT	KGHDRSFDVKDATGPSTDTQY	LLWNGPMAV	0	0.4512818	0.45435777	0.54564226
SSVSVYYLSGSTLVAVSDNFGNEKLT	MNHEYSVGAGIASSPSRPNQPQH	LLWNGPMAV	0	0.4801337	0.4683575	0.5316425
TRDTTYYRNSFDEQNALSENNNARLM	LGHNTFRNRAPASVTDRGWAQETQY	FEDLRLLSF	0	0.4674708	0.4773146	0.5226854
YGATPYYFSGDTLVAVPYNNNDMR	SEHNRFQNEAQASSHLVRGYT	RLRAEAQVK	0	0.48970526	0.49022168	0.5097783
TSINNIRSNEREATDRDDKII	LGHNAYSLEERASSQKLAGNEQF	LLWNGPMAV	0	0.4746235	0.4628767	0.5371233
DRGSQSIYSNGDAVSVTSYDKVI	MNHEYSMNVEVASSLGGSANQPQH	LLWNGPMAV	0	0.51548105	0.4720795	0.52792054
VSGLRGLYSAGEEAVQDHTGRRALT	MDHENSYDVKMASLTSNKIWSYNEQF	FEDLRVLSF	0	0.48038104	0.4743085	0.5256915
TSINNIRSNEREATEREGAQKLV	MGHRAYSYEKLASSRTTGGQTDTQY	LLWNGPMAV	0	0.46036607	0.46087122	0.5391288
DSSSTYIFSNMDMAESPPYGGATNKLI	MGHRAYSYEKLASSQEVGNEQF	LLWNGPMAV	0	0.50798345	0.47425708	0.52574295
TTSDRLLSNGAVAGDDSGTYKYI	MNHEYSMNVEVASDRTSGGGEQY	ATDALMTGF	0	0.48946422	0.47334638	0.52665365
TSGFYGNALDGLAVREGDSWGKLQ	SGDLSYYNGEEASSVGEGEKLF	LLWNGPMAV	0	0.4918313	0.47391632	0.5260837
NSMFDYISSIKDKAASALDSNYQLI	MNHEYSMNVEVASTSIAGRPYEQF	LLWNGPMAV	0	0.4603321	0.47184893	0.52815104
TSINNIRSNEREATDWANRDDKII	MNHEYSVGAGIASSYAYMGDAYNEQF	LLWNGPMAV	0	0.46232685	0.46415102	0.53584903
VSGLRGLYSAGEEAVLRRDDKII	MDHENSYDVKMASSFRGGEQY	ATDALMTGF	0	0.45861104	0.4614167	0.53858334
DRGSQSIYSNGDAQNMPNTGGFKTI	MNHEYSMNVEVASSLTLAGGPYEQY	LLWNGPMAV	0	0.5178414	0.47361663	0.5263834
NSASQSVYSSGVVRADGQKLL	SGHVSFNYEAQASSLTPGSTEAF	LLWNGPMAV	0	0.504229	0.46095333	0.5390467
TSGFNGNVLDGLAVRGGGHSGGYQKVT	MGHRAYSYEKLASSQDNGSGGYGYT	LLWNGPMAV	0	0.4726686	0.45770824	0.54229176
TSESDYYQEAYKQQNAYRMAGAQKLV	MNHEYSVGEGTASSRAPLAIYEQY	HPVTKYIM	0	0.44319907	0.45422274	0.54577726
DSASNYIRSNVGEAASIRGGYGGSQGNLI	SEHNRFQNEAQASRFRENTEAF	LLWNGPMAV	0	0.50595224	0.4628015	0.5371985
YSGSPEHISRALRQGANNAGNMLT	SGDLSYYNGEEASSPGGSSYEQY	RLRAEAQVK	0	0.47929808	0.4719397	0.52806026
DRGSQSIYSNGDALSGSQGNLI	SNHLYFYNNEIASSELDRNIQY	RLRAEAQVK	0	0.5206939	0.48791927	0.5120807
VSPFSNMTFSENTVVIFTGGGNKLT	MDHENSYDVKMASSLSPWTSGLSTDTQY	HPVTKYIM	0	0.4938393	0.46648788	0.5335121
SSVPPYYTSAATLVAVSAGTDKLI	SEHNRFQNEAQASSLLDREGEKLF	LLWNGPMAV	0	0.51063335	0.44482267	0.55517733
TSGFNGNVLDGLAVRDSNYQLI	MRHNASNTAGTASSAQGIDEQF	LLWNGPMAV	0	0.46793798	0.4449922	0.5550078
TSESDYYQEAYKQQNAYRSADDYKLS	LGHNAYNFKEQASSQGTSGGDEQY	FEDLRLLSF	0	0.44449726	0.46451965	0.5354803
SVFSSVVTGGEVAGEEQNTGNQFY	MNHNSSASEGTASSGDSGSGETQY	ATDALMTGF	0	0.48710322	0.47624287	0.52375716
DSSSTYIFSNMDMAESTNAGNMLT	SGDLSYYNGEEASSVGPTGGAYEQY	ATDALMTGF	0	0.4903232	0.47702685	0.5229732
DSSSTYIFSNMDMAESINQFY	LGHNTFRNRAPASGLGFNQPQH	LLWNGPMAV	0	0.50768054	0.46658507	0.5334149
ATGYPSATKADDKALTDSWGKLQ	LNHDASQIVNDASSIAGEYNEQF	LLWNGPMAV	0	0.5129706	0.46572918	0.5342708
DSSSTYIFSNMDMAENQGSQGNLI	MNHEYSVGAGIASSYGGGITEAF	ATDALMTGF	0	0.4919865	0.47902182	0.52097815
TSINNIRSNEREATVGNSGYSTLT	MNHEYSVGAGIASSKQGGNEQF	ATDALMTGF	0	0.47045526	0.4700316	0.5299684
TSGFYGNALDGLAVGGQGFSFI	SQVTMANQGSEASAGTGSYEQY	LLWNGPMAV	0	0.4812279	0.45626372	0.5437363
TISGTDYGLTSNIPLKGDSNYQLI	MNHEYSMNVEVASRLTRGTEAF	FEDLRLLSF	0	0.47634247	0.475215	0.524785
TTLSNLVKSGEVARRVTGKLI	GTSNPNSVGIGAWSEYRETGNTIY	HPVTKYIM	0	0.4804712	0.46606755	0.5339325
TSGFNGNVLDGLAALNAGNMLT	MDHENSYDVKMASKLGYGYT	ATDALMTGF	0	0.4431676	0.44758904	0.55241096
TSGFNGNVLDGLAVRDLPTGKLI	MNHNSSASEGTASSDPGTGARETQY	LLWNGPMAV	0	0.47247487	0.44946864	0.5505313
SSVSVYYLSGSTLVAVPSGNTPLV	SGDLSYYNGEEASSVDGRTAETQY	LLWNGPMAV	0	0.49546605	0.45923862	0.5407614
NSMFDYISSIKDKAASGWGAGNMLT	LGHDTYNNKELASSQDRVGYGYT	ATDALMTGF	0	0.45850712	0.44517934	0.55482066
TSESDYYQEAYKQQNAFRGSNYQLI	SGHTAFQGNSAASSLEGYSNQPQH	ATDALMTGF	0	0.4260384	0.46127784	0.53872216
TSDPSYGQGSYDQQNAMRDGDSGYALN	KGHSHLQKENIASSPPGTLTNEKLF	LLWNGPMAV	0	0.45858794	0.46313256	0.53686744
TSENNYYQEAYKQQNAFAEYNFNKFY	ENHRYSYGVKDAISDGNTEAF	LLWNGPMAV	0	0.45963645	0.45554233	0.5444577
SSVSVYYLSGSTLVAVSDSSYNTDKLI	DFQATTSNEGSKASASTTGSDTEAF	ATDALMTGF	0	0.47504142	0.4555245	0.5444755
TTSDRLLSNGAVAVDSLSNSGYALN	DFQATTSNEGSKASARGDISYEQY	LLWNGPMAV	0	0.4890022	0.4618548	0.5381452
SVFSSVVTGGEVAGEETSYDKVI	MNHEYSVGAGIASSYSSTSYNEQF	FEDLRLLSF	0	0.48857966	0.48865694	0.511343
TSGFNGNVLDGLAVRENNNARLM	DFQATTSNEGSKASARDRGNSPLH	ATDALMTGF	0	0.43999755	0.44417182	0.5558282
VTNFRSLTSSGIEAAGYSGGGADGLT	SGHRSYFSETQASSPVGLLSSYEQY	LLWNGPMAV	0	0.48432466	0.45620006	0.54379994
DSASNYIRSNVGEAAVINFGNEKLT	SGHNSFNNNVPASSLEPSFASTDTQY	HPVTKYIM	0	0.48387533	0.47316128	0.5268388
DSAIYNIQSSQREAVKGYSGAGSYQLT	MNHEYSMNVEVASSLAAGVDTQY	LLWNGPMAV	0	0.4783883	0.46315214	0.53684783
NSASQSVYSSGVVNPPSNQGGKLI	MNHEYSVGEGTAIRPILWEGYGYT	LLWNGPMAV	0	0.5096516	0.46529734	0.53470266
TISGNEYGLKNNIVRGGSNTGKLI	SGHVSFNYEAQASSLERGASNQPQH	LLWNGPMAV	0	0.49236912	0.44995028	0.5500497
TSINNIRSNEREATTDQAGTALI	KGHSHLQKENIASSTQGPTHEQY	ATDALMTGF	0	0.4620866	0.4535674	0.5464327
TRDTTYYRNSFDEQNALNSGGSNYKLT	MDHENSYDVKMASSLWGGESRGGTEAF	RLRAEAQVK	0	0.48047295	0.48960337	0.5103966
YGGTVNYFSGDPLVAVNAPSNFGNEKLT	MNHEYSMNVEVASSSYVIGVTEAF	HPVTKYIM	0	0.48689088	0.47628558	0.5237144
DRGSQSIYSNGDAVFGGSQGNLI	SGDLSYYNGEEASSVGGADVGTQY	ATDALMTGF	0	0.5093097	0.48033154	0.51966846
NSMFDYISSIKDKAASANDYKLS	LGHNAYSLEERASSPELRDEQY	ATDALMTGF	0	0.44872448	0.45069793	0.5493021
NTAFDYIRPDVSEAAGGYQKVT	KGHDRSFDVKDATSDPDQAEAF	FEDLRVLSF	0	0.47027028	0.46785453	0.53214544
VGISALSSGKAAPNTGNQFY	MNHNSSASEGTASRPPGGSYGYT	RLRAEAQVK	0	0.49432608	0.4837402	0.5162598
DRGSQSIYSNGDALNRAQKLV	MNHEYSVGAGIAVWAYNEQF	LLWNGPMAV	0	0.5071994	0.47356418	0.52643585
TSGFNGNVLDGLAVNYDYKLS	SGHDTYYEEEEASSLGLVGTDTQY	LLWNGPMAV	0	0.47286612	0.4388172	0.5611828
VSGLRGLYSAGEEAAWALFSGGYNKLI	SGDLSYYNGEEASSETTGTAGAGELF	HPVTKYIM	0	0.49677297	0.475475	0.5245249
TISGNEYGLKNNIVYESWVGGDMR	SGHATFQNNGVASSLGRTYEQY	LLWNGPMAV	0	0.48461142	0.4583457	0.5416543
TSGFNGNVLDGLAVRFYFDGQKLL	MNHEYSVGEGTASSYSLAGGQDEQF	LLWNGPMAV	0	0.46617478	0.47482243	0.5251776
VSGLRGLYSAGEEAVQADAGGTSYGKLT	MNHEYSVGAGIASLRGQGVYEQY	ATDALMTGF	0	0.4846663	0.46773756	0.5322625
SSVPPYYTSAATLVAVSDQIHAGGTSYGKLT	MNHEYSVGAGIASSPTPAGAYNEQF	FEDLRVLSF	0	0.50197494	0.48393956	0.5160605
TTSDRLLSNGAVAVDETSGSRLT	SGHNTYYREEEASSLEDSYEQY	LLWNGPMAV	0	0.49217454	0.46017542	0.53982455
SVFSSVVTGGEVAGVSGANSKLT	ENHRYSYGVKDAISESGQGGTEAF	LLWNGPMAV	0	0.5052639	0.4631209	0.53687906
TSGFNGNVLDGLAVLDSNYQLI	MNHNSSASEGTASSEGQGVSGELF	FEDLRLLSF	0	0.45182294	0.4669679	0.5330321
TTLSNLVKSGEVAGNSNDYKLS	MDHENSYDVKMASSLEGGETEAF	LLWNGPMAV	0	0.5005894	0.45088607	0.5491139
YGATPYYFSGDTLVAVGGSQGNLI	SNHLYFYNNEIASSRNGETNEKLF	LLWNGPMAV	0	0.5119408	0.46701956	0.53298044
YGATPYYFSGDTLVAVGAADTDKLI	SGHATFQNNGVASSFGGTIYGYT	LLWNGPMAV	0	0.49189308	0.46151924	0.53848076
TSGFNGNVLDGLAVRDGNYKLS	MRHNASNTAGTASSPGGVDEQF	LLWNGPMAV	0	0.47865188	0.44864058	0.5513594
TSGFNGNVLDGLAVMDSNYQLI	MRHNASNTAGTASSDSGGVDYNEQF	ATDALMTGF	0	0.4300088	0.43998426	0.56001574
DRGSQSIYSNGDAVTLYSSASKII	DFQATTSNEGSKASARTGFDETETQY	LLWNGPMAV	0	0.5139149	0.46510622	0.5348938
VSGLRGLYSAGEEAVRSNDYKLS	LNHNVYYDKDFATSRDLSYEQF	ATDALMTGF	0	0.48061532	0.46630567	0.5336944
TSGFNGNVLDGLAVRESKRNDYKLS	SNHLYFYNNEIASSTIGQGFYGNTIY	ATDALMTGF	0	0.4567044	0.45151207	0.54848796
TSINNIRSNEREATDWANRDDKII	MNHEYSVGAGIASSYAYMGDAYNEQF	ATDALMTGF	0	0.45985112	0.46348828	0.53651166
DRGSQSIYSNGDAVNRGFGNEKLT	SGDLSYYNGEEASSAGDYYGYT	ATDALMTGF	0	0.4790533	0.45405498	0.54594505
SSVPPYYTSAATLVAVSEENTGTASKLT	SGHRSYFSETQASSSGLTSGNTIY	LLWNGPMAV	0	0.50249773	0.46273938	0.53726065
VSGLRGLYSAGEEAVQTGANNLF	SQVTMANQGSEASVESGQARNGYT	FEDLRVLSF	0	0.49330035	0.47781903	0.522181
TSINNIRSNEREATDPVYNNNDMR	SEHNRFQNEAQASSWGQGLNEQF	LLWNGPMAV	0	0.4907567	0.46704885	0.5329511
SVFSSVVTGGEVAGRVSSGSARQLT	DFQATTSNEGSKASASERDSDTQY	ATDALMTGF	0	0.47668028	0.4583874	0.5416126
NSMFDYISSIKDKAARYNARLM	MNHEYSVGAGIASSPTLRDRGRGTYGYT	FEDLRLLSF	0	0.45132664	0.48394784	0.5160522
DRGSQSIYSNGDAVGENYGGSQGNLI	GTSNPNSVGIGAWSLSYEQY	LLWNGPMAV	0	0.5213073	0.46173668	0.5382633
TRDTTYYRNSFDEQNALSEGGSEKLV	DFQATTSNEGSKASARVPGGALYGYT	RLRAEAQVK	0	0.4645032	0.48199067	0.51800936
NSMFDYISSIKDKAASESNYQLI	SGHNTYYREEEASSFGGGSTDTQY	LLWNGPMAV	0	0.46056598	0.4650196	0.53498036
DSASNYIRSNVGEAALSSTSGTYKYI	SGHTAFQGTGAASSETGGAVDTQY	HPVTKYIM	0	0.48523113	0.47652146	0.5234785
DSSSTYIFSNMDMAVPDNYGQNFV	SEHNRFQNEAQASSLAGRNTEAF	ATDALMTGF	0	0.49394634	0.45849076	0.5415093
DSASNYIRSNVGEAASPLDRALN	SGHVSFQNEAQASSLGLGTGVYEQF	LLWNGPMAV	0	0.5050199	0.4519206	0.5480794
DSASNYIRSNVGEAPRGGATNKLI	LGHDTYNNKELASSLGGTANTEAF	LLWNGPMAV	0	0.49857542	0.47160357	0.5283964
KTLYGLQKGGEEGADPGNQFY	MGHRAYSYEKLASSLRGLAGESTDTQY	RLRAEAQVK	0	0.49246815	0.4912077	0.50879234
VSPFSNMTFSENTVVRLDYGGSQGNLI	SEHNRFQNEAQASSPESASGRIVEQF	LLWNGPMAV	0	0.50674593	0.4631084	0.5368916
TSGFNGNVLDGLAVRGGTNSGYSTLT	DFQATTSNEGSKASARGASVSYEQY	LLWNGPMAV	0	0.4646617	0.46245414	0.53754586
TRDTTYYRNSFDEQNALSLPSGGSYIPT	MGHRAYSYEKLASGDRRGTEAF	LLWNGPMAV	0	0.47686085	0.46777686	0.53222317
TSESDYYQEAYKQQNAYAGNQFY	SGHVSFNYEAQASSPLDGREAF	LLWNGPMAV	0	0.45827052	0.46032366	0.5396763
DSAIYNIQSSQREAVIGLSAGNMLT	SGHDTYYEEEEASSFVLSGQQKETQY	HPVTKYIM	0	0.490331	0.48117867	0.5188213
DRGSQSIYSNGDAVNSADKLI	WSHSYSAAADIASRRTSGRGSYNEQF	RLRAEAQVK	0	0.5197524	0.4972446	0.5027554
TSGFYGNALDGLAVRDDSSYKLI	MDHENSYDVKMASSFGGAVTDTQY	ATDALMTGF	0	0.46695712	0.46292573	0.53707427
TISGNEYGLKNNIPPREGNLI	DFQATTSNEGSKASARRWEGITTDTQY	HPVTKYIM	0	0.477383	0.48241693	0.517583
NSASQSVYSSGVVNMRNSGYALN	LGHNTFRNRAPASGSPDGRETQY	LLWNGPMAV	0	0.50470006	0.46403596	0.5359641
ATGYPSATKADDKARLNFNKFY	SGHDTYYEEEEASSPGGTEAF	ATDALMTGF	0	0.47329336	0.4757271	0.5242729
DSAIYNIQSSQREAVRSEETSYDKVI	SGHTAFQGNSAAISSELLTGHYNEQF	FEDLRVLSF	0	0.4728682	0.48342437	0.51657563
TSINNIRSNEREATDDRGFQKLV	MNHEYSVGEGTASTGGNPYNEQF	ATDALMTGF	0	0.46274695	0.48435882	0.51564115
SIFNTLYKAGELAGPTYVYSGYALN	MNHEYSVGAGIASKGWSSYNEQF	LLWNGPMAV	0	0.48618305	0.47389454	0.52610546
NSMFDYISSIKDKAAYNTNAGKST	SGHVSFQNEAQASSTGDFSYNEQF	ATDALMTGF	0	0.4592095	0.456601	0.543399
DRGSQSIYSNGDAVIFSNDYKLS	MDHENSYDVKMASSLGDEQY	LLWNGPMAV	0	0.5181354	0.4605147	0.5394853
DSSSTYIFSNMDMAEGLVGGATNKLI	SGHTAFQGTGAASSFTGSLLSEQY	LLWNGPMAV	0	0.5076235	0.4615497	0.5384503
SSYSPSYTSAATLVVVSDLNTGNQFY	LNHDASQIVNDASSIDPPLANMGLNEQF	ATDALMTGF	0	0.5343341	0.46672386	0.53327614
TSDPSYGQGSYDQQNAMREDVYGQNFV	SGDLSYYNGEEASSVGSGGTKETQY	FEDLRVLSF	0	0.46596813	0.4707125	0.52928746
VGISALSSGKAALPYNTDKLI	MDHENSYDVKMASRIGLNTEAF	LLWNGPMAV	0	0.49141648	0.45269006	0.54731
SIFNTLYKAGELAGQRSNFGNEKLT	SEHNRFQNEAQASSLIGNQPQH	ATDALMTGF	0	0.48147324	0.46709183	0.5329082
NSMFDYISSIKDKAASGGFGNEKLT	SGDLSYYNGEEASSAGPSYGYT	ATDALMTGF	0	0.43857545	0.44950843	0.5504915
NSMFDYISSIKDKAASSRDDKII	MGHRAYSYEKLASRRIAVRGELF	ATDALMTGF	0	0.45994923	0.4631551	0.53684485
TISGTDYGLTSNILRDVDNARLM	LGHNAYSLEERASSQRGYGNTIY	RLRAEAQVK	0	0.50020546	0.49370244	0.5062976
SVFSSVVTGGEVADSGAGSYQLT	LNHDASQIVNDASSIIRGTEAF	LLWNGPMAV	0	0.5308591	0.4503954	0.5496046
SVFSSVVTGGEVAGDPIGKGGSEKLV	LNHNVYYDKDFATSRDLWGSEAF	LLWNGPMAV	0	0.5138575	0.46351942	0.5364806
YGGTVNYFSGDPLVAVIPFYSGAGSYQLT	KGHDRSFDVKDATSDSVAGAPYNEQF	LLWNGPMAV	0	0.49020755	0.46061033	0.53938967
NSMFDYISSIKDKAARGGGLRAGGTSYGKLT	SGHKSYYEKEEASSLDMTGGHSPLH	LLWNGPMAV	0	0.47681996	0.4657589	0.53424114
DRGSQSIYSNGDAARLNNDMR	LNHDASQIVNDATLKQWGQNQPQH	LLWNGPMAV	0	0.5464518	0.4521248	0.54787517
TSGFYGNALDGLAVLNAGNNRKLI	LGHDTYNNKELASSQDLTGTYEQY	LLWNGPMAV	0	0.4711746	0.44405815	0.5559419
SIFNTLYKAGELAGQESNTGNQFY	MNHEYSMNVEVASSFYGGPVEQF	FEDLRVLSF	0	0.48753324	0.48481706	0.515183
TTLSNLVKSGEVAGPPEDSNYQLI	LGHNAYSLEERASSQDLGPLQVKAF	FEDLRVLSF	0	0.47926533	0.4656419	0.5343581
TRDTTYYRNSFDEQNALSEARNSGGSNYKLT	MNHEYSMNVEVASSLTRSSYNEQF	LLWNGPMAV	0	0.4716704	0.46887115	0.5311288
DSASNYIRSNVGEAASMNDYKLS	SGHNTYENEEAASGSGGQETQY	FEDLRLLSF	0	0.4743444	0.4675097	0.5324903
TRDTTYYRNSFDEQNALSEGHSGGSNYKLT	SGHRSYFSETQASSLWTVNTEAF	ATDALMTGF	0	0.47211212	0.46680206	0.53319794
NSASQSVYSSGVVNLSGGYNKLI	LGHNAYSLEERASSQDGGGAYEQY	LLWNGPMAV	0	0.4947314	0.47432634	0.5256737
SVFSSVVTGGEVAGANYGQNFV	SGHNSFNNNVPASSLTGTGVEAF	FEDLRVLSF	0	0.5016651	0.4861763	0.5138237
TSGFNGNVLDGLAVMDSNYQLI	DFQATTSNEGSKASASGAPLKGSYEQY	LLWNGPMAV	0	0.45793316	0.44429505	0.5557049
NSMFDYISSIKDKAASHRDDKII	LNHNVYYDKDFATSREPGGKSDEQF	HPVTKYIM	0	0.47329646	0.46895543	0.5310446
TSINNIRSNEREATDGGIAPLV	SEHNRFQNEAQASSSDLGGTEAF	LLWNGPMAV	0	0.4863207	0.46165732	0.53834265
TSINNIRSNEREATDPRRTPSISNFGNEKLT	SGHTAFQGNSAASRVPGATYNEQF	LLWNGPMAV	0	0.47919312	0.4594321	0.54056793
DSSSTYIFSNMDMAERGGGGADGLT	SGDLSYYNGEEASSVGDENYGYT	LLWNGPMAV	0	0.5042858	0.4671374	0.5328626
DSVNNIPSGTAVLGTDKLI	MNHEYSMNVEVASSLWDGYNEQF	FEDLRVLSF	0	0.50295955	0.4820835	0.5179165
NSASQSVYSSGVVRWDMR	SEHNRFQNEAQASSLFAGGYNEQF	RLRAEAQVK	0	0.50030416	0.4852438	0.5147562
DSAIYNIQSSQREAVRPGSARQLT	PRHDTFYEKMQASSLPGNTIY	FEDLRVLSF	0	0.48499656	0.4875718	0.51242816
TSGFNGNVLDGLAVLSGNYQLI	MNHEYSVGEGTASSGTEATDTQY	LLWNGPMAV	0	0.45822072	0.45597288	0.5440271
NSAFQYTYSSGNAMSAYEDAR	MNHEYSVGEGTASSYRAFYEQY	ATDALMTGF	0	0.47110677	0.47438538	0.5256146
TSGFNGNVLDGLAVHDSNYQLI	MRHNASNTAGTASSDGPTPATQY	HPVTKYIM	0	0.46242023	0.45141652	0.54858345
TSENNYYQEAYKQQNAFGMDRDDKII	SGHATFQNNGVASSLGPPSYNEQF	LLWNGPMAV	0	0.4464202	0.47263542	0.52736455
NSASDYIRSNMDKAENTGFQKLV	DFQATTSNEGSKASARDRTEFIGTEAF	LLWNGPMAV	0	0.503093	0.4546334	0.5453666
TTLSNLVKSGEVAGRGAGGTSYGKLT	SGHRSYFSETQASSPGQGLRSYEQY	LLWNGPMAV	0	0.49356437	0.45096043	0.54903954
TSGFNGNVLDGLAPSGYALN	GTSNPNSVGIGAWSIGGQATEAF	LLWNGPMAV	0	0.475476	0.45454726	0.5454527
TSINNIRSNEREATFTYNAGNNRKLI	SGHNSFNNNVPASGRPGNTEAF	ATDALMTGF	0	0.465247	0.45295545	0.5470445
NSMFDYISSIKDKAASAVGDSNYQLI	LGHNAYSLEERASSQGTSGRYYNEQF	LLWNGPMAV	0	0.46079078	0.46047425	0.53952575
DSAIYNIQSSQREAVRMDSSYKLI	MNHEYSMNVEVASCALVGYGYT	FEDLRLLSF	0	0.47532877	0.4769945	0.52300555
SSYSPSYTSAATLVVVSDASNTGKLI	MNHEYSVGAGIASSYIAGVGYNEQF	LLWNGPMAV	0	0.50677645	0.47205794	0.52794206
YGGTVNYFSGDPLVAVNAPEGQNFV	SEHNRFQNEAQASSQGGEQY	ATDALMTGF	0	0.44704127	0.44809863	0.55190134
YGATPYYFSGDTLVAVALYKLS	SGHTSYDEGEEASSLGALLQPQH	ATDALMTGF	0	0.495364	0.4590351	0.5409649
DSAIYNIQSSQREAVNTGTASKLT	SNHLYFYNNEIASSVEGYSNQPQH	LLWNGPMAV	0	0.49746406	0.46951315	0.5304869
TRDTTYYRNSFDEQNALSGMDSSYKLI	SGDLSYYNGEEASSPSEDSFFTDTQY	LLWNGPMAV	0	0.4766424	0.457337	0.54266304
DSSSTYIFSNMDMAERDSSASKII	MNHEYSMNVEVASSPGASYGYT	LLWNGPMAV	0	0.5014285	0.47937548	0.5206246
DSASNYIRSNVGEAASLMDSNYQLI	MDHENSYDVKMASTGGDNEQF	LLWNGPMAV	0	0.4932445	0.4533189	0.5466811
DSASNYIRSNVGEAASIEGSQGNLI	SGHNTYYREEEASSRGTGSYEQY	ATDALMTGF	0	0.4794881	0.4701356	0.5298644
TRDTTYYRNSFDEQNALSRYSSASKII	MDHENSYDVKMASSGVRQERYYGYT	ATDALMTGF	0	0.45643365	0.4628023	0.5371977
DSSSTYIFSNMDMAETNPTGGFKTI	MDHENSYDVKMASSTETYEQY	LLWNGPMAV	0	0.5140109	0.45737448	0.54262555
TRDTTYYRNSFDEQNALSEYSGGGADGLT	MNHNYSVGAGIASSPPAGFTDTQY	LLWNGPMAV	0	0.46893346	0.46154985	0.5384501
TISGTDYGLTSNILSDFSGAGSYQLT	MNHEYSMNVEVASRDSNSNQPQH	RLRAEAQVK	0	0.48689502	0.48830265	0.51169735
VSPFSNMTFSENTVVRGYNAGNMLT	SEHNRFQNEAQASSRAVYDEQY	LLWNGPMAV	0	0.4790629	0.4636571	0.5363429
DSVNNIPSGTAVSPMNYGGSQGNLI	SGHTSYDEGEEASSLGGGNYEQY	ATDALMTGF	0	0.46881232	0.4643101	0.5356899
DSASNYIRSNVGEAPGGGYSTLT	SGHRSYFSETQASSFTGGYDEQY	HPVTKYIM	0	0.4948869	0.48172268	0.51827735
NSASDYIRSNMDKAENIALRDTGRRALT	MNHEYSMNVEVASSPGGIARGEQY	LLWNGPMAV	0	0.4844107	0.46766397	0.532336
DRGSQSIYSNGDAVNKNSGYSTLT	SGHDNFVKESKASSQDWTSSYEQY	ATDALMTGF	0	0.49946633	0.47237834	0.5276216
NSASQSVYSSGVVNLSGGYNKLI	LGHNAYSLEERASSQDGGGAYEQY	ATDALMTGF	0	0.49198905	0.4740289	0.5259711
TTLSNLVKSGEVAGPSRGSTLGRLY	SEHNRFQNEAQASSLAGYNEQF	RLRAEAQVK	0	0.492587	0.48196402	0.518036
NSASDYIRSNMDKAENLGYNFNKFY	SGHTAFQGNSAASSFLSNQPQH	RLRAEAQVK	0	0.50111884	0.4846176	0.5153824
VSGNPYYITGDNLVAVAYGQNFV	SGDLSYYNGEEASSPWRDSTDTQY	LLWNGPMAV	0	0.5056563	0.4795885	0.52041143
YGGTVNYFSGDPLVAVLAYSGAGSYQLT	SGHVSFQNEAQASSLVRTQGQGGQF	FEDLRLLSF	0	0.46757114	0.466947	0.533053
TSGFNGNVLDGLAHMDSNYQLI	DFQATTSNEGSKASARGTGGDTEAF	LLWNGPMAV	0	0.445281	0.44220185	0.55779815
TSGFNGNVLDGLAVRDSNYQLI	MNHEYSVGEGTASSYSMAGDEQF	LLWNGPMAV	0	0.46450397	0.4478039	0.5521961
NSMFDYISSIKDKAAGYSTLT	SGHRSYFSETQASSLEISYEQY	RLRAEAQVK	0	0.47514284	0.4862711	0.51372886
DSSSTYIFSNMDMAESISAGKLI	SQVTMANQGSEASIGTGGTNEKLF	LLWNGPMAV	0	0.5100053	0.47084358	0.5291564
TSENNYYQEAYKQQNASEGAGGTSYGKLT	SNHLYFYNNEIASSEPIWTGIYGYT	LLWNGPMAV	0	0.4776234	0.47134188	0.5286581
TSGFNGNVLDGLAVLDSNYQLI	LGHNAYSLEERASSQDQGQVTGELF	RLRAEAQVK	0	0.46804753	0.48905054	0.5109495
VSGNPYYITGDNLVAVSPFRTDKLI	DFQATTSNEGSKASARLDYLFYEQF	RLRAEAQVK	0	0.51352584	0.48539433	0.51460564
NIATNDYGYKTKLVGDSLYSSASKII	SGHRSYFSETQASSFVGGRSTDTQY	LLWNGPMAV	0	0.51962286	0.4709012	0.5290988
YGGTVNYFSGDPLVAVSPPMTTDSWGKFQ	MNHNSSASEGTASSEDTEAF	LLWNGPMAV	0	0.47864425	0.45466396	0.545336
TSDPSYGQGSYDQQNAMSYFELSSGGSNYKLT	SGHNTYYREEEASSWTSGGVQNIQY	LLWNGPMAV	0	0.47310844	0.45944434	0.5405556
TSDPSYGQGSYDQQNAMRGGYGQNFV	LGHNAYSLEERASSQARSSYNEQF	FEDLRLLSF	0	0.46741998	0.47970662	0.52029335
DRGSQSIYSNGDAVNTNYGQNFV	SGHDTYYEEEEASSPRRFIAGGYNEQF	LLWNGPMAV	0	0.5212504	0.46636724	0.53363276
TSESDYYQEAYKQQNAPNAGGTSYGKLT	SEHNRFQNEAQASSLGNEQF	LLWNGPMAV	0	0.4738335	0.46505976	0.53494024
NSAFQYTYSSGNAMGSSNTGKLI	SGHNTYENEEAASSPGHMQPQH	ATDALMTGF	0	0.46847096	0.4644432	0.5355568
NSASQSVYSSGVVKDNNNDMR	SGDLSYYNGEEASSETPGTSGNEQF	FEDLRLLSF	0	0.49824184	0.47580293	0.5241971
VSNAYNGSKPAVKSYNTDKLI	LGHNAYSLEERASSQDGVRQNEQF	LLWNGPMAV	0	0.47717452	0.46815202	0.531848
NSMFDYISSIKDKAARFSGNTGKLI	SGHVSFNYEAQASSLYRGYEQF	LLWNGPMAV	0	0.47261557	0.464297	0.53570294
DSAIYNIQSSQREATLSGNTPLV	SGHVSFNYEAQASSLWGGGSAF	LLWNGPMAV	0	0.4937283	0.4423932	0.5576068
TSINNIRSNEREATDADSGYSTLT	SGDLSYYNGEEASSVATGTEAF	HPVTKYIM	0	0.4674344	0.4748765	0.5251235
DSSSTYIFSNMDMAESTGKLI	SQVTMANQGSEASVGTGGTNEKLF	RLRAEAQVK	0	0.5265316	0.48978615	0.5102138
DSVNNIPSGTAVEPGTSGSRLT	LGHDTYNNKELASSYRSNSPLH	LLWNGPMAV	0	0.48964706	0.46167806	0.538322
VSGNPYYITGDNLVAVRDELTGGGNKLT	SGDLSYYNGEEASSLRTGPPYEQY	LLWNGPMAV	0	0.5109022	0.47782755	0.5221724
YGATPYYFSGDTLVAVTNAGGTSYGKLT	MNHEYSMNVEVASSLSTLVFNEQF	ATDALMTGF	0	0.5014756	0.4738734	0.52612656
DSASNYIRSNVGEAGTGGGNKLT	LGHNAYNFKEQASSQEPRGVVYEQY	LLWNGPMAV	0	0.51109344	0.45935977	0.5406403
SSVPPYYTSAATLVAVRLNTGFQKLV	SGHDTYYEEEEASSPGTRARNTIY	ATDALMTGF	0	0.4785868	0.46278244	0.53721756
NSASDYIRSNMDKAEWGFQKLV	SGHVSFQNEAQASNGGSDEQF	HPVTKYIM	0	0.4862327	0.47830975	0.52169025
SVFSSVVTGGEVAGTWRAGNNRKLI	MNHNSSASEGTASSEWGGTDTQY	LLWNGPMAV	0	0.49162135	0.468847	0.531153
TTSDRLLSNGAVAVDIPYGGSQGNLI	MDHENSYDVKMASSLWGSTDTQY	LLWNGPMAV	0	0.50690913	0.45367706	0.5463229
TSGFNGNVLDGLAVRDDYKLS	SEHNRFQNEAQASSTTRTSGSPHEQY	LLWNGPMAV	0	0.4653684	0.4515393	0.54846066
TSDPSYGQGSYDQQNAMREGYTGRRALT	SGHNTYYREEEASSWATNSEQETQY	ATDALMTGF	0	0.44968474	0.4602882	0.53971183
DSAIYNIQSSQREAVGGLIKAAGNKLT	PRHDTFYEKMQASSTGLADYNEQF	LLWNGPMAV	0	0.480539	0.4563954	0.5436047
TRDTTYYRNSFDEQNALSESTSGTYKYI	SEHNRFQNEAQASSLAEDPYEQY	HPVTKYIM	0	0.45462635	0.45981827	0.54018176
NSMFDYISSIKDKAARSSTTSGTYKYI	DFQATTSNEGSKASAARTGERYGYT	FEDLRLLSF	0	0.4564579	0.46670723	0.5332928
DSASNYIRSNVGEAPLGGFGNEKLT	SGHDYFNNNVPASSFGTDYGYT	LLWNGPMAV	0	0.49310032	0.46380723	0.5361928
