tra	trb	peptide	true_label	probability
NIATNDYGYKTKLVGPFMR	LGHNAYNFKEQASSQDPDTQY	DATYQRTRALVR	1	0.42030033
VSGLRGLYSAGEEAALANQAGTALI	SGHNTYYREEEASSLEGDTEAF	DATYQRTRALVR	1	0.33856186
VSGLRGLYSAGEEAVHPNQAGTALI	SGHKSYYEKEEASSPGTDYGYT	DATYQRTRALVR	1	0.059860874
VGISALSSGKAAVVRGDKII	SGHNSFNNNVPASSLTSTRQPQH	GPRLGVRAT	1	0.610787
TISGTDYGLTSNILSNNNDMR	GTSNPNSVGIGAWSISDLAKNIQY	NLVPMVATV	1	0.010134056
SVFSSVVTGGEVAGGLIYNQEGKLI	MNHNSSASEGTARRSRGENNGGV	VLFGLGFAI	1	0.97771364
DSASNYIRSNVGEAASFIHNQGGKLI	SSHATFNYEAQASSRDRTGRANYGYT	NLVPMVATV	1	0.05192292
TRDTTYYRNSFDEQNALIPVYNQGGKLI	SEHNRFQNEAQASSNFLGQGDEKLF	NLVPMVATV	1	0.14702392
KALYSLLKGGEQGTEIGPRVGNKLV	LNHDASQIVNDASTNGWNNSPLH	RPPIFIRRL	1	0.39804238
TISGTDYGLTSNILPLAGGTSYGKLT	SQVTMANQGSEASVEYRDNEQF	NLVPMVATV	1	0.066159084
TSINNIRSNEREATGPIYGGSQGNLI	DFQATTSNEGSKASASQDPYEQY	DATYQRTRALVR	1	0.9785234
TTLSNLVKSGEVAGLGDSGGSNYKLT	LGHDTYNNKELASRQDRWEKMGQNIRR	VLFGLGFAI	1	0.52233124
NIATNDYGYKTKLVGDMAGGFKTI	SGHNTYYREEEASSWTQGDEQY	DATYQRTRALVR	1	0.44099757
VSGLRGLYSAGEEAVNAGNMLT	SGHVSFQNEAQASSAGGQVEEQY	DATYQRTRALVR	1	0.23568879
NSMFDYISSIKDKAASGGNNNDMR	MRHNASNTAGTASSVTPSSYNEQF	NLVPMVATV	1	3.4017688e-07
YGGTVNYFSGDPLVAVNAAGNDYKLS	SEHNRFQNEAQASSTRTGQETQY	NLVPMVATV	1	0.092303455
NSASQSVYSSGVVNANSGNTPLV	GTSNPNSVGIGAWSPAGLAMYEQY	DATYQRTRALVR	1	0.70568216
TSINNIRSNEREATDGDDYKLS	LGHDTYNNKELSARDNLRANYGYT	NLVPMVATV	1	0.006022574
NSASDYIRSNMDKAESGGSNYKLT	SGHDTYYEEEEASSLDLYGYT	NLVPMVATV	1	0.2262667
TRDTTYYRNSFDEQNALSYLGLQAGTALI	MGHRAYSYEKLASSQDPWAGSAF	DATYQRTRALVR	1	0.03696406
DSAIYNIQSSQREAALITQGGSEKLV	SGDLSYYNGEEASSPLRGVYYNEQF	NLVPMVATV	1	0.17674223
TSGFNGNVLDGLAVRRAGNDMR	SGDLSYYNGEEASSGTNSPLH	NLVPMVATV	1	0.3771704
YGATPYYFSGDTLVAVAFGNQFY	MNHEYSMNVEVASSMTSGALYNEQF	NLVPMVATV	1	0.8435355
TSGFNGNVLDGLAVRDSNYQLI	MNHEYSVGEGTASSDRETYEQY	NLVPMVATV	1	0.0010746112
VSGLRGLYSAGEEAVTYNNNDMR	SNHLYFYNNEIAAGTRTDTQY	NLVPMVATV	1	0.020629216
DSSSTYIFSNMDMAESKRDGGATNKLI	KGHSHLQKENIASSPSREGYT	NLVPMVATV	1	0.839761
TSGFNGNVLDGLAVRSLNSGNTPLV	SQVTMANQGSEASGGQDYNEQF	NLVPMVATV	1	0.09148886
TSESDYYQEAYKQQNAWAQGGSEKLV	SEHNRFQNEAQASSLGQGNSPLH	NLVPMVATV	1	5.5076306e-08
TSGFNGNVLDGLAVLDSNYQLI	MNHNSSASEGTASSEDSGGYNEQF	NLVPMVATV	1	0.02145168
NSAFQYTYSSGNARNTGNQFY	MNHEYSVGAGIASSYQTGAGGYGYTG	NLVPMVATV	1	0.4021268
NSASDYIRSNMDKAETPGPSYDKVI	GTSNPNSVGIGAWSISDLAKNIQY	NLVPMVATV	1	0.048615947
TSDPSYGQGSYDQQNAMRVFLNSGGSNYKLT	MNHEYSMNVEVASSLFAGAETQY	NLVPMVATV	1	9.360842e-05
NSASQSVYSSGVAPTNFGNEKLT	SGHDYFNNNVPASTHGTSGEDTQY	NLVPMVATV	1	0.89896613
TSGFNGNVLDGLAVTDSNYQLI	DFQATTSNEGSKASARDMASGRNEQY	NLVPMVATV	1	0.00058364414
SIFNTLYKAGELAGYYNTDKLI	MGHRAYSYEKLASSQVGPGETQY	DATYQRTRALVR	1	0.36746964
TISGTDYGLTSNILSNNNDMR	MNHEYSVGAGIASSPSTGVTFYGYT	NLVPMVATV	1	0.1912895
YGATPYYFSGDTLVAVGLNNNAGNMLT	LGHNAYSLEERASSQAYDARYEQF	RPPIFIRRL	1	0.32869354
TISGTDYGLTSNILIPTGTYKYI	MNHEYSMNVEVASSLEGFTEAF	NLVPMVATV	1	0.009686084
SIFNTLYKAGELAGPMKTSYDKVIFG	SGHDYFNNNVPASSSANYGYTFG	NLVPMVATV	1	0.2980847
VGISALSSGKAVRATGTASKLT	SQVTMANQGSEASVAGQGDDHTDTQY	NLVPMVATV	1	0.31629744
NIATNDYGYKTKLIPGVSGNTPLV	LNHNVYYDKDFATSVTGDPNTEAF	DATYQRTRALVR	1	0.4554986
SSNFYAMTLNGDEAFRYWSWGKLQ	KGHDRSFDVKDATMNGLSSYNEQF	RPPIFIRRL	1	0.45611918
TSGFNGNVLDGLAVMDSSYKLI	MRHNASNTAGTASSAGTSPTDTQY	DATYQRTRALVR	1	0.14608423
DSASNYIRSNVGEAAPYSGGSNYKLT	SGHTAFQGTGAASSLVGTGELF	NLVPMVATV	1	0.8561293
VSPFSNMTFSENTVVHAGNMLT	MNHNSSASEGTASSEGLGGALYGYT	NLVPMVATV	1	0.14308482
TSGFYGNALDGLAVRDQEGNTPLV	DFQATTSNEGSKASAREEGTQAWETQY	NLVPMVATV	1	0.43606025
TTSDRLLSNGAVAVDISNAGNMLT	SQVTMANQGSEASVVDYGYT	NLVPMVATV	1	0.032913882
SSNFYAMTLNGDEAFITGNQFY	SGHTAFQGNSAASSQTQLWETQY	NLVPMVATV	1	0.44442213
YGATPYYFSGDTLVAAGAAQGAQKLV	SEHNRFQNEAQASSLVTGNQPQH	GPRLGVRAT	1	0.6104168
TSINNIRSNEREATDAPSNYQLI	SNHLYFYNNEIASSSSGRDYEQY	NLVPMVATV	1	0.27467266
NSASQSVYSSGVVKRGYSTLT	SQVTMANQGSEASVESMDRNYEQY	VLFGLGFAI	1	0.1690604
NYSPAYIRENEKEALGGNNRLA	GTSNPNSVGIGAIDRVGTGELF	NLVPMVATV	1	0.23228993
NSASQSVYSSGVVNEGPGAGSYQLT	SEHNRFQNEAQASSPDYDQETQY	NLVPMVATV	1	0.0068107755
VSGNPYYITGDNLVAVRGYGNKLV	LGHNAYSLEERASSQVPPGQGTDTQY	GPRLGVRAT	1	0.56781477
SVFSSVVTGGEVAVTYSGAGSYQLT	SGHTAFQGNSAASSFLQGNQPQH	NLVPMVATV	1	0.98220086
NSMFDYISSIKDKAASIGAGNMLT	KGHSHLQKENIASSPPGLPGYT	NLVPMVATV	1	8.077975e-07
SSVSVYYLSGSTLVAVSEGVVWDLYGGSQGNLI	MNHNSSASEGTASREDGTEAF	NLVPMVATV	1	0.94366807
DRGSQSIYSNGDAVKWSGQNFV	DFQATTSNEGSKASAETGNTEQF	DATYQRTRALVR	1	0.8891521
NSMFDYISSIKDKAASDGAGNMLT	MDHENSYDVKMASRGLIIQRSSYEQY	VLFGLGFAI	1	0.040686727
VTNFRSLTSSGIEAVTHRFHTASKLT	WNHNNSYGVQDASSDALQETQY	NLVPMVATV	1	1.0990227e-05
TSINNIRSNEREATDARAGGTSYGKLT	MNHNYSVGAGIASSFGQRDRGYWRNTEAF	NLVPMVATV	1	0.41118103
SIFNTLYKAGELAGQLWTGTASKLT	SGHNTYYREEEASSLGRGIYEQY	NLVPMVATV	1	0.117657304
NIATNDYGYKTKLVGDLINSGGYNKLI	MNHNYSVGAGIASSSPSGVYNEQF	DATYQRTRALVR	1	0.7374344
TSENNYYQEAYKQQNAFPINHSGGSNYKLT	SGHDYFNNNVPASSSTNGYT	NLVPMVATV	1	0.6485811
SVFSSVVTGGEVAGAGSEGSGAGSYQLT	LNHNVYYDKDFATSRPTVGSRLRDGYT	NLVPMVATV	1	0.9984676
TTLSNLVKSGEVAGKTSYDKVI	MGHDKSYGVNSATEQGMHEQY	NLVPMVATV	1	0.16570875
NTAFDYIRPDVSEAASRSNSGYALN	LGHNAYSLEERASSQDISRGQTLFGNSPLH	NLVPMVATV	1	0.00014223912
DSSSTYIFSNMDMAEEMDSSYKLI	DFQATTSNEGSKASAPFPGQGDYGYT	NLVPMVATV	1	0.39285046
DRGSQSIYSNGDAVKGSQGNLI	MGHRAYSYEKLASSARGGGNNEQF	NLVPMVATV	1	0.9600907
NSMFDYISSIKDKAASDPNSGYALN	MGHRAYSYEKLASSQVGPNEKLF	DATYQRTRALVR	1	1.1147645e-05
TSESDYYQEAYKQQNALGGGAQKLV	MDHENSYDVKMASRLGLGDREDEKLF	RPPIFIRRL	1	0.0002908025
NSMFDYISSIKDKAAPTGFGNEKLT	SGHRSYFSETQASSSGLAGVETGELF	NLVPMVATV	1	2.1475346e-07
DSASNYIRSNVGEAADTLLNAGGTSYGKLT	SGHDTYYEEEEASSGRGFLNYGYT	NLVPMVATV	1	0.33094826
SSYSPSYTSAATLVVPPYEKLT	MGHDKSYGVNSVPPYEKLT	NLVPMVATV	1	0.63698757
DSASNYIRSNVGEAAYSPAGGGADGLT	MNHEYSVGEGTASSYSGTNQPQH	NLVPMVATV	1	0.5347149
NSMFDYISSIKDKAASGNTGNQFY	SGHDYFNNNVPASSYNEQF	NLVPMVATV	1	2.1337617e-06
TSGFYGNALDGLAVRDQEGNTPLV	SGHNSFNNNVPASSSVNEQY	NLVPMVATV	1	0.3942255
TRDTTYYRNSFDEQNALSNTGGFKTI	SGDLSYYNGEEASSVDLKAGEEGEQF	DATYQRTRALVR	1	0.8718379
NSASQSVYSSGVVNPPPDDYKLS	SGDLSYYNGEEASSESPIGDEPLH	DATYQRTRALVR	1	0.3380562
DRGSQSIYSNGDAVNADYGGATNKLI	MNHEYSMNVEVASSPPQFTEAF	GPRLGVRAT	1	0.6246134
NIATNDYGYKTKLVGGGSQGNLI	SNHLYFYNNEIASNDPPGATNNEQF	DATYQRTRALVR	1	0.42275453
TRDTTYYRNSFDEQNALSEFRGNTPLV	SNHLYFYNNEIASSEPIGTGGNQPQH	NLVPMVATV	1	0.0063051144
TTLSNLVKSGEVAGWPLYGQNFV	MNHEYSMNVEVASSSGTGGFNQPQH	GPRLGVRAT	1	0.6216753
DRGSQSIYSNGDAVKYGNKLV	DFQATTSNEGSKASAEDGNSPLH	DATYQRTRALVR	1	0.8876682
DSSSTYIFSNMDMAESINQGGKLI	DFQATTSNEGSKASARLPRDYSNQPQH	NLVPMVATV	1	0.71110326
NSASQSVYSSGVVNVGYGGSQGNLI	MNHNSSASEGTASSGNGQDLQPQH	DATYQRTRALVR	1	0.43007815
DSASNYIRSNVGEAATDNARLM	LNHNVYYDKDFATSRDLAEVNTEAF	NLVPMVATV	1	0.2668676
SSYSPSYTSAATLVVVSEWAAGNKLT	SGHDNFVKESKASSQEQGDIQY	NLVPMVATV	1	0.67799467
TISGNEYGLKNNIAVSQGGSEKLV	DFQATTSNEGSKASAADRGLGETQY	NLVPMVATV	1	0.18067135
NYSPAYIRENEKEALRGGYSTLT	MDHENSYDVKMASSPITGTSLANEQF	VLFGLGFAI	1	0.18779707
SSNFYAMTLNGDEARNTGNQFYFGT	MNHEYSVGAGIASSSVTGTGNYGYTFG	NLVPMVATV	1	0.082738966
TSDPSYGQGSYDQQNAMREGHTNAGKST	LGHNAYSLEERASSQVAGGAGGPREYNEQF	NLVPMVATV	1	4.8540085e-05
TSGFNGNVLDGLAVRDRWSGGYQKVT	MNHEYSMNVEVASSFGQGSSPLH	NLVPMVATV	1	0.03226048
VSNAYNGSKPAVSNNNDMR	SGHNSFNNNVPASSVVERAF	NLVPMVATV	1	0.5582399
SVFSSVVTGGEVASHTLT	SEHNRFQNEAQASSLLGEKLF	RPPIFIRRL	1	0.006142122
NSMFDYISSIKDKAASESGGSNYKLT	MDHENSYDVKMASSGRWTAYNEQF	NLVPMVATV	1	4.6907127e-07
NIATNDYGYKTKLVGDGAGYSTLT	LNHDASQIVNDASSVALGNQETQY	DATYQRTRALVR	1	0.566633
YGATPYYFSGDTLVAGGGSSNTGKLI	SGHTAFQGNSAASSLLAVGTGGNTEAF	NLVPMVATV	1	0.9714597
TSGFNGNVLDGLAVTTGNAGNMLT	SGHDNFVKESKASSHGTGYNQPQH	NLVPMVATV	1	0.0071940976
TISGNEYGLKNNIVRVFNDYKLS	SEHNRFQNEAQASSLVTGNQPQH	GPRLGVRAT	1	0.2752156
SSVPPYYTSAATLVAVSNTGFQKLV	SGHRSYFSETQASSEGDRGLANEKLF	GPRLGVRAT	1	0.17862587
NSMFDYISSIKDKAASGLNNNAGNMLT	SGHDNFVKESKASSPGQLQETQY	NLVPMVATV	1	8.9125837e-07
YGATPYYFSGDTLVALQTGANNLF	LGHDTYNNKELASSQDRWDVMSQNIQY	VLFGLGFAI	1	0.43376356
TSINNIRSNEREATDVSYNTDKLI	MNHEYSMNVEVASSPTSGGYNEQF	GPRLGVRAT	1	0.22072195
SVFSSVVTGGEVAGGEAGNMLT	MDHENSYDVKMASLGIPYEQY	RPPIFIRRL	1	0.12432614
VSGNPYYITGDNLVAVRAYGQNFV	LGHNAYSLEERASSQTPPGQGTDTQY	GPRLGVRAT	1	0.3600455
YGGTVNYFSGDPLVAVKNGGSQGNLI	PRHDTFYEKMQASSRGHPLQF	NLVPMVATV	1	0.19685587
TRDTTYYRNSFDEQNALSEANQAGTALI	LGHNAYSLEERASSQERGGKWAYEQY	NLVPMVATV	1	0.48628393
TSENNYYQEAYKQQNAFMIHAGGTSYGKLT	LNHDASQIVNDASSTGSYGYT	NLVPMVATV	1	0.99996305
TSESDYYQEAYKQQNAYIQGAQKLV	MRHNASNTAGTASSASGGAYNEQF	RPPIFIRRL	1	0.070707604
YGGTVNYFSGDPLVAVTGGFKTI	SGHATFQNNGVASSLYNEQF	GPRLGVRAT	1	0.06794212
SVFSSVVTGGEVAGTNTGGFKTI	SGHVSFQNEAQASRIELPGAGELF	NLVPMVATV	1	0.022870762
NSMFDYISSIKDKAASGTQTGANNLF	SGHTAFQGNSAASSLGFLGPAAGNTIY	NLVPMVATV	1	6.9672515e-06
TSESDYYQEAYKQQNAYISNNDMR	ENHRYSYGVKDAISVSGTRVYNEQF	NLVPMVATV	1	3.7514646e-06
TTLSNLVKSGEVAGLGDSGGSNYKLT	LGHDTYNNKELASSQDRWDVMSKNIQY	VLFGLGFAI	1	0.16352503
TRDTTYYRNSFDEQNAARSNFGNEKLT	SGHDNFVKESKASSAWDRSSGANVLT	NLVPMVATV	1	0.30860132
TSENNYYQEAYKQQNVITHNNNDMR	MGHRAYSYEKLASSQEAGTGTYEQY	RPPIFIRRL	1	0.3338911
VGISALSSGKAVRFSPVGRNTDKLI	MNHEYSMNVEVASSPGTGGPFSEQY	GPRLGVRAT	1	0.20260474
SSYSTFSSENQEARQDGNQFY	PRHDTFYEKMQASSPVAGGAYNEQ	NLVPMVATV	1	0.0008568394
SSVPPYYTSAATLVAVRMGGGAGYSTLT	KGHDRSFDVKDATSDSAGYNEQF	NLVPMVATV	1	0.21278933
NIATNDYGYKTKLVGDLGNTGFQKLV	SQVTMANQGSEASVEEGLQTGELF	DATYQRTRALVR	1	0.35382554
DSAIYNIQSSQREAVNQAGTALI	SGHNTYENEEAASSVDSGSTNEQF	NLVPMVATV	1	0.059613895
DSAIYNIQSSQREAVRLIQGAQKLV	SGDLSYYNGEEASSVEGQGDTEAF	NLVPMVATV	1	0.2537577
TRDTTYYRNSFDEQNALSEAGGYSTLT	DFQATTSNEGSKASAKVEGYEQY	NLVPMVATV	1	0.07720529
DSAIYNIQSSQREAVRSDQAGTALI	SGHDTYYEEEEASSLGTGELF	NLVPMVATV	1	0.062433284
TSGFYGNALDGLAVRDQEGNTPLV	MDHENSYDVKMASMGGSNEQF	NLVPMVATV	1	0.20990384
TSGFNGNVLDGLAVETGGFKTI	LGHNAYSLEERASSQEPSGMVSRDNEQF	DATYQRTRALVR	1	0.15905811
TSDPSYGQGSYDQQNAMREETDSWGKLQ	DFQATTSNEGSKASARDRGGENTGELF	NLVPMVATV	1	0.8180901
TSINNIRSNEREATAGYNTDKLI	SGDLSYYNGEEASSVDRAGPDTDTQY	GPRLGVRAT	1	0.013274767
NSMFDYISSIKDKAAKGGSEKLV	SGHRSYFSETQASSLQGIGAKNIQY	NLVPMVATV	1	2.3062573e-06
NYSPAYIRENEKEALSGYSTLT	SQVTMANQGSEASILGSNAGPQETQY	NLVPMVATV	1	0.017570633
DSAIYNIQSSQREAVGYGNKLV	LNHNVYYDKDFATSSEATGVGETQY	DATYQRTRALVR	1	0.5016265
TTSDRLLSNGAVAVDRLDTDKLI	MGHRAYSYEKLASSQQETYEQY	NLVPMVATV	1	0.2548754
YGATPYYFSGDTLVAVGERDSNYQLI	MNHNSSASEGTASSELEAYGYT	DATYQRTRALVR	1	0.44846392
SSNFYAMTLNGDEARNTGNQFY	MNHEYSVGAGIASSLVTGTGWGYT	NLVPMVATV	1	0.042872295
SSNFYAMTLNGDEAFSYNNNDMR	MGHRAYSYEKLASSQDRFTDPYGYT	RPPIFIRRL	1	0.32667983
TSGFNGNVLDGLAVRDSNYQLI	MRHNASNTAGTASSDSTSGGNEQF	NLVPMVATV	1	0.009348379
TSESDYYQEAYKQQNARLHQTGANNLF	SNHLYFYNNEIASSEGYIYEQY	NLVPMVATV	1	9.4743825e-07
TRDTTYYRNSFDEQNALSGDDYKLS	SGDLSYYNGEEASSVASGRAHEQY	NLVPMVATV	1	0.063919425
TTLSNLVKSGEVAGKSLFGTNAGKST	MGHRAYSYEKLASSRGQGPGQETQY	NLVPMVATV	1	0.24722432
NIATNDYGYKTKLVGLFSDGQKLL	MNHNSSASEGTASSETTGPAYEQY	DATYQRTRALVR	1	0.14502698
YGGTVNYFSGDPLVAANSGGSYIPT	SGHVSFQNEAQASSDSAGELF	DATYQRTRALVR	1	0.47071984
VSPFSNMTFSENTVVVAYSGAGSYQLT	SGHTAFQGNSAASSLTGTTYGGYT	NLVPMVATV	1	0.9217096
SSVPPYYTSAATLVAVTSYARLM	SGHRSYFSETQASSVTGTEADEQF	NLVPMVATV	1	0.028813103
SSNFYAMTLNGDEAFNRDDKII	MDHENSYDVKMASRRQGTVYEQY	NLVPMVATV	1	0.19649172
YGATPYYFSGDTLVAVPPQGGSEKLV	MNHEYSVGEGTASFSPRVYEQY	NLVPMVATV	1	0.8176537
DSASNYIRSNVGEAASEETSYDKVI	MDHENSYDVKMASSLRAADTQY	RPPIFIRRL	1	0.81215227
TISGNEYGLKNNIVRVGYTGFQKLV	MGHRAYSYEKLASRGTGGGSGQPQH	NLVPMVATV	1	0.20636454
TSGFNGNVLDGLAVWGNTGKLI	SGHKSYYEKEEASSPGGGMNTEAF	NLVPMVATV	1	0.0069165444
NSASQSVYSSGVVNDGQNFV	DFQATTSNEGSKASARRTGSTYNEQF	NLVPMVATV	1	0.9099288
SSYSPSYTSAATLVVVSDGYGGATNKLI	SGHDTYYEEEEASSLDRAIGVTYEQY	VLFGLGFAI	1	0.014111994
SIFNTLYKAGELAGPIPPGNEKLT	SGHNSFNNNVPASSSANYGYT	NLVPMVATV	1	0.038326044
VSGLRGLYSAGEEAVVDQAGTALI	MGHRAYSYEKLASSAGGGSYNEQF	NLVPMVATV	1	0.41448787
TSESDYYQEAYKQQNAYIQGAQKLV	SEHNRFQNEAQASSLGGGEGGSSYEQY	RPPIFIRRL	1	0.001762117
DSAIYNIQSSQREAEDSGNTPLV	SEHNRFQNEAQASSLLGVSYYNEQF	NLVPMVATV	1	0.04343901
TSINNIRSNEREASTGTASKLT	SGDLSYYNGEEASSVGTSDTDTQY	GPRLGVRAT	1	0.33845696
TSENNYYQEAYKQQNAFGSQGNLI	SQVTMANQGSEASVPRPYGYT	RPPIFIRRL	1	0.467369
VSGNPYYITGDNLVAVRQDYQLI	MNHEYSVGAGIASGPGTSATDTQY	NLVPMVATV	1	0.19090645
VSGNPYYITGDNLVAVRDISARLM	SGHNSFNNNVPATAGTGGL	NLVPMVATV	1	0.9937145
SSVPPYYTSAATLVAARRETGGSYIPT	SGDLSYYNGEEASSVARDRASTDTQY	GPRLGVRAT	1	0.5455882
NSAFQYTYSSGNAMNGARLMFGD	DFQATTSNEGSKASARDVLAGGSDTQYFG	NLVPMVATV	1	0.15113415
YGGTVNYFSGDPLVAVNAGNNRKLI	MNHNYSVGAGIASTGSVSTDTQY	NLVPMVATV	1	0.071718365
TTSDRLLSNGAVAVDIHPNDYKLS	LNHDASQIVNDASSELAGGGDTQY	NLVPMVATV	1	0.0001142134
TSGFNGNVLDGLAVLSSGGSYIPT	MDHENSYDVKMASSKFRDSSYEQY	GPRLGVRAT	1	0.386716
TSENNYYQEAYKQQNAFASSNTGKLI	MGHRAYSYEKLASSQDIWTSGYT	RPPIFIRRL	1	0.0025227068
DSSSTYIFSNMDMAEISPSGGSYIPT	KGHDRSFDVKDATSDLKVHSGNYGYT	NLVPMVATV	1	0.19052735
TSESDYYQEAYKQQNAYETGNQFY	SGHATFQNNGVASSFPVTAITGNTEAF	GPRLGVRAT	1	0.08792891
SVFSSVVTGGEVAGGHGGSQGNLI	LNHDASQIVNDASSTRSTGELF	NLVPMVATV	1	0.9474974
DRGSQSIYSNGDAVKYGQKLL	WNHNNSYGVQDASSEITTARNQYEQY	DATYQRTRALVR	1	0.46281132
TSESDYYQEAYKQQNAYTQGAQKLV	KGHTFFQNEQVASSDHLGGQGNTIY	RPPIFIRRL	1	0.0033012812
TRDTTYYRNSFDEQNALITALNNAGNMLT	SGHDTYYEEEEASSSQGWGRVYSEQF	NLVPMVATV	1	0.33236724
DSAIYNIQSSQREAVLNSNSGYALN	SGHDTYYEEEEASSRQESYGYT	NLVPMVATV	1	0.07023384
NIATNDYGYKTKLVGSPVPFSGGYNKLI	SGHRSYFSETQASSLDRPSGMAAETQY	NLVPMVATV	1	0.0012039004
NSMFDYISSIKDKAASDQTGANNLF	MNHEYSVGAGIASSLQGASGYT	NLVPMVATV	1	1.09299606e-07
TISGTDYGLTSNILNRDDKII	DFQATTSNEGSKASALYPLAGPGNEQF	DATYQRTRALVR	1	0.9243524
SSYSPSYTSAATLVVPPYEKLT	MGHDKSYGVNSASSLLVEQ	NLVPMVATV	1	0.93977517
YGGTVNYFSGDPLVAVMAPHTGGFKTI	SGHNSFNNNVPASSWETETEAF	VLFGLGFAI	1	0.27175677
NSMFDYISSIKDKAASLLQGAQKLV	LGHDTYNNKELASSQDRWDVMSKNIQY	VLFGLGFAI	1	0.024265809
SVFSSVVTGGEVSGTPGLPRDDKII	MGHRAYSYEKLASSYDRGPREGYT	NLVPMVATV	1	0.60642827
VSGNPYYITGDNLVAVSYGNMLT	MNHEYSMNVEVASNPVAGLPGEQY	NLVPMVATV	1	0.02403211
SSNFYAMTLNGDEAWMNRDDKII	SGDLSYYNGEEASSVVGYLGYT	NLVPMVATV	1	0.06717167
NIATNDYGYKTKLVGGNFNKFY	SGHTAFQGNSAASSDLAGTSGTNTYEQY	DATYQRTRALVR	1	0.86363834
SSYSPSYTSAATLVVVSAGSIVSGGYNKLI	ENHRYSYGVKDAIRDKMNTEAF	NLVPMVATV	1	0.2317211
VSGNPYYITGDNLVAVRERNAGNNRKLI	DFQATTSNEGSKASARGADTQY	NLVPMVATV	1	0.022049336
NIATNDYGYKTKLVGDHSGTYKYI	SGHNTYYREEEASSWTQGDEQY	DATYQRTRALVR	1	0.5826583
VSPFSNMTFSENTVVSGGGGFKTI	SGHNSFNNNVPASILASYTDTQY	GPRLGVRAT	1	0.5528069
DSSSTYIFSNMDMAHLGGSSNTGKLI	MDHENSYDVKMAVNGGSNYGYT	NLVPMVATV	1	0.26337254
VGISALSSGKAVRSNFGNEKLTFGT	MNHEYSMNVEVASSFWDRVSGANVLTFG	NLVPMVATV	1	0.3766819
NIATNDYGYKTKLVDPLAAGGYNKLI	MNHEYSMNVEVASSSRVGDTGELF	DATYQRTRALVR	1	0.2496274
DSSSTYIFSNMDMAVYGNNRLA	DFQATTSNEGSKASARDHGGDYGYT	NLVPMVATV	1	0.37885317
TSGFNGNVLDGLAVMDSSYKLI	MRHNASNTAGTASSDSGEAGELF	NLVPMVATV	1	0.009596056
DSSSTYIFSNMDMAEITGGGNKLT	DFQATTSNEGSKASATDVTKGQLISGYT	NLVPMVATV	1	0.84801775
TSESDYYQEAYKQQNAYRSPYSGGGADGLT	KGHDRSFDVKDATSDLGLAGDTQY	DATYQRTRALVR	1	0.05992088
SSYSTFSSENQEARNTGNQFY	PRHDTFYEKMQASSFQTGASYGYTFG	NLVPMVATV	1	2.4477331e-05
VSGNPYYITGDNLVAVRNNNARLM	SGHDYFNNNVPASSIVNEAF	NLVPMVATV	1	0.004489552
TSINNIRSNEREATGPIYGGSQGNLI	SGHDYFNNNVPASSLIFRDGEKLF	DATYQRTRALVR	1	0.9796126
VSGNPYYITGDNLVAVRERNAGNNRKLI	MNHEYSMNVEVASSSGGLSEQY	NLVPMVATV	1	0.02991154
VSGNPYYITGDNLVAVRPQDTGRRALT	MNHEYSVGEGTASSYFEGQPQH	DATYQRTRALVR	1	0.17113318
TISGTDYGLTSNILLGTGANNLF	KGHSHLQKENIASSPKLQGAWAEKLF	NLVPMVATV	1	0.16160057
TISGTDYGLTSNILTHSNSGYALN	SGDLSYYNGEEASSEVADYNEQF	DATYQRTRALVR	1	0.27496788
NSASDYIRSNMDKAEKRPTDKLI	SNHLYFYNNEIASSEVGVFEAF	DATYQRTRALVR	1	0.10783358
SSNFYAMTLNGDEARNTGNQFY	MNHEYSVGAGIASSWKTGTGGTGYT	NLVPMVATV	1	0.002651725
SSVPPYYTSAATLVAVSDPYSKAAGNKLT	SGHATFQDESVASRGTHYGYT	GPRLGVRAT	1	0.7631847
TSESDYYQEAYKQQNAYRSAGGGTSYGKLT	SNHLYFYNNEIASSPGTGGNEQY	DATYQRTRALVR	1	0.032056786
DSASNYIRSNVGEAASRKGSNYKLT	WNHNNSYGVQDASSADSYGANVLT	NLVPMVATV	1	0.12497848
SSNFYAMTLNGDEASGNNARLM	MNHNSSASEGTASSEDHTGFYEQY	NLVPMVATV	1	0.050094057
TTLSNLVKSGEVAGNTGNQFY	MNHEYSVGAGIASSLQTGATFNYGYT	NLVPMVATV	1	0.12784104
TSGFYGNALDGLAVRDPVGNQFY	SNHLYFYNNEIASSDPGVDRNTEAF	NLVPMVATV	1	0.028900152
VSGNPYYITGDNLVAVRGSFYNQGGKLI	KGHDRSFDVKDATSDLRRTDTQY	NLVPMVATV	1	0.02114878
NIATNDYGYKTKLVGDYSSASKII	SGHRSYFSETQASSLARETYEQY	RPPIFIRRL	1	0.005678
DSSSTYIFSNMDMAEIPNYGGSQGNLI	SGHDYFNNNVPASSFIGGVDGYT	NLVPMVATV	1	0.020262962
DSASNYIRSNVGEAASPRNNDMR	LGHNAYNFKEQASSQEGAGADEQF	DATYQRTRALVR	1	0.041788846
NIATNDYGYKTKLVGAQHSGGYNKLI	SGHATFQNNGVASSFPVTAITGNTEAF	GPRLGVRAT	1	0.29762316
VSGNPYYITGDNLVAVRDTPGGYQKVT	MNHEYSVGEGTASSYTVQPYNEQF	NLVPMVATV	1	0.17129128
DSASNYIRSNVGEASLETSYDKVI	SGHNTYYREEEASSPTDRGNTGELF	NLVPMVATV	1	0.999998
NSASQSVYSSGVVTSAGSQGNLI	KGHDRSFDVKDATSDLEGWTQY	DATYQRTRALVR	1	0.44194824
TSDPSYGQGSYDQQNAMRVPRAQGGSEKLV	SGHDNFVKESKASSQDPFAVLNTEAF	NLVPMVATV	1	5.713409e-06
DRGSQSIYSNGDAVNGNNDMR	DFQATTSNEGSKASASQDPYEQY	DATYQRTRALVR	1	0.5762424
TSENNYYQEAYKQQNAFIQGAQKLV	MGHRAYSYEKLASSQEAFNYEQY	RPPIFIRRL	1	0.13036175
NSMFDYISSIKDKATRQGNTPLV	LGHNAYNFKEQASSHQTGELF	NLVPMVATV	1	1.740316e-06
TTLSNLVKSGEVAGLGDSGGSNYKLT	LGHDTYNNKELASGDGLAGKITGELF	VLFGLGFAI	1	0.2770431
VSPFSNMTFSENTVVSRRTTGANNLF	MNHNYSVGAGIASSYTLASYEQY	NLVPMVATV	1	0.45168766
TSGFYGNALDGLAVRDRDNYGQNFV	SGHKSYYEKEEASSLEVTGLNTEAF	NLVPMVATV	1	0.21276605
SVFSSVVTGGEVAGDNNARLM	MNHEYSMNVEVASSSDPSGGGYNEQF	NLVPMVATV	1	0.54585534
VSGNPYYITGDNLVAVDNARLM	MGHDKSYGVNSASSDGSFNEQF	DATYQRTRALVR	1	0.36185005
SSNFYAMTLNGDEARNTGNQFY	MNHEYSVGAGIASSYQTGTGVYGYT	NLVPMVATV	1	0.013300481
VSPFSNMTFSENTVVSARNTGNQFY	SQVTMANQGSEASVGLAGSYNEQF	NLVPMVATV	1	0.3012281
YSGSPEHISRALRSNDYKLS	MDHENSYDVKMASSPPGRGNTGELF	NLVPMVATV	1	0.076901324
SSNFYAMTLNGDEAFNDYKLS	GTSNPNSVGIGAWVPGTGGRAAF	NLVPMVATV	1	0.018537961
TRDTTYYRNSFDEQNALSDVGMNRDDKII	MGHRAYSYEKLASSQGLGREGASEQF	NLVPMVATV	1	0.11737667
TISGTDYGLTSNILPLWLT	SGHATFQNNGVASSLEGYTEAF	NLVPMVATV	1	0.006977444
SSVSVYYLSGSTLVAVSWDTGFQKLV	SEHNRFQNEAQASSLGAANYNEQF	NLVPMVATV	1	0.012218372
TRDTTYYRNSFDEQNALSETLTSGTYKYI	SGDLSYYNGEEASSVEVGTGDNEQF	NLVPMVATV	1	0.7409854
VTNFRSLTSSGIEAVEDYGQNFV	DFQATTSNEGSKASARDRNTQGPETQY	NLVPMVATV	1	0.00064615434
NSASDYIRSNMDKAENIGGFKTI	MNHNSSASEGTASTLRDYEQY	RPPIFIRRL	1	0.47077835
NSAFQYTYSSGNAMSAGGTSYGKLT	MGHDKSYGVNSASSEYKQGVTYEQY	GPRLGVRAT	1	0.3988405
TSENNYYQEAYKQQNAVRKDKARIM	MGHRAYSYEKLASSQEWGRGTDTQY	RPPIFIRRL	1	0.07622177
TSENNYYQEAYKQQNAFMKPKGGSNYKLT	MNHEYSMNVEVASSLAGFTGELF	NLVPMVATV	1	0.6691244
TISGNEYGLKNNTRGYARYNFNKFY	SGHTAFQGTGAASSPSDYGYT	NLVPMVATV	1	0.09390468
YGGTVNYFSGDPLVAVKAHLGGATNKLI	LNHDASQIVNDASSIVGGMNTEAF	NLVPMVATV	1	0.023149049
SSVSVYYLSGSTLVKAPLV	MNHEYSMNVEVASREGSYPKNIQY	VLFGLGFAI	1	0.091558024
NIATNDYGYKTKLVGGGSQGNLI	SGDLSYYNGEEASSVELSTDTQY	DATYQRTRALVR	1	0.7020309
DSAIYNIQSSQREAVITDSWGKFQ	LNHDASQIVNDASSMGTVYLNTEAF	NLVPMVATV	1	0.9279052
NSASDYIRSNMDKAENNSGDSSYKLI	SGHDYFNNNVPASSFAHLSYNEQF	NLVPMVATV	1	0.3914638
NIATNDYGYKTKLVGDGVGGSYIPT	LGHNAYSLEERASSQVASDQETQY	DATYQRTRALVR	1	0.67255306
VSPFSNMTFSENTVVSENYGGSQGNLI	SGHDYFNNNVPASSLPPGRGYTEAF	NLVPMVATV	1	0.42825118
NSMFDYISSIKDKAASGGSNYKLT	ENHRYSYGVKDAISDRFMREEMTYGYP	VLFGLGFAI	1	0.017479453
NSASQSVYSSGVVNRVENSGYSTLT	MDHENSYDVKMASSSLIQANTEAF	DATYQRTRALVR	1	0.4656904
NSMFDYISSIKDKAASDSNYQLI	MNHNSSASEGTASSEESGRAAEQY	NLVPMVATV	1	7.766659e-09
TSDPSYGQGSYDQQNAMFDFRDDKII	LGHNAYNFKEQASSQSGGGIGNSPLH	DATYQRTRALVR	1	1.5133345e-06
DRGSQSIYSNGDAVPVQTSYDKVI	SGHDYFNNNVPASSSAYYGYT	NLVPMVATV	1	0.8458492
NIATNDYGYKTKLVGDGSGYSTLT	SGHDNFVKESKASSQVASNQETQY	DATYQRTRALVR	1	0.66743755
SSVPPYYTSAATLVAVTDNNNNDMR	MNHNSSASEGTASSDRLENNEKLF	NLVPMVATV	1	0.4347239
DRGSQSIYSNGDAVNSGYSTLT	PRHDTFYEKMQASSPGQGGDEQY	NLVPMVATV	1	0.92351764
TSGFYGNALDGLAVRDQEGNTPLV	ENHRYSYGVKDAISAGTGVRNEQY	NLVPMVATV	1	0.120767176
TTLSNLVKSGEVAGLGDSGGSNYKLT	LGHDTYNNKELASSQDHRVMRLDAGELF	VLFGLGFAI	1	0.7658824
NSMFDYISSIKDKAARANNARLM	SEHNRFQNEAQASSLEYSPRPYEQY	NLVPMVATV	1	2.7998178e-07
TSESDYYQEAYKQQNASSALGSEKLV	MGHRAYSYEKLASSLKAGNQPQH	NLVPMVATV	1	4.448975e-07
DSVNNIPSGTAVTPPPSYDKVI	SGHDYFNNNVPASSSVSGYT	NLVPMVATV	1	0.2827463
SSNFYAMTLNGDEAFNFGNEKLTFGT	MNHEYSMNVEVASSLFGGFTEAFFG	NLVPMVATV	1	0.36519268
SSNFYAMTLNGDEAFVTGNQFY	MNHEYSVGAGIASSPVTGTGTYGYT	NLVPMVATV	1	0.016031336
NSAFQYTYSSGNARNTGNQFY	MNHNSSASEGTASSETGATNYGYTG	NLVPMVATV	1	0.12150571
NSMFDYISSIKDKAASGGSNYKLT	LGHDTYNNKELASSQEVMTALQPDYGYT	VLFGLGFAI	1	0.054877516
TRDTTYYRNSFDEQNALSATSGTYKYI	LGHNAYSLEERASSQDLSLTWDTQY	GPRLGVRAT	1	0.98893994
TRDTTYYRNSFDEQNALSEVYTGRRALT	MDHENSYDVKMASSHDKITDTQY	GPRLGVRAT	1	0.33240676
SIFNTLYKAGELAGPRETSYDKVI	SGHDYFNNNVPASSSAYYGYT	NLVPMVATV	1	0.030301811
DSSSTYIFSNMDMAETRSRDYKLS	MGHRAYSYEKLASSQEEGPGNQPQH	NLVPMVATV	1	0.15061104
VSGNPYYITGDNLVAVRDKGYSTLT	LNHDASQIVNDASSIDAGSNYEQY	NLVPMVATV	1	0.0061264383
TSESDYYQEAYKQQNAYRSPNYGGSQGNLI	MNHEYSVGEGTASSYASNQPQH	NLVPMVATV	1	1.2005947e-06
VSGLRGLYSAGEEAVQAGNNNDMR	SGDLSYYNGEEASSATGSNTGELF	NLVPMVATV	1	0.22313742
TSENNYYQEAYKQQNALAYNNNDMR	MGHRAYSYEKLASSQETGSYEQY	RPPIFIRRL	1	0.09954462
TSGFYGNALDGLAVSSNTGKLI	MNHNYSVGAGIASSASRVGEDTQY	DATYQRTRALVR	1	0.54225093
VSGNPYYITGDNLVAGYYGQNFV	MDHENSYDVKMASSFQGYTEAF	NLVPMVATV	1	0.5673136
NSAFQYTYSSGNAKNTGNQFY	MNHEYSVGAGIASSPQTGTIYGYTG	NLVPMVATV	1	0.1775157
DSSSTYIFSNMDMAESSASKII	LGHDTYNNKELASSHDPTWGPGNTIY	NLVPMVATV	1	0.42739698
DSVNNIPSGTAVADTGNQFY	SGHDYFNNNVPATAITSTQY	NLVPMVATV	1	0.0064318804
SIFNTLYKAGELAGFLYNNNDMR	LGHDTYNNKELASSHERDRDTGELF	NLVPMVATV	1	0.18617052
VSGNPYYITGDNLVAVRAYGQNFV	LGHNAYSLEERASSQAPPGQGVDIQY	GPRLGVRAT	1	0.32946432
TTSDRLLSNGAVAVDKDGGATNKLI	SQVTMANQGSEASDGQAF	NLVPMVATV	1	0.28779477
TSGFNGNVLDGLAVSLDGQKLL	MNHEYSMNVEVASSPGTPTDTQY	DATYQRTRALVR	1	0.17158192
YGATPYYFSGDTLVAGGGSSNTGKLI	SGHATFQNNGVASSLLLAGYNEQF	NLVPMVATV	1	0.6461429
NSMFDYISSIKDKAAENQGGKLI	SGHNTYYREEEASSLRGQGFYEQF	NLVPMVATV	1	8.934942e-08
TISGTDYGLTSNILGWGKLQ	MNHEYSMNVEVASSLDRVTGELF	NLVPMVATV	1	0.035390865
DSAIYNIQSSQREAARTRGSTLGRLY	SGHNSFNNNVPASSSANYGYT	NLVPMVATV	1	0.023301981
TRDTTYYRNSFDEQNALSETHLGGSQGNLI	LNHDASQIVNDASSIQKAGYNEQF	NLVPMVATV	1	0.016898887
DSAIYNIQSSQREAVSLYNNNDMR	ENHRYSYGVKDAISEQEDQPQH	NLVPMVATV	1	0.24106121
TTSDRLLSNGAVAVCMDSSYKLI	SGHNTYYREEEASSLAGDYEQY	NLVPMVATV	1	0.020568123
DSSSTYIFSNMDMAVLPRLSGGYNKLI	MNHEYSVGEGTASSYLGQGSFNEQF	GPRLGVRAT	1	0.049812168
VSGNPYYITGDNLVAVRDLNARLM	SGHNSFNNNVPASSSVNEQY	NLVPMVATV	1	0.08303734
YGATPYYFSGDTLVAGRLVVGGGADALT	MNHNYSVGAGIASSYQHEQY	VLFGLGFAI	1	0.31031945
NSMFDYISSIKDKAASAISGNTPLV	LGHNAYNFKEQASSQVGTTLETQY	DATYQRTRALVR	1	5.6656864e-07
TSINNIRSNEREATDAPGGYQKVT	KGHSHLQKENIASSPWTGTLNTEAF	NLVPMVATV	1	0.0094172545
TISGNEYGLKNNIVSDIQGAQKLV	MGHRAYSYEKLASSQVGTVYGYT	NLVPMVATV	1	0.053801756
SIFNTLYKAGELAGHHYGGSQGNLI	SGHVSFQNEAQASTPGGAGDEQY	DATYQRTRALVR	1	0.74258494
TSGFNGNVLDGLAVETGGFKTI	MNHNSSASEGTASSEPRDEQF	DATYQRTRALVR	1	0.35534143
VSGNPYYITGDNLVAVNYGNMLT	MNHEYSMNVEVASSKTSGSPYNEQ	NLVPMVATV	1	0.20473719
VSGNPYYITGDNLVAVRWGAGSYQLT	SGHATFQNNGVASSFPVTAITGNTEAF	GPRLGVRAT	1	0.3471767
TSESDYYQEAYKQQNAYEAGYQLT	LGHNAYSLEERASSQDRGGLTGELF	RPPIFIRRL	1	0.15110335
DSASNYIRSNVGEAASETSYDKVI	SGHNSFNNNVPASSYSGTGDYGYT	NLVPMVATV	1	0.99992645
VSGNPYYITGDNLVAVFFGNVLHCFGNVLH	MNHEYSMNVEVASSRTGGAPEKL	NLVPMVATV	1	0.57777727
TSINNIRSNEREATDATSDKLI	SGHNTYENEEAASSRRDATRFAETQY	NLVPMVATV	1	0.3721708
NSAFQYTYSSGNARNTGNQFY	MNHEYSVGAGIASSYVTGTGSYGYTG	NLVPMVATV	1	0.22275382
TSINNIRSNEREAAFRSNDYKLS	MNHEYSVGAGIASSPVPGLDEQF	VLFGLGFAI	1	0.0013243372
TSENNYYQEAYKQQNAYIIIQGAQKLV	MNHEYSMNVEVASSLSAVHGYT	NLVPMVATV	1	0.015489812
NSMFDYISSIKDKAAEDNTDKLI	MNHEYSMNVEVASSPSWGEVNTEAF	NLVPMVATV	1	2.5496613e-08
SSVPPYYTSAATLVAVSEGSNFGNEKLT	SNHLYFYNNEIASTRESTDTQY	NLVPMVATV	1	0.27581477
TSGFYGNALDGLAVRDQEGNTPLV	MNHEYSVGAGIASSYSRSDGHLGNTIY	NLVPMVATV	1	0.2666391
TSENNYYQEAYKQQNAFMKTGVGTSYDKVI	SGHDNFVKESKASSHPEGDVLT	DATYQRTRALVR	1	0.7093475
TISGNEYGLKNNIVRPRWDSNYQLI	MGHRAYSYEKLASSQAPSMEPNEQF	NLVPMVATV	1	0.22454605
NSMFDYISSIKDKAASGGSNYKLT	ENHRYSYGVKDAISEMLIRGLANYGYP	VLFGLGFAI	1	0.05197738
NSMFDYISSIKDKAASGGSNYKLT	KGHDRSFDVKDATSDPLIKGLAEYNEQF	VLFGLGFAI	1	0.00068204256
NYSPAYIRENEKEAIDTGGFKTI	MNHNSSASEGTASSGTDSNQPQH	NLVPMVATV	1	0.7121965
NIATNDYGYKTKLVGDGSGYSTLT	MNHNYSVGAGIASSSTAADEQF	DATYQRTRALVR	1	0.74846417
NSASQSVYSSGVVNMIMNTGFQKLV	GTSNPNSVGIGAWSVTSTGGTEAF	DATYQRTRALVR	1	0.28217858
VSPFSNMTFSENTVVGYGQFY	MDHENSYDVKMASSFVSFDEQF	NLVPMVATV	1	0.12536052
NIATNDYGYKTKLVVSARQLT	MNHNSSASEGTASASGGFGDEQY	DATYQRTRALVR	1	0.49684912
SSNFYAMTLNGDEAFELILGAQKLV	MNHEYSVGEGTASSYSWTGSNYGYT	NLVPMVATV	1	0.021429073
TSENNYYQEAYKQQNAFMNHTGTASKLT	SEHNRFQNEAQASSLASRVGSPLH	NLVPMVATV	1	0.24069461
VGISALSSGKAVRSWSTDKLI	SGDLSYYNGEEASSVEGTSGRSYNEQF	NLVPMVATV	1	0.061482232
NSAFQYTYSSGNAMTGTTNAGKST	SGHNSFNNNVPASTYGSYGYT	NLVPMVATV	1	0.5515687
TSGFNGNVLDGLAVRATDSSYKLI	SEHNRFQNEAQASSFPKDGSTYEQY	NLVPMVATV	1	0.039627712
TSINNIRSNEREATDAARQLT	SGHATFQNNGVASSLDLPGPEGETQY	DATYQRTRALVR	1	0.5095351
TSINNIRSNEREATDPQFY	SGHDTYYEEEEASSLESWGRAYNEQF	NLVPMVATV	1	0.054191314
TRDTTYYRNSFDEQNALSGEGGSEKLV	MGHDKSYGVNSASSETGFGNQPQH	NLVPMVATV	1	0.06631335
TSESDYYQEAYKQQNAYPYNNNDMR	SGHATFQNNGVASSLEGYTEAF	NLVPMVATV	1	1.9218928e-06
SSNFYAMTLNGDEAFMGGAGNMLT	MNHEYSMNVEVASSLGGYGYT	DATYQRTRALVR	1	0.7912922
SSVSVYYLSGSTLVAVRGAGYALN	MNHEYSMNVEVASSFKDTNTGELF	NLVPMVATV	1	0.36560813
TSESDYYQEAYKQQNADFGNEKLT	DFQATTSNEGSKASAREWAWEETQY	GPRLGVRAT	1	0.0010604716
DSSSTYIFSNMDMAEIQASGGSYIPT	LNHNVYYDKDFATGRGGKIGEQY	NLVPMVATV	1	0.6810209
NIATNDYGYKTKLVGANTGNQFY	SGHATFQNNGVASSLAGVPNEQF	GPRLGVRAT	1	0.04307958
NIATNDYGYKTKLVGDVPSGGYQKVT	DFQATTSNEGSKASARDRGDEKLF	DATYQRTRALVR	1	0.97571814
TSESDYYQEAYKQQNAYYEGAQKLV	SGHKSYYEKEEASRIWTGGDLNTEAF	RPPIFIRRL	1	0.1531437
SIFNTLYKAGELAGQRAYSGAGSYQLT	SGHRSYFSETQASSLELAAWETQY	NLVPMVATV	1	0.019994663
NSMFDYISSIKDKAASGGSNYKLT	LNHDASQIVNDAKKTSLLGPGANYGYT	VLFGLGFAI	1	0.8377954
ATGYPSATKADDKALIYNTDKLI	SGDLSYYNGEEASSVNPAQGSGANVLT	DATYQRTRALVR	1	0.9883469
VSGNPYYITGDNLVAVRWGGKLS	SQVTMANQGSEASVDPGHTGEKLF	NLVPMVATV	1	0.08696532
VSGNPYYITGDNLVAVRPGYSSASKII	MNHNSSASEGTASSETSGRSPYEQY	NLVPMVATV	1	0.018379169
NYSPAYIRENEKEALSGYNKLI	SGHVSFQNEAQASSDSAGELF	DATYQRTRALVR	1	0.45772025
TTLSNLVKSGEVAGFPPGKLI	SGHNSFNNNVPASSPVAGVRDEQF	GPRLGVRAT	1	0.20997709
SSNFYAMTLNGDEARNTGNQFY	MNHEYSVGAGIASSPQTGVGNYGYT	NLVPMVATV	1	0.03397075
VSGNPYYITGDNLVAVRGTNARLM	SGHNSFNNNVPASSVVTEAF	NLVPMVATV	1	0.044988114
DSSSTYIFSNMDMAEIPNYGGSQGNLI	MDHENSYDVKMASSFQGYTEAF	NLVPMVATV	1	0.19072427
NIATNDYGYKTKLVGDHSGTYKYI	MNHEYSMNVEVASNPVIGDEQY	DATYQRTRALVR	1	0.14785418
TISGTDYGLTSNILPLAGGTSYGKLT	ENHRYSYGVKDAISESYEQY	NLVPMVATV	1	0.055857256
SSNFYAMTLNGDEAFSSSNTGKLI	MGHRAYSYEKLASSQDRFTDPYGYT	RPPIFIRRL	1	0.24572805
DSAIYNIQSSQREAVWRAGNMLT	MNHEYSMNVEVASSLNGRADTQY	NLVPMVATV	1	0.011890947
VSGNPYYITGDNLVAVRDNQAGTALI	SGDLSYYNGEEASSAGSGSGYNEQF	NLVPMVATV	1	0.18525101
DSVNNIPSGTVARYGQNFV	SGHRSYFSETQASSLSGDQPQH	RPPIFIRRL	1	0.044760764
TSENNYYQEAYKQQNALRDGKANLM	MGHRAYSYEKLASSQEWGRGTDTQY	RPPIFIRRL	1	0.015610738
NSMFDYISSIKDKAASGTQTGANNLF	LGHNAYSLEERASSPGYGSSGNTIY	NLVPMVATV	1	3.1792632e-07
VGISALSSGKAVRVLMEYGNKLV	MNHEYSVGEGTASSPGLASPYSYNEQF	NLVPMVATV	1	0.49021867
DSAIYNIQSSQREAGRNNNARLM	SGHRSYFSETQASSLVGSGGEQY	NLVPMVATV	1	0.060200367
TSGFNGNVLDGLAVRVSGGYNKLI	SGHVSFNYEAQASSLETVNTEAF	NLVPMVATV	1	0.00081691094
TSDPSYGQGSYDQQNAMREGGNYQLI	SNHLYFYNNEIASSEARQGLDTEAF	NLVPMVATV	1	1.8499135e-06
TISGTDYGLTSNILDNNNDMR	SGHVSFNYEAQASSLAPGTTNEKLF	NLVPMVATV	1	0.17735069
SSNFYAMTLNGDEARNTGNQFY	MNHEYSVGAGIASSPVTGGIYGYT	NLVPMVATV	1	0.04894832
SIFNTLYKAGELAGLKAAGNKLT	SQVTMANQGSEASFRDLSSYNEQF	DATYQRTRALVR	1	0.73419726
NIATNDYGYKTKILPLWLTFG	SGHDNFVKESKASSLEGYTEAFFG	NLVPMVATV	1	0.0018880302
VSPFSNMTFSENTVVSIAGNNRKLI	SGHNSFNNNVPASSPASGSLF	NLVPMVATV	1	0.57853985
SSVSVYYLSGSTLVAVTLSGGYNKLI	MNHNSSASEGTASRGQGPVRDTQY	GPRLGVRAT	1	0.19385977
VSGNPYYITGDNLVAVRVYSSASKII	SGHDYFNNNVPASSLKGGGNQPQH	GPRLGVRAT	1	0.14526738
SIFNTLYKAGELAGPMKTSYDKVI	SGHDYFNNNVPASSSANYGYT	NLVPMVATV	1	0.09471161
DSAIYNIQSSQREAVRSTFNFNKFY	LGHDTYNNKELASSQTRTSGRVDPDTQY	NLVPMVATV	1	0.088438556
SIFNTLYKAGELAGQASQGNLI	SGHDYFNNNVPASSIQALLT	NLVPMVATV	1	0.0022655926
VSGNPYYITGDNLVAVRDIIRAGSYQLT	MNHEYSMNVEVASSLPHGVGELF	GPRLGVRAT	1	0.47284943
TISGNEYGLKNNIAQGAQKLV	DFQATTSNEGSKASASASLTSGANVLT	VLFGLGFAI	1	0.3762633
VSPFSNMTFSENTVVAHAGNMLT	SGHNSFNNNVPASSPGGPVEPQH	GPRLGVRAT	1	0.3883424
VSPFSNMTFSENTVLASGGSYIPT	SGHNSFNNNVPASLAGVRTDTQY	NLVPMVATV	1	0.5466885
DSSSTYIFSNMDMADGLRTGFQKLV	MGHRAYSYEKLASSLAEKANTGELF	NLVPMVATV	1	0.03355428
TSESDYYQEAYKQQNAYKQGAQKLV	LGHNAYSLEERASSQEHERGPQH	RPPIFIRRL	1	0.045175813
VSGNPYYITGDNLVAVFFGFGNVLH	MNHEYSMNVEVASSPTGGSPSPLHFG	NLVPMVATV	1	0.0065317196
VSGNPYYITGDNLVAVRDIIARLM	SGHNSFNNNVPASSSVNEQ	NLVPMVATV	1	0.041432068
TSGFNGNVLDGLAVREDNAGNMLT	SGHDYFNNNVPASGPLLLMTNEQF	NLVPMVATV	1	0.01390846
NIATNDYGYKTKLVGDGAGGSYIPT	SGHNSFNNNVPASSTGTGVFEDTEAF	DATYQRTRALVR	1	0.6146565
TISGNEYGLKNNAGTQGNLI	MDHENSYDVKMASSLRLSYNSPLH	NLVPMVATV	1	0.32907486
TRDTTYYRNSFDEQNALGYSSASKII	SGHDTYYEEEEASRQENSGNTIY	NLVPMVATV	1	0.017369153
NIATNDYGYKTKLVGDGKAGTALI	SGHNTYYREEEASSLVPSDQETQY	DATYQRTRALVR	1	0.25204152
DSASNYIRSNVGEATYDMR	DFQATTSNEGSKASADNVAGGPGSEQF	DATYQRTRALVR	1	0.3195692
DRGSQSIYSNGDAVKRSASKII	SQVTMANQGSEASGETGNTEAF	DATYQRTRALVR	1	0.4141396
TISGNEYGLKNNIAGGSQGNLI	ENHRYSYGVKDAISEYPPTGRKADTQY	NLVPMVATV	1	0.9856253
NSASQSVYSSGVVNVGYGGSQGNLI	MDHENSYDVKMASSSLIQANTEAF	DATYQRTRALVR	1	0.34781247
TTSDRLLSNGAVAVPLYGGATNKLI	SGDLSYYNGEEASSVGTLYSGANVLT	NLVPMVATV	1	0.07746676
NSASDYIRSNMDKAERIRKGQVLTGGGNKLT	SGDLSYYNGEEASSVGDLLTGELF	DATYQRTRALVR	1	0.3466493
VSGNPYYITGDNLVAVRDYGSGGYNKLI	SGHNTYYREEEASSSRTSGINEQF	NLVPMVATV	1	0.36736146
NYSPAYIRENEKEALVTGYSTLT	SGHNTYYREEEASSSGTSGSGSYNEQF	NLVPMVATV	1	0.046367284
TISGNEYGLKNNIVRVGAAGNKLT	DFQATTSNEGSKASARDVPGTTLGGELF	NLVPMVATV	1	0.22189939
DSAIYNIQSSQREAVRRDSGYALN	MNHNYSVGAGIASSPKAGILETQY	RPPIFIRRL	1	0.0007411565
TRDTTYYRNSFDEQNALSEAPGGSYIPT	KGHDRSFDVKDATSDLLAGGKTGELF	NLVPMVATV	1	0.05004462
VSGNPYYITGDNLVAVRDLNARLM	DFQATTSNEGSKASAREEGTQAWETQY	NLVPMVATV	1	0.2115919
NSMFDYISSIKDKAASGGSNYKLT	ENHRYSYGVKDASSGRFLREGMTYGYT	VLFGLGFAI	1	0.009816642
DSASNYIRSNVGEAATPPPSYDKVI	SGHDYFNNNVPASSPGTFRYT	NLVPMVATV	1	0.3625223
DRGSQSIYSNGDAVSGTYKYI	SGHDNFVKESKASTGGGALGTEAF	NLVPMVATV	1	0.7367293
NIATNDYGYKTKLVGDIAAGGYQKVT	DFQATTSNEGSKASARDRREEKLF	DATYQRTRALVR	1	0.9351503
YSGSPEHISRALGWANNL	MNHEYSMNVEVASSPGTGHTGEL	NLVPMVATV	1	0.063793235
TISGNEYGLKNNIVRVAVKTSYDKVI	SEHNRFQNEAQASISLISTKGRKDTQY	GPRLGVRAT	1	0.43253157
TSGFNGNVLDGLAVRDSNYQLI	MNHNSSASEGTASSDAENTEAF	NLVPMVATV	1	0.0022703283
TSINNIRSNEREATASYNTDKLI	SGDLSYYNGEEASSVAPTGDTDTQY	GPRLGVRAT	1	0.3898747
TSENNYYQEAYKQQNAYSTNAGGTSYGKLT	LNHDASQIVNDASSSGIYGYT	NLVPMVATV	1	0.9952656
TSGFNGNVLDGLAVMDSSYKLI	MNHNSSASEGTASSDGDHSYEQY	DATYQRTRALVR	1	0.26195562
VSGNPYYITGDNLVAVRDISARLM	SGHDYFNNNVPASSSVNVAF	NLVPMVATV	1	0.033262666
SIFNTLYKAGELAGRHGGTSYGKLT	SGHDYFNNNVPASSLAYILGLGDEQF	NLVPMVATV	1	0.0009090023
SSYSTFSSENQEASNTGNQFYFG	PRHDTFYEKMQASSPVTGTGHYGYTFG	NLVPMVATV	1	0.00017384971
DSSSTYIFSNMDMAEKLAGTALI	SGHRSYFSETQASSHTSGNGDTQY	NLVPMVATV	1	0.036684126
VTNFRSLTSSGIEAAPGAGSYQLT	MDHENSYDVKMASTLWSATNEKLF	NLVPMVATV	1	0.00022078016
SSVPPYYTSAATLVAVSPSNTGKLI	SGHATFQNNGVASSPPGTSGGRNEQF	NLVPMVATV	1	0.4789803
SSNFYAMTLNGDEASNTGNQFY	MNHEYSVGAGIASSPITGTGIYGYT	NLVPMVATV	1	0.05451994
NSMFDYISSIKDKAAYTGNQFY	MNHEYSMNVEVASSLQVWNEQF	NLVPMVATV	1	3.869437e-08
TSINNIRSNEREATDGDDYKLS	DFQATTSNEGSKAASSPGLAGGWEQY	NLVPMVATV	1	0.0042032157
TSENNYYQEAYKQQNAHRSAGGGTSYGKLT	SNHLYFYNNEIASSEFQGDNEQF	DATYQRTRALVR	1	0.37578925
VSGLRGLYSAGEEAVRSEGGSNYKLT	SEHNRFQNEAQASSFPSRGANYGYT	DATYQRTRALVR	1	0.4934912
TSGFNGNVLDGLAAMDSNYQLI	MNHNSSASEGTASNEDSNYGYT	DATYQRTRALVR	1	0.0008348898
YGATPYYFSGDTLVALNQAGTALI	SGHTAFQGTGAASSLTTLAGVPYEQF	NLVPMVATV	1	0.46747366
TISGTDYGLTSNILSNNNDMR	DFQATTSNEGSKASAPPAGEYSNQPQH	NLVPMVATV	1	0.43563488
DSSSTYIFSNMDMAEILMDSNYQLI	SGHVSFQNEAQASSLAGGLAGPSYEQY	DATYQRTRALVR	1	0.45046088
NSASDYIRSNMDKAETNFGNEKLT	KGHSHLQKENIASSPVGGDYGYT	NLVPMVATV	1	0.19447364
VSGLRGLYSAGEEAVQANQAGTALI	SGHTAFQGNSAGGGYMGTEAF	DATYQRTRALVR	1	0.051641017
VSGNPYYITGDNLVAVGYGNQFY	MNHEYSMNVEVASIKTGGAPETQY	NLVPMVATV	1	0.014287869
SSNFYAMTLNGDEAFGSSNTGKLI	MGHRAYSYEKLASSQDLFTGGYT	RPPIFIRRL	1	0.013501121
SIFNTLYKAGELAGQTTSNTGKLI	DFQATTSNEGSKASASQDPYEQY	DATYQRTRALVR	1	0.14109764
TSGFNGNVLDGLAPKDGQKLL	DFQATTSNEGSKASAETGNTEAF	DATYQRTRALVR	1	0.033604898
YGATPYYFSGDTLVAVGPGSNNDMR	DFQATTSNEGSKASATRLAGGPTDTQY	DATYQRTRALVR	1	0.66109633
NSASQSVYSSGVVNTDSWGKLQ	MDHENSYDVKMASSTGTGGPSGTGELF	DATYQRTRALVR	1	0.88438207
STGYPTETMENLLGRGDDYGGATNKLI	MGHRAYSYEKLASSQEAYNYEQY	RPPIFIRRL	1	0.17583117
DSASNYIRSNVGEAASYNTNAGKST	SGHVSFNYEAQASSPRTSFETQY	NLVPMVATV	1	0.14579827
NSMFDYISSIKDKAASFAGNTPLV	SQVTMANQGSEASGDRSSDTQY	NLVPMVATV	1	1.7972643e-07
ATGYPSATKADDKALFAGSYIPT	SGHNTYYREEEASSSRTGDQETQY	NLVPMVATV	1	0.429442
TRDTTYYRNSFDEQNALSEHTTDSWGKFQ	LNHDASQIVNDASSIVAGAGAGELF	NLVPMVATV	1	0.02672715
TTSDRLLSNGAVAPGNTGKLI	SEHNRFQNEAQASSLGRDLNQPQH	NLVPMVATV	1	0.016736392
SSVSVYYLSGSTLVAVTPRSYIPT	MDHENSYDVKMASSLGQGFTGELF	GPRLGVRAT	1	0.46163663
SSVPPYYTSAATLVAVSDPYSKAAGNKLT	SGHTSYDEGEEASSLGRGVGTEQF	GPRLGVRAT	1	0.76389265
DSAIYNIQSSQREAVIGSAGKST	SGHDTYYEEEEASSLNSGLYNEQF	NLVPMVATV	1	0.6881334
TSESDYYQEAYKQQNAYGGGAQKLV	LNHDASQIVNDASISTDSLNTEAF	RPPIFIRRL	1	0.018282045
TSESDYYQEAYKQQNASNTDKLI	LNHNVYYDKDFATSRAYQDTQY	GPRLGVRAT	1	0.16365191
TISGTDYGLTSNILPLAGGTSYGKLT	GTSNPNSVGIGAWSVADTQY	NLVPMVATV	1	0.00030573754
TSESDYYQEAYKQQNAYRSHYTSGTYKYI	MNHEYSMNVEVASSLKIGEQF	NLVPMVATV	1	3.1322995e-07
VGISALSSGKAVRSNFGNEKLT	MNHNYSVGAGIASSYWDRTTSGNTIY	NLVPMVATV	1	0.2698321
SSNFYAMTLNGDEARNTGNQFY	GTSNPNSVGIGAWSISDLAKNIQY	NLVPMVATV	1	0.0035419515
DSAIYNIQSSQREAVSPTLT	LNHDASQIVNDASSSGGDERYTGELF	DATYQRTRALVR	1	0.07272312
DRGSQSIYSNGDAVTLNNNAGNMLT	SEHNRFQNEAQASSSFYDSNEKLF	NLVPMVATV	1	0.8472643
TSGFNGNVLDGLAVHTGTASKLT	MNHEYSMNVEVASSFDPGSYGYT	NLVPMVATV	1	0.05147502
TISGTDYGLTSNILSNNNDMR	GTSNPNSVGIGAWSVSDVANTEAF	NLVPMVATV	1	0.047315173
TSDPSYGQGSYDQQNAMRELLNSGGSNYKLT	LGHNAYNFKEQASRKLAGPTDTQY	NLVPMVATV	1	2.0420299e-05
KTLYGLQKGGEEGADPEGDDKII	DFQATTSNEGSKASARAEGARDSPLH	NLVPMVATV	1	0.2529813
NIATNDYGYKTKLVGDASGTYKYI	LGHNAYNFKEQASSQSPTGAIHEQY	DATYQRTRALVR	1	0.24119745
SSVPPYYTSAATLVAVSGSYNTDKLI	DFQATTSNEGSKASARDGLAGHYEQY	NLVPMVATV	1	0.0020051189
TSDPSYGQGSYDQQNAMREDSIGNTPLV	LNHDASQIVNDASSVGLGFTDTQY	NLVPMVATV	1	0.00020159667
DRGSQSIYSNGDAVGPGYSSASKII	MRHNASNTAGTASSDGIGQGASGYT	NLVPMVATV	1	0.8820329
NSMFDYISSIKDKAASGGSNYKLT	MNHEYSVGEGTASGTLLIRGKGYERY	VLFGLGFAI	1	0.0040660435
SSVSVYYLSGSTLVAVSGANDYKLS	MNHEYSMNVEVASSLGGTGWTEAF	NLVPMVATV	1	0.19749074
DSASNYIRSNVGEAASIRGSQGNLI	SGHDYFNNNVPASSFLGPEGEKLF	DATYQRTRALVR	1	0.8921017
NYSPAYIRENEKEALVAPGGSYIPT	KGHDRSFDVKDATAPGTGRTLKLI	RPPIFIRRL	1	0.05962584
NIATNDYGYKTKLVGDIQGGGGKLI	SQVTMANQGSEASVEGDTGELF	NLVPMVATV	1	0.49782258
NSMFDYISSIKDKAASASGGTSYGKLT	MNHEYSVGAGIASSYSGGNRKNTQN	VLFGLGFAI	1	0.4682121
SSNFYAMTLNGDEARNTGNQFY	MNHEYSVGAGIASSPSTGVTFYGYT	NLVPMVATV	1	0.070934445
ATGYPSATKADDKASSSVNEQY	MNHEYSVGAGIASSPITGTGAYGYT	NLVPMVATV	1	0.17815052
YGGTVNYFSGDPLVAVNAGNMLT	MNHNYSVGAGIASCQGGGPSMETQY	DATYQRTRALVR	1	0.047907554
YSGSPEHISRALRGYGQNFV	LGHNAYSLEERASSQDAPGQGSDEQF	GPRLGVRAT	1	0.13551095
YGATPYYFSGDTLVAVGNAITSSSDKLI	LNHDASQIVNDASSISAGVGVGQETQY	NLVPMVATV	1	0.023367696
TSDPSYGQGSYDQQNAMREGQYNFNKFY	LGHNTFRNRAPASGSGLAGNEQF	NLVPMVATV	1	6.4420755e-07
TRDTTYYRNSFDEQNALSEENTSGTYKYI	DFQATTSNEGSKASATPSGYGYT	NLVPMVATV	1	0.03390098
NSMFDYISSIKDKAARVENNTAKLI	ENHRYSYGVKDAISDWSTYEQY	VLFGLGFAI	1	7.94864e-05
VTNFRSLTSSGIEAVRPNAGGTSYGKLT	DFQATTSNEGSKASARDLRLLANTGELF	NLVPMVATV	1	0.004215414
TSINNIRSNEREATDVSYNTDKLI	SGHATFQNNGVASSFPVTAITGNTEAF	GPRLGVRAT	1	0.3017471
DSASNYIRSNVGEAASINRMDNDMR	DFQATTSNEGSKASAFDREGVDGYT	NLVPMVATV	1	0.2534729
NSMFDYISSIKDKAASGGSNYKLT	SGHTSYDEGEEASSSAVIRGLDWCYT	VLFGLGFAI	1	0.0053032856
TISGTDYGLTSNILSNNNDMR	DFQATTSNEGSKASARDPSGLAGGLAETQY	NLVPMVATV	1	0.18261679
NIATNDYGYKTKLVGSSEGFQKLV	SGHRSYFSETQASSINRDLLNGYT	NLVPMVATV	1	0.004608275
TSENNYYQEAYKQQNAYTSGTYKYI	MNHEYSMNVEVASSLSDSVVGTDTQY	GPRLGVRAT	1	0.5386009
DSVNNIPSGTAVVHNDMR	LGHDTYNNKELASSQDVSRLAHLSTDTQN	NLVPMVATV	1	0.68017304
TSESDYYQEAYKQQNAYRSSFDMR	SGHDNFVKESKASSLGVNTEAF	DATYQRTRALVR	1	0.0006606058
SSNFYAMTLNGDEAFPYNNNDMR	MNHEYSMNVEVASQIQGYTEA	NLVPMVATV	1	0.00088854326
NSASQSVYSSGVVNIYDFGNEKLT	DFQATTSNEGSKASARVMVGGTEAF	NLVPMVATV	1	0.0002578451
SSNFYAMTLNGDEARNTGNQFY	MNHEYSVGAGIASSPKTGASYGYT	NLVPMVATV	1	0.020916149
TTLSNLVKSGEVAGSGTASKLT	LNHDASQIVNDASGEGGELF	NLVPMVATV	1	0.0050140675
NSASDYIRSNMDKAENKGQGFSFI	LGHNAYSLEERASSQGGRTGELF	DATYQRTRALVR	1	0.49005634
YGATPYYFSGDTLVAVGAAEYGNKLV	SEHNRFQNEAQASSLVGGPSVQF	NLVPMVATV	1	0.9932047
DSAIYNIQSSQREAVRGDNYGQNFV	MNHEYSMNVEVASRRPGGDTEAF	NLVPMVATV	1	0.028834943
NIATNDYGYKTKLVGDGSGYSTLT	LNHDASQIVNDASSPALGDQETQY	DATYQRTRALVR	1	0.24275257
NSASDYIRSNMDKAESPAGTALI	LGHDTYNNKELASSHGAAAGETEAF	NLVPMVATV	1	0.006093599
ATGYPSATKADDKATKNTGNQFY	SGDLSYYNGEEASSVGLPYEQY	NLVPMVATV	1	0.0036134885
NSMFDYISSIKDKAASVGSNFNKFY	MDHENSYDVKMASSSFVIAGGDYEQN	VLFGLGFAI	1	0.11671782
SSNFYAMTLNGDEACPPGDYKLS	SGHVSFQNEAQASSLDIPSYNEQF	NLVPMVATV	1	0.028298564
VSGNPYYITGDNLVAVRDYGQNFV	SGHDYFNNNVPASSRDSNSNQPQH	NLVPMVATV	1	0.707901
TRDTTYYRNSFDEQNAHYYGNNRLA	DFQATTSNEGSKASAPPDSLNTEAF	NLVPMVATV	1	0.48134056
TISGTDYGLTSNILDRDGGGATNKLI	KGHDRSFDVKDATSPGLAGAYQETQY	NLVPMVATV	1	0.06869001
VSGNPYYITGDNLVAVRDRNNAGNMLT	MNHEYSMNVEVASSSGGLSEQY	NLVPMVATV	1	0.053110134
TSENNYYQEAYKQQNAFSYNNNDMR	MGHRAYSYEKLASSQETGIYTQY	RPPIFIRRL	1	0.4391315
ATGYPSATKADDKALRMIGGGSNYKLT	SQVTMANQGSEASVEEGSRAQY	NLVPMVATV	1	0.26266405
NSMFDYISSIKDKAASAGRTGANNLF	SGHTSYDEGEEASSLWGTEAF	RPPIFIRRL	1	6.470503e-07
TSGFNGNVLDGLAVMDSNYQLI	MNHEYSVGEGTASSYSSSTGELF	NLVPMVATV	1	0.03290718
NIATNDYGYKTKLVGDSYSSASKII	SGHRSYFSETQASSQGLAGEVYTGELF	NLVPMVATV	1	0.13965896
DSSSTYIFSNMDMAEIPNYGGSQGNLI	SGHDYFNNNVPASSLVGGRHGYT	NLVPMVATV	1	0.005011283
SSNFYAMTLNGDEALNQAGTALI	SGHVSFNYEAQASSLAQQGLAEAF	NLVPMVATV	1	0.10694475
VSGNPYYITGDNLVAVRGPMNTGFQKLV	MNHEYSMNVEVASSPPQFTEAF	GPRLGVRAT	1	0.99651957
SSYSTFSSENQEAFIAGNQFY	SGHDNFVKESKASSLFVGGPGNEQ	NLVPMVATV	1	6.782944e-06
STGYPTETMENLLGRGDDYGGATNKLI	MGHRAYSYEKLASSQDGFSGTYT	RPPIFIRRL	1	0.09965185
YGGTVNYFSGDPLVAVISYNTDKLI	LNHDASQIVNDASRSSDPYEQY	VLFGLGFAI	1	0.047348663
DRGSQSIYSNGDAVKKGQNFV	DFQATTSNEGSKASAESGNTEAF	DATYQRTRALVR	1	0.4830281
TISGNEYGLKNNIVRVPDTGGFKTI	LNHDASQIVNDASSIGGTEAF	RPPIFIRRL	1	0.05010132
NIATNDYGYKTKLVGDPIYNQGGKLI	LNHDASQIVNDASSIQGSHYGYT	GPRLGVRAT	1	0.21401244
NSASQSVYSSGVVNRVENSGYSTLT	MNHNSSASEGTASSGNEQDLQPQH	DATYQRTRALVR	1	0.45146656
TSGFNGNVLDGLAVRPFSGGYNKLI	DFQATTSNEGSKASARILDNSEIAIDNYGYT	NLVPMVATV	1	0.008352136
TRDTTYYRNSFDEQNALTSPYYNQGGKLI	LGHNTFRNRAPASGFTGGRNTEAF	NLVPMVATV	1	0.059059184
YGGTVNYFSGDPLVAVNARNQGGKLI	SGHDNFVKESKASSQGGPVGNQPQH	DATYQRTRALVR	1	0.49242815
SSVPPYYTSAATLVAVSSRDDKLI	SEHNRFQNEAQASSSPGEYEKLF	GPRLGVRAT	1	0.9789707
DRGSQSIYSNGDAVKVSNQFY	DFQATTSNEGSKASAEQGNTEAF	DATYQRTRALVR	1	0.6045855
DSSSTYIFSNMDMAESIRSFNKFY	MGHDKSYGVNSASSDSRANTGELF	NLVPMVATV	1	0.0012291933
NSMFDYISSIKDKAASGGSNYKLT	GTSNPNSVGIGAWGVLFIGRGVGDYGYT	VLFGLGFAI	1	0.0008003082
TISGNEYGLKNNIVRGFNDYKLS	SEHNRFQNEAQASSLPHNTEAF	GPRLGVRAT	1	0.009299889
TSGFNGNVLDGLAVSDYGGSQGNLI	SGHRSYFSETQASSLEIQGSGAF	NLVPMVATV	1	0.01520547
DSAIYNIQSSQREAVMTTDSWGKLQ	MDHENSYDVKMASSTPGAKLGDTGELF	NLVPMVATV	1	0.8345853
TRDTTYYRNSFDEQNALSPRTQGGSEKLV	SGHVSFNYEAQASSLASPGHFTGELF	NLVPMVATV	1	0.034090508
NIATNDYGYKTKLVGANTGNQFY	LNHDASQIVNDASRSHPRGGSPLH	GPRLGVRAT	1	0.06735353
NSAFQYTYSSGNAMTPGGTSYGKLT	DFQATTSNEGSKASARFLRQGSTYEQY	GPRLGVRAT	1	0.8287951
NIATNDYGYKTKLVGDKAAGNKLT	SGHTSYDEGEEASSLGRGVGTEQF	GPRLGVRAT	1	0.2536478
YSGSPEHISRALRDDKII	KGHDRSFDVKDATSPGLAGAYQETQY	NLVPMVATV	1	0.512275
TRDTTYYRNSFDEQNALSDAYNFNKFY	PRHDTFYEKMQASSDDRVRYGYT	NLVPMVATV	1	0.00017447096
TSINNIRSNEREATVGTASKLT	SGHTAFQGNSAASSLWLNEQF	NLVPMVATV	1	0.2122149
TRDTTYYRNSFDEQNALKGNTGTASKLT	SGDLSYYNGEEASSVELSTDTQY	DATYQRTRALVR	1	0.06474653
DSAIYNIQSSQREAVHTQGGSEKLV	SEHNRFQNEAQASTPYRRGPHLYGYT	NLVPMVATV	1	0.29511875
SSVPPYYTSAATLVAVSADSGGSNYKLT	KGHDRSFDVKDATSDLPYIGTRLNEQF	VLFGLGFAI	1	0.076799326
VSGNPYYITGDNLVAVRDLASNYQLI	MNHEYSMNVEVASSPPQFTEAF	GPRLGVRAT	1	0.31904098
TTLSNLVKSGEVAGFNDYKLS	ENHRYSYGVKDAISESRSRVTDTQY	NLVPMVATV	1	0.018960424
NSMFDYISSIKDKAASGGSNYKLT	ENHRYSYGVKDAISDLSITGGDNYGYT	VLFGLGFAI	1	0.25595975
DSASNYIRSNVGEAAILADYKLS	LNHDASQIVNDASSIVAGGYNEQF	NLVPMVATV	1	7.475151e-05
ATGYPSATKADDKALSDRNQGGKLI	LGHNAYNFKEQASSQGKDTQY	NLVPMVATV	1	0.06557203
NSASQSVYSSGVVNVLLNSGYSTLT	SGHTAFQGNSAASSSIGVAGEETQY	DATYQRTRALVR	1	0.95423377
TSDPSYGQGSYDQQNAVKTGRRALT	MDHENSYDVKMASSFQGIRVEAF	NLVPMVATV	1	3.6782585e-05
TRDTTYYRNSFDEQNALSEGVFNDYKLS	MDHENSYDVKMASSPRQSNQPQH	NLVPMVATV	1	0.08252699
YSGSPEHISRAPPSNTGFQKLV	KGHSHLQKENIASSPWTGTLNTEAF	NLVPMVATV	1	0.52822644
DRGSQSIYSNGDAVLTLNARLM	SGHDYFNNNVPASLPTGTNTGELF	NLVPMVATV	1	0.8418559
TSGFYGNALDGLAVRDNFITGGFKTI	SNHLYFYNNEIASSYFDEKLF	NLVPMVATV	1	0.07993234
DSAIYNIQSSQREAVGLDRGSTLGRLY	MNHEYSMNVEVASSLSGVPHNNEQF	NLVPMVATV	1	0.008654612
TSENNYYQEAYKQQNALNTGNQFY	MGHDKSYGVNSASSELASIRETQY	RPPIFIRRL	1	0.05775551
TSDPSYGQGSYDQQNAMRDDTGGFKTI	LNHDASQIVNDASSISSGVAYEQY	RPPIFIRRL	1	0.0049946858
TSDPSYGQGSYDQQNAMREVFNDYKLS	SGHNSFNNNVPASSVVERAF	NLVPMVATV	1	6.91455e-05
NTAFDYIRPDVSEAASRGSGAGSYQLT	SGHNSFNNNVPASSLVVMGTGFTDTQY	NLVPMVATV	1	0.018452002
NIATNDYGYKTKLVGDHTGGFKTI	SGHNTYYREEEASSTPGDEQY	DATYQRTRALVR	1	0.9009757
SVFSSVVTGGEVAGVKRYGNKLV	SGHRSYFSETQASSLGDRVDSPLH	DATYQRTRALVR	0	0.5542806
DSVNNIPSGTAVRYGQNFV	SGHRSYFSETQASSREGDQPQH	DATYQRTRALVR	0	0.10374036
TSGFYGNALDGLAEDAGNMLT	LGHDTYNNKELASSQDVSGGVYEQY	DATYQRTRALVR	0	0.527918
NTAFDYIRPDVSEAAGGSQGNLI	SGHTAFQGTGAASSLTGPTNEQF	GPRLGVRAT	0	0.9994106
TRDTTYYRNSFDEQNALSISQAGTALI	SGHTAFQGNSAASSIRSQNTGELF	NLVPMVATV	0	0.20961358
TSGFNGNVLDGLAAMDSNYQLI	MRHNASNTAGTASSDPGGAGTGELF	VLFGLGFAI	0	0.016770443
TTSDRLLSNGAVAVDTRSGGSNYKLT	MGHRAYSYEKLASSQSGTGAYEQY	NLVPMVATV	0	0.008372362
DRGSQSIYSNGDAVNNGGATNKLI	SNHLYFYNNEIASSRWASNEQY	NLVPMVATV	0	0.78059864
TTLSNLVKSGEVAGRNTGNQFY	SEHNRFQNEAQASSLEARGLGYT	RPPIFIRRL	0	0.22365876
SIFNTLYKAGELAGSLLIGFGNVLH	KGHSHLQKENIASSNHDSGDTYEQY	NLVPMVATV	0	0.044927534
TSDPSYGQGSYDQQNAMHSSGSARQLT	SGDLSYYNGEEASSHKPSGSYNEQF	DATYQRTRALVR	0	4.567463e-07
DSASNYIRSNVGEAASFGTSYDKVI	MNHEYSVGEGTASRKGRGSSYNEQF	VLFGLGFAI	0	0.22835186
TTLSNLVKSGEVAGPLNAGNNRKLI	MNHEYSVGAGIASSSGQTRRQY	DATYQRTRALVR	0	0.95072573
DRGSQSIYSNGDAVPRGKLV	MNHEYSVGAGIASSPWNTGELF	DATYQRTRALVR	0	0.8360483
VSGLRGLYSAGEEAVRPLGGGSQGNLI	LGHNTFRNRAPASGPKPDPRGNTIY	NLVPMVATV	0	0.647974
TRDTTYYRNSFDEQNALSEAGFYGGATNKLI	SEHNRFQNEAQASSYDRDSGNTIY	NLVPMVATV	0	0.06427722
TSDPSYGQGSYDQQNAMREGQDPGGYNKLI	SGHTAFQGNSAASSLGYGSNEKLF	DATYQRTRALVR	0	0.009316365
YGATPYYFSGDTLVAEDGDMNYGGSQGNLI	SGDLSYYNGEEASSVGGNTEAF	NLVPMVATV	0	0.7898931
NSASQSVYSSGVVNEDSNYQLI	SGHNTYENEEAASSLDGSFYEQY	NLVPMVATV	0	0.3345571
TSGFNGNVLDGLAVNTGGFKTI	SGDLSYYNGEEASSDKRVTGGNTEAF	DATYQRTRALVR	0	0.050222863
TTSDRLLSNGAVAVPPTGNQFY	SEHNRFQNEAQASSSDSYEQY	NLVPMVATV	0	0.001249031
TSGFNGNVLDGLAVKDSNYQLI	MRHNASNTAGTASSGVAGDTGELF	NLVPMVATV	0	0.011463964
TISGTDYGLTSNILRDGANNLF	MNHNYSVGAGIASSPTGGFEKLF	NLVPMVATV	0	0.14119153
DSASNYIRSNVGEAPSTGTASKLT	SEHNRFQNEAQASSLIVLGNTEAF	NLVPMVATV	0	0.0020887146
VSGNPYYITGDNLVAVRDTGSGAGSYQLT	WNHNNSYGVQDASSEKQGMSYNEQF	NLVPMVATV	0	0.29332575
YSGSPEHISRALSDRRNSGYALN	SGDLSYYNGEEASSGGVGEQY	NLVPMVATV	0	0.17352413
NSAFQYTYSSGNAMNLGAQKLV	MGHRAYSYEKLASTATGGSYNEQF	NLVPMVATV	0	0.028321816
TRDTTYYRNSFDEQNVFSEAAGNKLT	ENHRYSYGVKDAISERSASSYEQY	NLVPMVATV	0	0.7815866
SVFSSVVTGGEVAGEDYGGSQGNLI	SGHDYFNNNVPASSLGGIATDTQY	NLVPMVATV	0	0.7414423
TSINNIRSNEREATDWANRDDKII	MNHEYSVGAGIASSYAYMGDAYNEQF	NLVPMVATV	0	0.00014646661
ATGYPSATKADDKALSDRDSWGKLQ	SEHNRFQNEAQASSPPGDDEQY	NLVPMVATV	0	0.13190396
TSINNIRSNEREATASNTGGFKTI	MNHEYSMNVEVASGTGAGIY	NLVPMVATV	0	0.017348543
SSVSVYYLSGSTLVAVSFNDYKLS	LNHNVYYDKDFATSRDRAVGELF	NLVPMVATV	0	0.17335738
TSESDYYQEAYKQQNAHDAGGTSYGKLT	KGHDRSFDVKDATSDLGGSSYNEQF	NLVPMVATV	0	3.199911e-05
NSASQSVYSSGVVNMDAGGTSYGKLT	SGHRSYFSETQASSLNVPENTEAF	DATYQRTRALVR	0	0.57495266
DSAIYNIQSSQREAAPYSGNTPLV	MGHRAYSYEKLASSQDTGGFLEQY	NLVPMVATV	0	0.020155016
TSGFNGNVLDGLAVRDFNNDMR	SGHTAFQGNSAASSLTSGGADTQY	RPPIFIRRL	0	0.04091423
SIFNTLYKAGELAGVYNNNDMR	GTSNPNSVGIGAWSVLGEQY	NLVPMVATV	0	8.512274e-05
VSPFSNMTFSENTVVREGNAGNMLT	MNHNSSASEGTASSEGGQPVNEQF	NLVPMVATV	0	0.33072984
NSAFQYTYSSGNAMKYSSASKII	MGHRAYSYEKLASSHTSDEQY	NLVPMVATV	0	0.2084633
TSENNYYQEAYKQQNAFMHYGGTSYGKLT	MNHNSSASEGTASSEFLDYEQY	DATYQRTRALVR	0	0.77243197
TSESDYYQEAYKQQNAYDAGNMLT	SEHNRFQNEAQASSFPGARTEAF	RPPIFIRRL	0	0.07942461
SSVPPYYTSAATLVAVSEGGGGGFKTI	SGHNTYYREEEASSPRDRGTGELF	DATYQRTRALVR	0	0.9431127
YGGTVNYFSGDPLVAVNAVGGATNKLI	DFQATTSNEGSKASARDRGQGIVVGAF	NLVPMVATV	0	0.003196118
VSGLRGLYSAGEEAVQDQVRTSYDKVI	SGHVSFNYEAQASSLARDNSYEQY	NLVPMVATV	0	0.023575848
VSGLRGLYSAGEEAVQAVGFGNVLH	SGDLSYYNGEEASSVGDSGELF	NLVPMVATV	0	0.026883315
DSAIYNIQSSQREAVQEEIKAAGNKLT	MNHEYSMNVEVASSWGSGNGVHAQY	NLVPMVATV	0	0.0066070226
TISGNEYGLKNNIVRVVLGGGADGLT	MDHENSYDVKMASSFGTAGDTQY	NLVPMVATV	0	0.29850334
VSGLRGLYSAGEEAVLSDNFNKFY	LNHDASQIVNDASSSARDGNTIY	GPRLGVRAT	0	0.059554942
DSVNNIPSGTAVASAYGQNFV	SNHLYFYNNEIASSVKGYSTGELF	NLVPMVATV	0	0.0057049445
YGATPYYFSGDTLVAVGTSGNTGKLI	SGHTAFQGTGAASSRPGLAGGDTQY	VLFGLGFAI	0	0.17013681
SIFNTLYKAGELAGHDYKLS	SGHDYFNNNVPASSSGYEQY	NLVPMVATV	0	0.35973042
NSASQSVYSSGVGNDYKLS	GTSNPNSVGIGAWSTPGMGNTEAF	NLVPMVATV	0	0.000902576
TISGTDYGLTSNGADRAPLFY	MNHNYSVGAGIASSTAGDGYT	GPRLGVRAT	0	0.40830293
SSYSTFSSENQEALSEAVDARLM	SNHLYFYNNEIASSGLGPLGKGETQY	NLVPMVATV	0	2.2147926e-06
NSMFDYISSIKDKAARRGQGAQKLV	MGHRAYSYEKLASSHPTRGSGETQY	NLVPMVATV	0	4.2373134e-08
NSASQSVYSSGVVNDYKLS	MDHENSYDVKMASSFYGAIATNEKLF	NLVPMVATV	0	0.36362043
NYSPAYIRENEKEALDPPYGGSQGNLI	SQVTMANQGSEASVERGPRYGYT	DATYQRTRALVR	0	0.44827884
YGGTVNYFSGDPLVAVDPAETDKLI	SGHDTYYEEEEASSLVGDYEQY	VLFGLGFAI	0	0.03890248
VSGNPYYITGDNLVAVRDAGNFNKFY	SGHRSYFSETQASRSPGSAYEQY	NLVPMVATV	0	0.40294984
DRGSQSIYSNGDAVNGNNDMR	LNHDASQIVNDASSLLPSEAF	NLVPMVATV	0	0.018390652
TSESDYYQEAYKQQNAYSQGGSEKLV	LGHDTYNNKELASSDVNSPNYGYT	NLVPMVATV	0	3.5631713e-06
DRGSQSIYSNGDAVRNSGGYQKVT	SGHNTYENEEAASSPGTASGYSPLH	DATYQRTRALVR	0	0.042483162
DSAIYNIQSSQREAVFPGANNLF	LNHNVYYDKDFATSSSGETDTQY	NLVPMVATV	0	0.16623642
SIFNTLYKAGELAGYGGATNKLI	SEHNRFQNEAQASSIGHNEQF	NLVPMVATV	0	0.0067123813
TSGFNGNVLDGLAVRDSNYQLI	LGHNAYNFKEQASSQREGDNTGELF	NLVPMVATV	0	0.05571089
TISGTDYGLTSNILHGSSNTGKLI	SGHATFQNNGVASSFLADTQY	NLVPMVATV	0	0.026912013
ATGYPSATKADDKALTDSWGKLQ	LNHDASQIVNDASSIAGEYNEQF	NLVPMVATV	0	0.00044389628
TSGFNGNVLDGLAVMDSSYKLI	DFQATTSNEGSKASAREGQGIYEQY	NLVPMVATV	0	0.001069976
NIATNDYGYKTKLVGDSNRDDKII	DFQATTSNEGSKASARDLEASSTYEQY	DATYQRTRALVR	0	0.6263514
VTNFRSLTSSGIEAVETSGSRLT	SGHDYFNNNVPASSRLAKHNEQF	RPPIFIRRL	0	0.04041665
TSGFNGNVLDGLAASDSNYQLI	MRHNASNTAGTASSASGSGTDTQY	NLVPMVATV	0	0.014382816
DSASNYIRSNVGEAAKGGGNKLT	LGHNAYNFKEQASSQVSPGGGSGNTIY	NLVPMVATV	0	0.03125955
TSINNIRSNEREATDRGGADGLT	MNHEYSVGAGIASSHRAWDYEQY	NLVPMVATV	0	0.260639
DSSSTYIFSNMDMAESTNAGNMLT	SGDLSYYNGEEASSVGPTGGAYEQY	NLVPMVATV	0	0.32183716
DSAIYNIQSSQREDNTDKLI	MDHENSYDVKMASSWGLAQY	NLVPMVATV	0	0.012054251
TTLSNLVKSGEVAGFMEYGNKLV	MGHRAYSYEKLASSQGPPAGAYEQY	NLVPMVATV	0	0.9384558
DRGSQSIYSNGDAVISMNRDDKII	LNHDASQIVNDASSIKRTSAYSYNEQF	DATYQRTRALVR	0	0.046036236
NSMFDYISSIKDKAARAADTGNQFY	MNHNYSVGAGIASSYSGNQPQH	DATYQRTRALVR	0	2.9265805e-09
NSASDYIRSNMDKAEGLTDSWGKLQ	MNHEYSMNVEVASRLAGGNLGEQF	GPRLGVRAT	0	0.82651365
TSGFNGNVLDGLAVLDSNYQLI	MRHNASNTAGTASSDSNQGGNEQF	DATYQRTRALVR	0	0.010528907
SSVPPYYTSAATLVAVDIQGAQKLV	SGHNSFNNNVPASADGGADEQF	NLVPMVATV	0	0.52944183
TSINNIRSNEREATDATGYALN	SGHNSFNNNVPASSPGSGSNQPQH	GPRLGVRAT	0	0.25113794
NSASQSVYSSGVVNPGDYGGSQGNLI	DFQATTSNEGSKASARDAPGGGYGYT	DATYQRTRALVR	0	0.5376969
TISGTDYGLTSNILNLSGGSNYKLT	SNHLYFYNNEIASSEADAGTEAF	NLVPMVATV	0	0.17302999
DRGSQSIYSNGDAVIGFGNVLH	LNHDASQIVNDASSVGQGYEQY	DATYQRTRALVR	0	0.013302629
TSGFNGNVLDGLAYMDSNYQLI	MNHEYSVGEGTASSYDYTQNTEAF	NLVPMVATV	0	0.013511851
VSGNPYYITGDNLVAVRDRGYGGSQGNLI	SGHVSFNYEAQASSLANRLTGELF	NLVPMVATV	0	0.18111
TSGFNGNVLDGLAVLDSNYQLI	DFQATTSNEGSKASASSGEPQETQY	NLVPMVATV	0	0.12548794
TSINNIRSNEREATAPTQGGSEKLV	SGHKSYYEKEEASSLGWGPYEQY	VLFGLGFAI	0	0.048925895
VSGLRGLYSAGEEAVKTGGYNKLI	MNHEYSMNVEVASSASGQRYGYT	NLVPMVATV	0	0.0048302533
TSINNIRSNEREATEREGAQKLV	MGHRAYSYEKLASSRTTGGQTDTQY	NLVPMVATV	0	0.08961715
TSENNYYQEAYKQQNALLANSNSGYALN	SGHDTYYEEEEASSLAVWETQY	NLVPMVATV	0	0.23903434
NSASDYIRSNMDKAENGATDSWGKLQ	MGHRAYSYEKLASSQDLKTQY	NLVPMVATV	0	0.7215804
SSNFYAMTLNGDEAFTSGGGADGLT	SNHLYFYNNEIASTPRRDSGNTIY	RPPIFIRRL	0	0.11701475
SVFSSVVTGGEVAWRNDMR	MNHNYSVGAGIASTRDSPEKLF	NLVPMVATV	0	0.001320816
DSASNYIRSNVGEAASMNDMR	KGHSYFQNENVASSSGLGGTEAF	DATYQRTRALVR	0	0.017718025
NSMFDYISSIKDKAASGGFGNEKLT	SGDLSYYNGEEASSAGPSYGYT	NLVPMVATV	0	2.395542e-07
DSSSTYIFSNMDMAEIGGSQGNLI	LNHDASQIVNDASRPTENAEAF	NLVPMVATV	0	0.055976536
NSASQSVYSSGVVIDSNYQLI	SGHDYFNNNVPASSLDRGYEQY	GPRLGVRAT	0	0.54708904
NSASQSVYSSGVVNDPNAGGTSYGKLT	SGHDNFVKESKASSGETYEQY	GPRLGVRAT	0	0.84632665
SIFNTLYKAGELAGQDAGTYKYI	SGHTAFQGNSAASSLGTSRGEAF	NLVPMVATV	0	0.0011682805
DRGSQSIYSNGDAVNLPMR	SGHNSFNNNVPASNYLGVNYGYT	VLFGLGFAI	0	0.14423047
SSYSPSYTSAATLVVKGDRGSTLGRLY	MNHEYSVGAGIASSYAVGQRWDEQY	GPRLGVRAT	0	0.072071075
NSMFDYISSIKDKAASETDKLI	SEHNRFQNEAQASRGIQETQY	RPPIFIRRL	0	1.8542229e-08
SSYSPSYTSAATLVVVRSGGQNFV	PRHDTFYEKMQASSFPILAGSNNEQF	GPRLGVRAT	0	0.35539553
TSGFNGNVLDGLAPVSGYALN	KGHSHLQKENIASSPDGRLSGNTIY	NLVPMVATV	0	0.18901883
TTSDRLLSNGAVAGNDYKLS	DFQATTSNEGSKASASQREGYEQY	NLVPMVATV	0	0.037180927
DSASNYIRSNVGEAASTGYKLS	SEHNRFQNEAQASSFSGQETQY	NLVPMVATV	0	0.11584527
TRDTTYYRNSFDEQNAPTDSWGKLQ	SGHKSYYEKEEASSLSTGYSYEQY	RPPIFIRRL	0	0.41894025
TSESDYYQEAYKQQNAYRSASGWDDKII	ENHRYSYGVKDAISARTGPMNTEAF	GPRLGVRAT	0	0.007300977
VSGNPYYITGDNLVAVRDGGSGGYQKVT	SGHNSFNNNVPASQGRYSYNSPLH	NLVPMVATV	0	0.09969834
TSDPSYGQGSYDQQNAMSYSGGYQKVT	MNHEYSMNVEVASSFRTSVSGELF	NLVPMVATV	0	7.582084e-05
DRGSQSIYSNGDAVHTGGGNKLT	MNHEYSVGAGIASSYGGTYEQY	NLVPMVATV	0	0.6508773
DSASNYIRSNVGEAAQTRNSGYALN	SGHDYFNNNVPASSWGGEKLF	VLFGLGFAI	0	0.009223255
VSNAYNGSKPAVEPLGDYKLS	MNHEYSVGEGTASSYNRDSYEQY	NLVPMVATV	0	0.0057779225
NSASQSVYSSGVANDYKLS	MNHEYSVGEGTASSLEAGGPLDEQF	RPPIFIRRL	0	0.0090372125
TSGFNGNVLDGLAVSGGAGSYQLT	MNHEYSMNVEVASSMGLQETQY	GPRLGVRAT	0	0.002118759
TSENNYYQEAYKQQNAFMKLPNTGNQFY	SGHVSFNYEAQASSPADEVYEQY	NLVPMVATV	0	0.6059591
TSESDYYQEAYKQQNAYRSPNGNDMR	LGHNAYNFKEQASSQVFVAGASGPYEQY	NLVPMVATV	0	3.949738e-06
TSGFYGNALDGLAVRDRNRLM	SGHNTYENEEAASSLPGGDGYT	DATYQRTRALVR	0	0.25295025
SSNFYAMTLNGDEASDRFSDGQKLL	ENHRYSYGVKDAIKRAGGVYEQY	NLVPMVATV	0	0.048593502
YGGTVNYFSGDPLVAVNAPSTGRRALT	SGHTAFQGNSAASSPGPDDYGYT	NLVPMVATV	0	0.6203529
DSAIYNIQSSQREAVSPMNTGFQKLV	MNHEYSMNVEVASSPSPGYHEQF	NLVPMVATV	0	0.017882416
YGGTVNYFSGDPLVAVNGDSSYKLI	SGHATFQNNGVASSPGNEQF	NLVPMVATV	0	0.34218764
NSAFQYTYSSGNATTGGSYIPT	SGHDTYYEEEEASTPEGGFSTDTQY	NLVPMVATV	0	0.17029747
TSGFNGNVLDGLAVRDTNAGKST	DFQATTSNEGSKASARGQASSYEQY	DATYQRTRALVR	0	0.2934658
NSMFDYISSIKDKAASYSGTYKYI	MGHRAYSYEKLASSPLTSRNTGELF	NLVPMVATV	0	9.819327e-07
TSGFNGNVLDGLAVRDHFSYGGATNKLI	LGHDTYNNKELASSAGTGGDGYT	GPRLGVRAT	0	0.1755803
TSGFNGNVLDGLAVRPPTGGGNKLT	KGHDRSFDVKDATSALVGFRYQPQH	NLVPMVATV	0	0.07468791
NSMFDYISSIKDKAASAYAPNDMR	KGHSHLQKENIASSLTGDGSTGELF	NLVPMVATV	0	1.8431094e-05
TSESDYYQEAYKQQNANMNYGGSQGNLI	SEHNRFQNEAQASNNGRRYEQY	DATYQRTRALVR	0	0.06258412
DSSSTYIFSNMDMAERTLMDSSYKLI	PRHDTFYEKMQASSSSPENTEAF	NLVPMVATV	0	0.064782724
SVFSSVVTGGEVAGPLYNQGGKLI	MDHENSYDVKMASSPHMGEGKRETQY	DATYQRTRALVR	0	0.9111759
SSNFYAMTLNGDEAFEGDSSYKLI	SGHRSYFSETQASSLVFQETQY	NLVPMVATV	0	0.3492785
DRGSQSIYSNGDAVNSNSGYALN	DFQATTSNEGSKASARPSVSYNEQF	RPPIFIRRL	0	0.5556371
TRDTTYYRNSFDEQNALSDFRNDYKLS	MNHEYSVGEGTASSYSNQNEQF	NLVPMVATV	0	0.0053002303
TSDPSYGQGSYDQQNAMREATISNFGNEKLT	SGHVSFQNEAQASSLAGQGEAF	NLVPMVATV	0	7.5327803e-06
TRDTTYYRNSFDEQNALSNSNSGYALN	SNHLYFYNNEIASSEWLVGGSSYNEQF	NLVPMVATV	0	0.0030191792
TSESDYYQEAYKQQNAYRDSGGGADGLT	MNHEYSVGEGTASTFAKRYPQH	NLVPMVATV	0	5.8317113e-05
NSAFQYTYSSGNAMLPQGAQKLV	MNHNSSASEGTASRGRLRQPQH	DATYQRTRALVR	0	0.9231031
NSMFDYISSIKDKAASLLGGTGKLI	SGHDYFNNNVPAFRGAGNTIY	DATYQRTRALVR	0	6.8203904e-06
YGATPYYFSGDTLVAVADNNDYKLS	MNHEYSMNVEVASSLSGATTDTQY	NLVPMVATV	0	0.43087143
TSESDYYQEAYKQQNAYRSPEAAGNKLT	MNHEYSVGAGIASSYGGLAGIYNEQF	NLVPMVATV	0	1.235935e-06
NSASDYIRSNMDKAENTGFQKLV	DFQATTSNEGSKASARDRTEFIGTEAF	NLVPMVATV	0	0.0003492987
ATGYPSATKADDKALGRSQGNLI	MNHEYSMNVEVASSYRAASTDTQY	NLVPMVATV	0	0.06370611
TSESDYYQEAYKQQNAWAGSYQLT	MNHNYSVGAGIASSTHQVDTQY	RPPIFIRRL	0	0.017918821
YGGTVNYFSGDPLVAVIDYKLS	MNHEYSVGAGIASRIDSHPDAGSPLH	NLVPMVATV	0	0.096231654
DSASNYIRSNVGEAATTGFQKLV	SGHTAFQGNSAASSLGGPSYEQY	NLVPMVATV	0	0.02852449
TRDTTYYRNSFDEQNALSEAADGNKLV	SGHTAFQGTGAASSLVGDADTQY	NLVPMVATV	0	0.40643585
TRDTTYYRNSFDEQNALSFLTGGGNKLT	SEHNRFQNEAQASNPQTSGGADTQY	VLFGLGFAI	0	0.40682155
DSSSTYIFSNMDMAESGASKLT	MDHENSYDVKMASSLFGSPYNSPLH	NLVPMVATV	0	0.48254102
TSGFNGNVLDGLAPTDSWGKLQ	LNHNVYYDKDFATSRVKTGGDGYT	NLVPMVATV	0	0.17141806
DRGSQSIYSNGDASKGHSGYSTLT	LNHDASQIVNDASSPGQLTDTQY	RPPIFIRRL	0	0.52880985
NSMFDYISSIKDKAARDQPTLI	GTSNPNSVGIGAWARGEGTEAF	NLVPMVATV	0	5.933021e-10
TISGNEYGLKNNIVQVPSWSFGNVLH	LGHNAYSLEERASSQDRIGNTIY	GPRLGVRAT	0	0.03841402
VSGNPYYITGDNLVAVRDPGAGSYQLT	SGHVSFQNEAQASSLYDYNEQF	RPPIFIRRL	0	0.090871386
SSVPPYYTSAATLVAVSGRDTGRRALT	MNHNSSASEGTASSEDRGIMNTEAF	NLVPMVATV	0	0.0022349749
YSGSPEHISRALRNSGGYQKVT	MDHENSYDVKMASSSLDSYYGYT	NLVPMVATV	0	0.08460742
DSVNNIPSGTAASIGFGNVLH	SGHTAFQGNSAAISSELLTGHYNEQF	GPRLGVRAT	0	0.0006158146
TSGFYGNALDGLAVRDYQRTTDSWGKLQ	MNHEYSVGEGTASSYPASSAGGQETQY	NLVPMVATV	0	0.57936776
VSGNPYYITGDNLVAVSPPYNFNKFY	SNHLYFYNNEIASSGTSGSTDTQY	NLVPMVATV	0	0.007148865
TISGTDYGLTSNILDDTNAGKST	ENHRYSYGVKDAIRNRENTGELF	NLVPMVATV	0	0.23969698
TRDTTYYRNSFDEQNALSEPRSNDYKLS	DFQATTSNEGSKASAKLFTYGDQETQY	GPRLGVRAT	0	0.3795777
NSMFDYISSIKDKAASAGDYKLS	SGHVSFQNEAQASSSTGQGMRPGNTIY	RPPIFIRRL	0	2.1885264e-06
TTLSNLVKSGEVAGLATLTSGSRLT	SGHVSFNYEAQASSSTGYEQY	NLVPMVATV	0	0.023946138
TSINNIRSNEREATDSTLGRLY	DFQATTSNEGSKASANGDRPYEQY	GPRLGVRAT	0	0.0009981523
SVFSSVVTGGEVAGVGDDKII	SEHNRFQNEAQASIPEGVLWYGYT	NLVPMVATV	0	0.1598096
DSSSTYIFSNMDMAEEDSSYKLI	MDHENSYDVKMASRPGLAQETQY	DATYQRTRALVR	0	0.12610129
TSGFNGNVLDGLAVVDSNYQLI	DFQATTSNEGSKASARDRGDTEAF	RPPIFIRRL	0	0.00016716875
DSASNYIRSNVGEAASNDYKLS	MNHEYSVGAGIASSYGGAGEQF	NLVPMVATV	0	0.0256636
NSAFQYTYSSGNAMIPSGGYNKLI	MGHRAYSYEKLASSLAGGPGAGELF	NLVPMVATV	0	0.019883059
NSASQSVYSSGVVNDPNAGGTSYGKLT	SGHDNFVKESKASSGETYEQY	NLVPMVATV	0	0.73830783
TRDTTYYRNSFDEQNALSDEYSGAGSYQLT	SQVTMANQGSEASVGGIGGETQY	NLVPMVATV	0	0.077943414
DSAIYNIQSSQREAVGGLIKAAGNKLT	PRHDTFYEKMQASSTGLADYNEQF	DATYQRTRALVR	0	0.35214162
SSNFYAMTLNGDEASLSGSARQLT	DFQATTSNEGSKASASLDRGSGREQY	NLVPMVATV	0	0.3844233
YGGTVNYFSGDPLVAVSPPNAGGTSYGKLT	SGHTAFQGNSAASSPLAQNTGELF	VLFGLGFAI	0	0.846212
NSASQSVYSSGVVRGGKLI	MGHRAYSYEKLASSPKNEQF	VLFGLGFAI	0	0.1590029
NSASDYIRSNMDKAENAGFQKLV	MGHRAYSYEKLASSRGGPGQGNYEQY	NLVPMVATV	0	0.009657466
VTNFRSLTSSGIEAVWNWGKLQ	SNHLYFYNNEIASSRSGTQGRVNYGYT	NLVPMVATV	0	0.0005622595
TSINNIRSNEREATYRSGGGADGLT	MNHEYSVGAGIASSYGTASGNTIY	NLVPMVATV	0	0.071070425
SSVSVYYLSGSTLVAVSDRLSGNTPLV	SGHRSYFSETQASSLRGAGDGYT	DATYQRTRALVR	0	0.7818115
TISGTDYGLTSNILRGSSNSGYALN	MNHEYSMNVEVASSIYSDSYEQY	NLVPMVATV	0	0.054175097
VSGLRGLYSAGEEAVQTSYNTDKLI	LGHDTYNNKELASSQDLELGETQY	NLVPMVATV	0	5.3717937e-05
SVFSSVVTGGEVAGAVRSQGNLI	MNHEYSVGEGTASSYPTRST	DATYQRTRALVR	0	0.34993395
YGATPYYFSGDTLVAVGAGTYKYI	SGHVSFQNEAQASSSEGRDNEQF	GPRLGVRAT	0	0.110405356
DRGSQSIYSNGDAVTGTYKYI	PRHDTFYEKMQASSLGSGSPYEQY	NLVPMVATV	0	0.4553609
DSSSTYIFSNMDMAETQYTSGTYKYI	MNHEYSMNVEVASSLSGQNSNQPQH	NLVPMVATV	0	0.006613325
NSASQSVYSSGVVPRSGNTGKLI	MDHENSYDVKMASSLIAGESSYNEQF	DATYQRTRALVR	0	0.3400783
TSGFYGNALDGLAVRVGNDYKLS	SEHNRFQNEAQASSLGARQANGELF	NLVPMVATV	0	0.010749777
DRGSQSIYSNGDAVWNNNARLM	DFQATTSNEGSKATWGDVGNEQF	NLVPMVATV	0	0.6100456
TSESDYYQEAYKQQNAYLLGGGSEKLV	SGHATFQNNGVASSRLAWNNEQF	NLVPMVATV	0	2.064873e-06
TISGTDYGLTSNGADDAGGTSYGKLT	MNHEYSVGAGIASSARLDQPQH	DATYQRTRALVR	0	0.08594146
TSGFYGNALDGLAVTEAGGGNKLT	SGHRSYFSETQASSGDRVIEQY	NLVPMVATV	0	0.019451989
TSDPSYGQGSYDQQNAMREGSAAGGTSYGKLT	LNHDASQIVNDASSIGGRIYGYT	NLVPMVATV	0	3.650676e-05
TSDPSYGQGSYDQQNAFTGDSSYKLI	MDHENSYDVKMASSRGTFSNQPQH	DATYQRTRALVR	0	2.2226195e-06
YGGTVNYFSGDPLVAVSPYNARLM	SEHNRFQNEAQASSTSRDTNQPQH	NLVPMVATV	0	0.00023142611
TSDPSYGQGSYDQQNAMREDQNAGNMLT	SGHATFQNNGVASSWDNYGYT	DATYQRTRALVR	0	6.2012645e-05
TRDTTYYRNSFDEQNALSERYNQGGKLI	SGDLSYYNGEEASSDGGTSTDTQY	NLVPMVATV	0	0.09992303
NSMFDYISSIKDKAASENNDMR	SGDLSYYNGEEASSPDSLNQPQH	DATYQRTRALVR	0	2.9912337e-07
NSMFDYISSIKDKAATTGNQFY	SGHNSFNNNVPASSLMGLAGGEDTQY	DATYQRTRALVR	0	3.072438e-06
DRGSQSIYSNGDAVNDWAGGTSYGKLT	SNHLYFYNNEIASGTSGGAGETQY	NLVPMVATV	0	0.20177744
DSAIYNIQSSQREAVAGRENSGGSNYKLT	MNHEYSMNVEVASSSLINSPLH	GPRLGVRAT	0	0.06762105
TSDPSYGQGSYDQQNAMRELGNNDMR	SGHRSYFSETQASSLRMGAYNEQF	DATYQRTRALVR	0	0.00023145415
TSESDYYQEAYKQQNAYIGLGNQFY	MNHEYSMNVEVASSQRGAGQPQH	NLVPMVATV	0	1.273368e-06
TRDTTYYRNSFDEQNALHTGANSKLT	KGHSHLQKENIASSRQGVYQETQY	NLVPMVATV	0	0.007258708
TSDPSYGQGSYDQQNAMTRDTGRRALT	SGHDTYYEEEEASSLASWPDHSYEQY	NLVPMVATV	0	8.297851e-05
KALYSLLKGGEQGTEIPGGYQKVT	SGHRSYFSETQASSWSADTGELF	NLVPMVATV	0	0.43563068
TSGFNGNVLDGLAHMDSNYQLI	DFQATTSNEGSKASARGTGGDTEAF	NLVPMVATV	0	0.0032418454
DSAIYNIQSSQREAVRPGNQGGKLI	LNHDASQIVNDASHLGVAGGYNEQF	RPPIFIRRL	0	0.0022463407
YGATPYYFSGDTLVAVNTGGFKTI	MDHENSYDVKMASSPTGGVLANEKLF	NLVPMVATV	0	0.00028261924
KALYSLLKGGEQGTGPNAGGTSYGKLT	MGHRAYSYEKLASSQGSPPGQSSYEQY	DATYQRTRALVR	0	0.11271147
TISGTDYGLTSNILRDVGGNTGKLI	MNHEYSVGAGIASSYSRQSSTDTQY	GPRLGVRAT	0	0.20916457
TRDTTYYRNSFDEQNALSEGAITGANNLF	MNHEYSMNVEVASSLGQNTGELF	NLVPMVATV	0	0.45807508
SVFSSVVTGGEVAANEITGNQFY	SGHVSFNYEAQASSLELTDYLF	NLVPMVATV	0	0.024219513
DRGSQSIYSNGDAVREYGNKLV	LGHDTYNNKELASSQGLFNEKLF	DATYQRTRALVR	0	0.4643416
YGATPYYFSGDTLVAVGEYGNKLV	MNHNSSASEGTASSERGQRKSSYEQY	NLVPMVATV	0	0.4500843
TSGFNGNVLDGLAVLDSNYQLI	LGHNAYNFKEQASSQGGTGVDEQY	DATYQRTRALVR	0	0.019748798
YGATPYYFSGDTLVAVDYTDKLI	MDHENSYDVKMASSLRDNSDNEQF	RPPIFIRRL	0	0.097873844
ATGYPSATKADDKALLRDTGRRALT	MNHNYSVGAGIASSYSGGASPEAF	NLVPMVATV	0	0.041008767
VGISALSSGKAVRSNTGNQFY	SGDLSYYNGEEASSPGVNQPQH	VLFGLGFAI	0	0.024560362
DSAIYNIQSSQREAVEDMR	MNHEYSMNVEVASGLAFSGANVLT	NLVPMVATV	0	0.4002252
DSAIYNIQSSQREAVYRNDYKLS	SGHRSYFSETQASSLEGMNQETQY	NLVPMVATV	0	0.009964204
NSMFDYISSIKDKAARGRDMR	MNHEYSVGAGIASSYFGGNYGYT	NLVPMVATV	0	1.1060086e-07
NSASQSVYSSGVVTGLYNAGNMLT	MNHEYSVGAGIATTDWSNEQF	DATYQRTRALVR	0	0.06654987
DSAIYNIQSSQREAVNSGYSTLT	DFQATTSNEGSKASARVELMGTGISSYEQY	NLVPMVATV	0	0.002503619
NYSPAYIRENEKEAPWAGTALI	MDHENSYDVKMASNSGHRGETQY	NLVPMVATV	0	0.0003496487
TSGFNGNVLDGLAAMDSNYQLI	MRHNASNTAGTASSDPGGAGTGELF	NLVPMVATV	0	0.042355392
YGATPYYFSGDTLVAVGGGNDMR	MNHNSSASEGTASSEGLSYEQY	NLVPMVATV	0	0.37003213
TSDPSYGQGSYDQQNAMREKSNTGKLI	SSHATFNYEAQASSLVSSTSGVNEQF	NLVPMVATV	0	9.131209e-05
ATGYPSATKADDKALSDNQGGKLI	KGHDRSFDVKDATSQVQDNTGELF	NLVPMVATV	0	0.477847
TSGFNGNVLDGLAVLRSYNTDKLI	LNHDASQIVNDASSGGSDEQY	NLVPMVATV	0	2.3915363e-05
YSGSPEHISRAPLGSNYQLI	MDHENSYDVKMASSLEGAGEAF	NLVPMVATV	0	0.4604899
TRDTTYYRNSFDEQNALSEASDYGGATNKLI	MDHENSYDVKMASSDLGGNTIY	NLVPMVATV	0	0.011210767
TTSDRLLSNGAVAAINAGKST	DFQATTSNEGSKASARDYSTYEQY	RPPIFIRRL	0	0.035698667
TTSDRLLSNGAVAVERDDKII	SNHLYFYNNEIASTGVEDNQPQH	GPRLGVRAT	0	0.52386856
SIFNTLYKAGELAGQRDGGATNKLI	LNHDASQIVNDASSMDRGRENEQF	RPPIFIRRL	0	0.027498925
NSASQSVYSSGVVSRYSGNTPLV	SNHLYFYNNEIASSLDSSLNEQF	NLVPMVATV	0	0.025555974
DSASNYIRSNVGEAASIGAGGFKTI	SNHLYFYNNEIASSQPGQGMGLVDYEQY	NLVPMVATV	0	0.015059692
TSGFNGNVLDGLAVRDSNYQLI	LGHNAYNFKEQASSQDPSGGAETQY	NLVPMVATV	0	0.025222318
NSASQSVYSSGVVNDGNKLV	DFQATTSNEGSKASARQVDTQY	VLFGLGFAI	0	0.46235004
DSAIYNIQSSQREAVRADRGSTLGRLY	KGHSHLQKENIASSPTGLAGLDTQY	DATYQRTRALVR	0	0.12664324
NIATNDYGYKTKLVGAFSGNTGKLI	SGHRSYFSETQASSPRTGPNYEQY	NLVPMVATV	0	0.08686167
DRGSQSIYSNGDAVKSDYKLS	DFQATTSNEGSKASARDPRDLNTEAF	NLVPMVATV	0	0.8285809
DSAIYNIQSSQREAVSTGANNLF	SGHKSYYEKEEASSFFSGGGVEQF	DATYQRTRALVR	0	0.54652727
TRDTTYYRNSFDEQNALSNRDDKII	MDHENSYDVKMASKVSSYNSPLH	NLVPMVATV	0	0.031862564
SVFSSVVTGGEVAGGGAYSGGGADGLT	LNHDASQIVNDASSATGWTEAF	VLFGLGFAI	0	0.4970515
TSESDYYQEAYKQQNAYFSGGTSYGKLT	SGHRSYFSETQASRPPSLNYGYT	DATYQRTRALVR	0	0.00220239
DRGSQSIYSNGDALNNAGNMLT	MNHNSSASEGTASSEGLAAGGRDEQY	NLVPMVATV	0	0.8788568
TSINNIRSNEREVHIPYGQNFV	SGHATFQNNGVASSLGDRDRNTEAF	DATYQRTRALVR	0	0.8791988
TRDTTYYRNSFDEQNALSEAGYSTLT	SGHATFQNNGVASSLERTSASYEQY	NLVPMVATV	0	0.05491095
DSVNNIPSGTLTDSWGKLQ	SQVTMANQGSEASVVGAGHEQY	DATYQRTRALVR	0	0.5535454
VGISALSSGKAVPFYGGSQGNLI	MDHENSYDVKMASSLGGGDWDEKLF	NLVPMVATV	0	0.41267166
TSGFNGNVLDGLACMDSNYQLI	KGHDRSFDVKDATSDPTRGDTGELF	NLVPMVATV	0	0.13222422
SSNFYAMTLNGDEAFGDNFNKFY	KGHDRSFDVKDATSDFSGGGYT	NLVPMVATV	0	0.043032795
VSNAYNGSKPAVLGIGFGNVLH	MNHEYSMNVEVASSLLNTGELF	VLFGLGFAI	0	0.0046429476
TSDPSYGQGSYDQQNAMREGIDGANNLF	MNHEYSMNVEVASSLQTGTTMTQETQY	NLVPMVATV	0	3.5267316e-05
SIFNTLYKAGELAGQANSGGSNYKLT	MNHEYSVGEGTASSYLLQGIFVNQPQH	NLVPMVATV	0	0.028010644
TSINNIRSNEREATDLMDSSYKLI	MDHENSYDVKMASSFSRDTEAF	NLVPMVATV	0	0.71109796
NSAFQYTYSSGNAMSASGYALN	SGHNSFNNNVPASRTTEGLAPLEQY	NLVPMVATV	0	0.0022237995
TRDTTYYRNSFDEQNALMPNTGFQKLV	SGDLSYYNGEEASSETSGGYEQY	NLVPMVATV	0	0.04348624
TTLSNLVKSGEVAGLDRGSTLGRLY	LGHNAYSLEERASSQEVTGWDTEAF	NLVPMVATV	0	0.0014700217
NSASDYIRSNMDKAEKTRGSARQLT	SGDLSYYNGEEASSEGGGTEAF	VLFGLGFAI	0	0.0018036042
TRDTTYYRNSFDEQNALSEARGGATNKLI	SGDLSYYNGEEASSPRGTAGGIEQF	GPRLGVRAT	0	0.08935295
ATGYPSATKADDKATGFGNVLH	MNHEYSMNVEVASSSRATNEKLF	GPRLGVRAT	0	0.025857449
NSMFDYISSIKDKAASSGFQKLV	SGHATFQNNGVASSLDLGLNNEQF	NLVPMVATV	0	2.4260672e-07
DSASNYIRSNVGEAASHNYKLS	SGDLSYYNGEEASGTGTSDPYNEQF	NLVPMVATV	0	0.57411903
KALYSLLKGGEQGTDSNNNDMR	MNHEYSMNVEVASTDSFGRHGYT	NLVPMVATV	0	0.055289783
SSNFYAMTLNGDEAHPNAGKST	MNHEYSMNVEVASSLSGLAEIYEQY	NLVPMVATV	0	0.00013942731
TRDTTYYRNSFDEQNALSGYNNAGNMLT	ENHRYSYGVKDAIRTPSGDTYEQY	NLVPMVATV	0	0.011919867
TTSDRLLSNGAVAVDMAGNQFY	LGHNAYNFKEQASSQVVRGLGTDTQY	RPPIFIRRL	0	0.274801
TRDTTYYRNSFDEQNALIPLSGGGADGLT	GTSNPNSVGIGAWSGTSLTYGYT	DATYQRTRALVR	0	0.7740785
NSASQSVYSSGVVNLVTGGGNKLT	SGHTAFQGTGAASSSTGGRNSPLH	NLVPMVATV	0	0.9588313
NSASQSVYSSGVVNVGNDMR	SNHLYFYNNEIASSDLDTGELF	NLVPMVATV	0	0.36672035
TSINNIRSNEREATPLRSGGSEKLV	SGHRSYFSETQASSLRQSISGANVLT	NLVPMVATV	0	0.021666909
TSINNIRSNEREATDQDGGTALI	SGHDTYYEEEEASSLGTANTEAF	NLVPMVATV	0	0.053730562
NSMFDYISSIKDKAASAGGGSNYKLT	PRHDTFYEKMQASSLRGAGNNEQF	NLVPMVATV	0	1.11521e-05
KALYSLLKGGEQGTAVNNNDMR	MGHRAYSYEKLASSRLRGPAGGQETQY	GPRLGVRAT	0	0.53777695
NSASQSVYSSGVVNRQTGANNLF	MNHNSSASEGTASSEDSGRYNEQF	NLVPMVATV	0	0.09037668
SSVSVYYLSGSTLVAVSPMIKAAGNKLT	GTSNPNSVGIGAWERRGGSGGYT	DATYQRTRALVR	0	0.21790142
DSASNYIRSNVGEAALNDYKLS	LGHNAYNFKEQASSQSSGSYNEQF	NLVPMVATV	0	0.047501758
TRDTTYYRNSFDEQNALSEDNSGGGADGLT	LGHDTYNNKELASSQDLKQGPNTEAF	NLVPMVATV	0	0.2381629
YGGTVNYFSGDPLVAVNSPLIYNQGGKLI	SGHATFQNNGVASSLEGKGRWNTEAF	NLVPMVATV	0	0.15417516
YGGTVNYFSGDPLVAVSREGFKTI	MNHNSSASEGTASSESDPAYEQY	NLVPMVATV	0	0.17797908
TSENNYYQEAYKQQNAFAEYNFNKFY	ENHRYSYGVKDAISDGNTEAF	NLVPMVATV	0	0.013846982
SVFSSVVTGGEVAGGDVGYGKLT	LNHDASQIVNDASSTKSLGPQH	NLVPMVATV	0	0.026561992
NIATNDYGYKTKLVGRPNDYKLS	MNHEYSVGEGTASSYSGGALFQETQY	NLVPMVATV	0	0.08888837
TSGFNGNVLDGLAPHTGGFKTI	MDHENSYDVKMASSLVGDVTQY	GPRLGVRAT	0	0.054922707
TRDTTYYRNSFDEQNALSVDKLI	SGDLSYYNGEEASSVGFVGQGLDEQF	NLVPMVATV	0	0.120006226
TSESDYYQEAYKQQNAYRSAGNNNDMR	SGHDYFNNNVPASSLFLGGNEQF	VLFGLGFAI	0	0.000411141
NIATNDYGYKTKLVGDSARQLT	SEHNRFQNEAQASSLGRGGGAPTEQY	DATYQRTRALVR	0	0.8504123
VSNAYNGSKPAVPVSGGYNKLI	SGHDTYYEEEEASSLMNTEAF	NLVPMVATV	0	0.012786889
DSASNYIRSNVGEAASTATGGFKTI	SEHNRFQNEAQASSPGWDQPQH	NLVPMVATV	0	7.76354e-05
DSASNYIRSNVGEAAWSISNFGNEKLT	SGHRSYFSETQASSLTGVEKLF	DATYQRTRALVR	0	0.41203958
VSGNPYYITGDNLVAVSTGGFKTI	MNHEYSMNVEVASSFQSGHADTQY	DATYQRTRALVR	0	0.44862044
TSDPSYGQGSYDQQNAMREYGGATNKLI	MGHRAYSYEKLASTRGAGGNTGELF	NLVPMVATV	0	0.004655227
SSVSVYYLSGSTLVAVSGQAGTALI	SGHATFQNNGVASSFLAGVYEQF	GPRLGVRAT	0	0.0493966
TSGFYGNALDGLALSDGQKLL	MNHEYSMNVEVASSLPLGGGNNEQF	RPPIFIRRL	0	0.2423225
TSGFNGNVLDGLAVEDSNYQLI	MRHNASNTAGTASSEGDGTDTQY	NLVPMVATV	0	0.0005368474
DSAIYNIQSSQREAVRFMNNNAGNMLT	MNHEYSVGAGIASSYTSWGGETQY	NLVPMVATV	0	0.11319972
DRGSQSIYSNGDAVEGNAGNMLT	MNHEYSVGAGIASSYSTAGREQY	NLVPMVATV	0	0.953818
DRGSQSIYSNGDAVETAGNKLT	MNHNSSASEGTASSDPEPTPISEETQY	NLVPMVATV	0	0.25716183
NSASQSVYSSGVVNGGSGGYNKLI	MNHEYSVGAGIASSYSRAVQETQY	VLFGLGFAI	0	0.16752638
TRDTTYYRNSFDEQNALSEGQAGNNRKLI	MNHNSSASEGTASSDQDRGRWNEQF	NLVPMVATV	0	0.113163434
TSGFNGNVLDGLAVLDSNYQLI	DFQATTSNEGSKASAKGGGQIETQY	NLVPMVATV	0	0.0006333855
TRDTTYYRNSFDEQNALSEPYTGANSKLT	SGHDYFNNNVPASSPLGSEAF	NLVPMVATV	0	0.17138658
TSGFYGNALDGLAVRDPYSSASKII	DFQATTSNEGSKASARKGDQVETQY	NLVPMVATV	0	0.1416981
NSMFDYISSIKDKAASASNTGNQFY	SGHKSYYEKEEASSEGAGEIYGYT	DATYQRTRALVR	0	1.2350822e-08
DSAIYNIQSSQREAVKATNYGQNFV	MNHEYSMNVEVASSPPEGKLF	NLVPMVATV	0	0.030654415
ATGYPSATKADDKALSVRTGGSYIPT	LNHNVYYDKDFATSSGSGFSYEQY	VLFGLGFAI	0	0.31057024
DRGSQSIYSNGDAVETAGNKLT	MNHNSSASEGTASSDPEPTPISEETQY	VLFGLGFAI	0	0.029350985
NSASQSVYSSGVVEGANFGNEKLT	MNHEYSVGAGIASSYDTTGQPQH	NLVPMVATV	0	0.9172197
DSASNYIRSNVGEAASISLTQGGSEKLV	LGHDTYNNKELASSQDFGGPTINEQF	DATYQRTRALVR	0	0.37576282
NSMFDYISSIKDKASFSGQLT	DFQATTSNEGSKASASTTSGYNEQF	DATYQRTRALVR	0	1.4931302e-08
VGISALSSGKAVRGGRGGADGLT	SGHTAFQGNSAASSLVLAGGNTEAF	NLVPMVATV	0	0.40206522
VSGLRGLYSAGEEAVQAFKAAGNKLT	SEHNRFQNEAQASSLQGPKGWLLNEQF	DATYQRTRALVR	0	0.002870525
TSGFNGNVLDGLAVLDSNYQLI	DFQATTSNEGSKASAQAGAGEFYEQY	NLVPMVATV	0	0.03530772
YGATPYYFSGDTLVAVPYNNNDMR	SEHNRFQNEAQASSHLVRGYT	NLVPMVATV	0	0.02235678
VSPFSNMTFSENTVVIPFTSGTYKYI	SGDLSYYNGEEASERGTDTGYGYT	NLVPMVATV	0	0.16286446
NSASDYIRSNMDKAEGSGNTGKLI	SGDLSYYNGEEASSVGAGPNNEQF	NLVPMVATV	0	0.5642554
YGGTVNYFSGDPLVAVNARDAGNMLT	SEHNRFQNEAQASSFQAGANYGYT	NLVPMVATV	0	0.0072641913
DSASNYIRSNVGEAAAGGTSYGKLT	MGHRAYSYEKLASSQVGQVTEAF	DATYQRTRALVR	0	0.33713034
DSVNNIPSGTAVRYGQNFV	SGHRSYFSETQASSREGDQPQH	NLVPMVATV	0	0.016829537
TTLSNLVKSGEVAGPSGGSNYKLT	SNHLYFYNNEIASIRDIHLAYLHSPLH	NLVPMVATV	0	0.43864956
DSAIYNIQSSQREAVRPRNARLM	SGHATFQNNGVASSSQDSSYNEQF	NLVPMVATV	0	0.03071508
VSGLRGLYSAGEEAVSTYMEYGNKLV	LGHDTYNNKELASSHLGESSYNEQF	DATYQRTRALVR	0	0.5804485
TSINNIRSNEREATDQKKSSGDKLT	MNHNYSVGAGIASTFLQGTLNTGELF	NLVPMVATV	0	0.39799094
TRDTTYYRNSFDEQNALSEAEGQGGSEKLV	ENHRYSYGVKDAISAGTSDQETQY	GPRLGVRAT	0	0.021696405
TSGFNGNVLDGLAVDNQGGKLI	MNHNYSVGAGIASLNSGGAGEQF	NLVPMVATV	0	0.0054101627
DSAIYNIQSSQREAVHRGATNKLI	MNHEYSMNVEVASSLWGGLDEQF	GPRLGVRAT	0	0.4442017
VSGNPYYITGDNLVAVRDFSSISGYSTLT	SGHVSFNYEAQASSLGGLAGGPEETQY	DATYQRTRALVR	0	0.23259124
ATGYPSATKADDKALSVRTGGSYIPT	LNHNVYYDKDFATSSGSGFSYEQY	RPPIFIRRL	0	0.981498
NSAFQYTYSSGNAMSHSGGYNKLI	MNHNYSVGAGIASSTGSTINQPQH	NLVPMVATV	0	0.10267728
TTSDRLLSNGAVAVDTGRRALT	SGHDNFVKESKASSRKKGEAFYNEQF	VLFGLGFAI	0	0.0036748233
TSGFNGNVLDGLAAMDSNYQLI	MNHNYSVGAGIASSYSEQGQPQH	DATYQRTRALVR	0	0.06609586
NSMFDYISSIKDKAARGVGYGQNFV	LNHDASQIVNDASSIGTTLAEKLF	NLVPMVATV	0	1.201046e-06
TISGNEYGLKNNIVASYNFNKFY	MNHEYSVGAGIASSYSLRGSTDTQY	NLVPMVATV	0	0.09313972
TSINNIRSNEREATDKGGGSYIPT	LGHNAYSLEERASSLLAMRNEQF	DATYQRTRALVR	0	0.8103429
TSESDYYQEAYKQQNAYRSALEPNDMR	SGHRSYFSETQASSLAYSGYNEQF	GPRLGVRAT	0	0.5708986
TSDPSYGQGSYDQQNAMIYTGGFKTI	MNHEYSMNVEVASTANTGELF	NLVPMVATV	0	2.8462515e-05
SSNFYAMTLNGDEAFNAGNMLT	SGHVSFQNEAQASSSSGQGIGRDEQF	NLVPMVATV	0	0.084623545
DRGSQSIYSNGDAVNMISFNKFY	MNHEYSMNVEVASAYRYEQY	NLVPMVATV	0	0.2788538
YGATPYYFSGDTLVAVGPLGFQKLV	DFQATTSNEGSKASARVGTYEQY	DATYQRTRALVR	0	0.98401135
TSGFNGNVLDGLAVRDYNNARLM	DFQATTSNEGSKASREGLNNEQF	NLVPMVATV	0	0.0032928854
TSGFNGNVLDGLAALDSNYQLI	KGHSHLQKENIASSVGSDVNTGELF	RPPIFIRRL	0	0.0007740157
NSMFDYISSIKDKAASSDNYGQNFV	MDHENSYDVKMASRDDGISYNEQF	NLVPMVATV	0	7.3816445e-08
DSASNYIRSNVGEAGGLTDSWGKLQ	SNHLYFYNNEIASSDPTMNTEAF	NLVPMVATV	0	0.11310942
TRDTTYYRNSFDEQNALSTNRDDKII	MNHNSSASEGTASSEVLDTGELF	RPPIFIRRL	0	0.007024576
TISGTDYGLTSNILKNNNNDMR	SNHLYFYNNEIASSESGQGYNEQF	RPPIFIRRL	0	0.018485775
VGISALSSGKAARDDKII	SGHRSYFSETQASDKGSSTDTQY	NLVPMVATV	0	0.050130136
VTNFRSLTSSGIEAVATGGSNYKLT	SGHVSFNYEAQASSFRTTNTGELF	NLVPMVATV	0	8.8661445e-06
TTSDRLLSNGAVAANQGGKLI	DFQATTSNEGSKASARDRESYEQY	NLVPMVATV	0	0.27932963
ATGYPSATKADDKALSGAGSYQLT	DFQATTSNEGSKASARDPEYNEQF	NLVPMVATV	0	0.06807971
TRDTTYYRNSFDEQNALSDPANDYKLS	SNHLYFYNNEIASSESSGGSKNIQY	NLVPMVATV	0	0.00063447974
YGATPYYFSGDTLVALYGGATNKLI	SGHDTYYEEEEASSLTGGAEAF	NLVPMVATV	0	0.02487822
NSAFQYTYSSGNAALNDYKLS	MNHEYSMNVEVASSIGTGSSGNQPQH	NLVPMVATV	0	0.06316592
NSASQSVYSSGVVSAYNQGGKLI	MNHEYSVGEGTASSFLFHHEQY	DATYQRTRALVR	0	0.16527106
SSVPPYYTSAATLVAVINRDDKII	MDHENSYDVKMASRGTGISEQF	NLVPMVATV	0	0.05822419
TSGFNGNVLDGLAVSAVRDNYGQNFV	MDHENSYDVKMASAGTIFTDTQY	NLVPMVATV	0	0.023643212
TSGFYGNALDGLAVRGGSQGNLI	MNHNSSASEGTASIRGQISYNEQF	GPRLGVRAT	0	0.45929024
DSASNYIRSNVGEAGTGGGNKLT	SGHDYFNNNVPASSILPGPPLGQY	GPRLGVRAT	0	0.0029057127
TSINNIRSNEREATLFSGGYNKLI	MNHEYSMNVEVASGWDPHNEQF	NLVPMVATV	0	0.0127064865
DSSSTYIFSNMDMAEFWRDKII	SGHVSFQNEAQASSSGPTDTQY	NLVPMVATV	0	2.6004925e-06
VGISALSSGKAVSNAGGTSYGKLT	MDHENSYDVKMASSLGYNTEAF	NLVPMVATV	0	0.04915067
DSSSTYIFSNMDMAGRGAGNMLT	MDHENSYDVKMASSLGGNEQF	GPRLGVRAT	0	0.067811914
DRGSQSIYSNGDAVNQAGTALI	SNHLYFYNNEIASTKTGGYSGANVLT	VLFGLGFAI	0	0.51827466
ATGYPSATKADDKALSDVISSGSARQLT	LNHDASQIVNDASSMGISNQPQH	GPRLGVRAT	0	0.23829107
TSINNIRSNEREATDAGDMR	SGHNSFNNNVPASRTGVGEQY	NLVPMVATV	0	0.12329715
TSDPSYGQGSYDQQNAIDPWAGSYQLT	DFQATTSNEGSKASALALSGSSYEQY	NLVPMVATV	0	4.2971737e-05
NSASQSVYSSGVVNKLGSGTALI	SEHNRFQNEAQASSLAQNTEAF	RPPIFIRRL	0	0.1390587
VGISALSSGKAVCPNTGNQFY	SGHDYFNNNVPASSLGGAGAQSYGYT	NLVPMVATV	0	0.0021066212
SVFSSVVTGGEVAGDSDYGGSQGNLI	MDHENSYDVKMASSLLGAGLYEQY	NLVPMVATV	0	0.36361712
TSDPSYGQGSYDQQNAMTYNQGGKLI	LNHDASQIVNDASSIGGQVEQY	NLVPMVATV	0	0.000116353454
TSDPSYGQGSYDQQNAMRSDTGGGNKLT	KGHSHLQKENIASSPIGVLSGANVLT	DATYQRTRALVR	0	6.26611e-06
DSASNYIRSNVGEAASWGGGADGLT	DFQATTSNEGSKASAGPSGMLLYEQY	NLVPMVATV	0	0.00042935842
TSGFNGNVLDGLAVTDSNYQLI	LGHNAYNFKEQASSQPPGTADSGANVLT	NLVPMVATV	0	0.015445148
NSMFDYISSIKDKATGTYKYI	SEHNRFQNEAQASSFTGQGDTDTQY	DATYQRTRALVR	0	7.2749726e-06
SIFNTLYKAGELAGPTGNTGKLI	SGHDYFNNNVPASSFGVLAF	DATYQRTRALVR	0	0.0045556296
NSAFQYTYSSGNVYGGATNKLI	SQVTMANQGSEASARTSGTYEQY	DATYQRTRALVR	0	0.055557467
TSESDYYQEAYKQQNAYRSPIYGGSQGNLI	SGDLSYYNGEEASSEGPLSNQPQH	NLVPMVATV	0	7.69724e-06
DRGSQSIYSNGDAVNEMDSSYKLI	MNHEYSVGAGIASSNAQGHGYT	DATYQRTRALVR	0	0.42482057
DSAIYNIQSSQREAVGWDQAGTALI	GTSNPNSVGIGAWSVGPGTGVGKLF	NLVPMVATV	0	0.00023967681
TTLSNLVKSGEVAGISLFNTDKLI	LGHDTYNNKELASSQAPGYMNTEAF	DATYQRTRALVR	0	0.51439786
TSENNYYQEAYKQQNAFMAPYGGATNKLI	SGHTAFQGNSAASSLGGIEQY	NLVPMVATV	0	0.42918527
NIATNDYGYKTKLVGLVNTGFQKLV	MDHENSYDVKMASSSYNEQF	NLVPMVATV	0	0.17460814
TSDPSYGQGSYDQQNAMREDVYGQNFV	SGDLSYYNGEEASSAGGSGANVLT	NLVPMVATV	0	0.0002879644
NSMFDYISSIKDKAAIEGYAGGTSYGKLT	SGHATFQNNGVASSLDSGAGGEKLF	RPPIFIRRL	0	7.3439755e-06
NSAFQYTYSSGNAMSASTGNQFY	LNHDASQIVNDASSLRPSSVNEQF	NLVPMVATV	0	0.29589346
DSSSTYIFSNMDMAEILEYGNKLV	MNHEYSVGAGIASIGLGTSGGYNEQF	NLVPMVATV	0	0.11326357
DSAIYNIQSSQREAVFNQAGTALI	MDHENSYDVKMASTWDRARSTEAF	VLFGLGFAI	0	0.012791044
VSPFSNMTFSENTVVSASSFQKLV	DFQATTSNEGSKASARDSGRGLDEQY	NLVPMVATV	0	0.08033106
NSASQSVYSSGVVNGGSGGYNKLI	MNHEYSVGAGIASSYSRAVQETQY	NLVPMVATV	0	0.35653263
NYSPAYIRENEKEALADNARLM	SQVTMANQGSEASVEDSSGGGGTDTQY	DATYQRTRALVR	0	0.971962
DSASNYIRSNVGEAASINGVGSQGNLI	MNHEYSVGAGIASSYSIGLAGVQPQETQY	NLVPMVATV	0	0.13980027
DSVNNIPSGTAVPTFLSARQLT	SGHKSYYEKEEASSSRPATSGANVLT	GPRLGVRAT	0	0.9292853
SVFSSVVTGGEVAGAAYYGTASKLT	LNHNVYYDKDFATSRVGAISYEQY	NLVPMVATV	0	0.041802365
VSGLRGLYSAGEEAVRGSNYKLT	SGHNTYENEEAASSGQYNEQF	GPRLGVRAT	0	0.032185774
SSNFYAMTLNGDEAFRTSWDMR	MNHNSSASEGTASSEEGGNTDTQY	NLVPMVATV	0	0.0012769337
NSMFDYISSIKDKASDYNTDKLI	SGHDTYYEEEEASSFRGSYNSPLH	DATYQRTRALVR	0	4.989393e-09
SIFNTLYKAGELAGPLGTSGSRLT	DFQATTSNEGSKASARGGQGGY	NLVPMVATV	0	0.07166023
TSGFNGNVLDGLAVRVIPRDDKII	MNHEYSMNVEVASSLLVTGGETDTQY	NLVPMVATV	0	0.079088524
TSINNIRSNEREATSGSARQLT	SSHATFNYEAQASSAAPDYEQY	NLVPMVATV	0	0.010565962
TSENNYYQEAYKQQNAFISGGSNYKLT	KGHDRSFDVKDATSTTGSYNEQF	NLVPMVATV	0	0.07198972
TSDPSYGQGSYDQQNAMREAGGTASKLT	SGHDYFNNNVPASSFRGTYTSYEQY	NLVPMVATV	0	4.5133647e-06
DRGSQSIYSNGDAAIGGSQGNLI	SGHVSFNYEAQASSLMDTEAF	NLVPMVATV	0	0.25714266
TRDTTYYRNSFDEQNALSLDTGRRALT	SGHVSFNYEAQASSPPGHGGANVLT	NLVPMVATV	0	0.05742442
TSDPSYGQGSYDQQNAMREGQSITSGSRLT	MGHRAYSYEKLASSRSSGTELYNEQF	NLVPMVATV	0	4.5712437e-05
DRGSQSIYSNGDAVMEYGNKLV	SGHTSYDEGEEASSLVYNEQF	NLVPMVATV	0	0.69559926
DSAIYNIQSSQREAVSGGGADGLT	MGHDKSYGVNSASSNRAANEKLF	DATYQRTRALVR	0	0.51491934
DSAIYNIQSSQREAAPTGGGADGLT	WSHSYSAAADIASIGGAYNEQF	DATYQRTRALVR	0	0.45833787
SIFNTLYKAGELAGRSLSGGGADGLT	SEHNRFQNEAQASSLSQLPEAF	DATYQRTRALVR	0	0.67215115
DSASNYIRSNVGEAPLGGFGNEKLT	SGHDYFNNNVPASSFGTDYGYT	NLVPMVATV	0	0.0019974161
TSESDYYQEAYKQQNAREFGNEKLT	DFQATTSNEGSKASARDPLAGGYEQY	NLVPMVATV	0	3.2593007e-07
VTNFRSLTSSGIEAVWNWGKLQ	SNHLYFYNNEIASSRSGTQGRVNYGYT	DATYQRTRALVR	0	0.08363645
TSGFYGNALDGLAVRDQGTDKLI	LGHNAYNFKEQASSQDVRGRASYEQY	NLVPMVATV	0	0.011679081
VGISALSSGKAVTGGTSYGKLT	MDHENSYDVKMASTEGILNYGYT	DATYQRTRALVR	0	0.054305416
NSAFQYTYSSGNAMSLFFGNEKLT	MNHEYSVGAGIASSYGAPSDSQPQH	NLVPMVATV	0	0.020943582
TRDTTYYRNSFDEQNALSDFPGSSASKII	LGHNAYSLEERASSQGTGLGNEQF	RPPIFIRRL	0	0.0058189332
TSGFNGNVLDGLAVRINNNARLM	LGHNAYNFKEQASSPGLAGEAYEQY	DATYQRTRALVR	0	0.009950318
DRGSQSIYSNGDAVSNSGGSNYKLT	SEHNRFQNEAQASSPGLAPAQY	DATYQRTRALVR	0	0.18489748
VGISALSSGKAVAGYGGSQGNLI	SGDLSYYNGEEASSVGGLTYEQY	DATYQRTRALVR	0	0.374187
NYSPAYIRENEKEALSIWGWELPT	DFQATTSNEGSKASGRDREYEQY	DATYQRTRALVR	0	0.93474954
VGISALSSGKAVSLAGSARQLT	MNHNSSASEGTASSRWGKAF	RPPIFIRRL	0	0.007001779
NSMFDYISSIKDKAASAYSDYKLS	LNHDASQIVNDASSPTGRETQY	NLVPMVATV	0	3.5154707e-07
NSMFDYISSIKDKAASERNNNARLM	LGHDTYNNKELASSHWTGNTEAF	NLVPMVATV	0	3.2924132e-07
SVFSSVVTGGEVAGGEYGNKLV	MNHEYSVGAGIASSYSRVAGYT	NLVPMVATV	0	0.4026346
TRDTTYYRNSFDEQNALSEAKDSGAGSYQLT	MNHNSSASEGTASSEWWQGRDGYT	NLVPMVATV	0	0.9278852
SSVSVYYLSGSTLVAVSEYGNKLV	SGHNSFNNNVPASSFTGGTEAF	NLVPMVATV	0	0.01238274
SVFSSVVTGGEVAGVRIQGAQKLV	SEHNRFQNEAQASSPPGQGATLGNEQF	GPRLGVRAT	0	0.18190086
YGGTVNYFSGDPLVAVIDILTGGGNKLT	SEHNRFQNEAQASSPLVGGGEQY	GPRLGVRAT	0	0.6363598
KTLYGLQKGGEEGADIPGNQFY	SGHDTYYEEEEASTYTIRSTEAF	NLVPMVATV	0	0.010583159
DRGSQSIYSNGDAAYETGNQFY	ENHRYSYGVKDAIRGQGGTEAF	RPPIFIRRL	0	0.26366878
SSVSVYYLSGSTLVAVTDPGYSTLT	SGHTAFQGNSAASSQTLNTEAF	GPRLGVRAT	0	0.41254207
TISGNEYGLKNNIVRVGSNYQLI	LGHNAYSLEERASSQDGGLYNEQF	NLVPMVATV	0	0.50521475
TSGFNGNVLDGLAVRGFETGGSYIPT	MGHRAYSYEKLASSQELAGGPHTDTQY	NLVPMVATV	0	0.003100519
TSGFNGNVLDGLAVWDSNYQLI	MRHNASNTAGTASSEGTSGVTDTQY	NLVPMVATV	0	0.004084255
VTNFRSLTSSGIEAVAGNYGQNFV	GTSNPNSVGIGAWSVGYQETQY	NLVPMVATV	0	3.0893535e-08
DSASNYIRSNVGEAAYYNFNKFY	DFQATTSNEGSKASARSLGQAYEQY	DATYQRTRALVR	0	0.02637561
TSENNYYQEAYKQQNAFTLPPSGTYKYI	LNHDASQIVNDASSIVGGGAADTQY	NLVPMVATV	0	0.036095746
NSASQSVYSSGVVNPVTDKLI	SGDLSYYNGEEASSPEQGAAQPQH	NLVPMVATV	0	0.06165269
TSGFNGNVLDGLAFSDSNYQLI	MNHEYSVGEGTASSYDYTQNTEAF	NLVPMVATV	0	0.0049410504
DSASNYIRSNVGEGGGTSYGKLT	SGHRSYFSETQASSPTPSENTDTQY	NLVPMVATV	0	0.031765595
VSGLRGLYSAGEEAVRSAGGFKTI	SGHNTYYREEEASSLGGDTQY	NLVPMVATV	0	0.0011464544
TSINNIRSNEREATDSLDYKLS	SGHNTYYREEEASSFVPGQGDGELF	DATYQRTRALVR	0	0.59599715
NYSPAYIRENEKEALDMEYGNKLV	MNHEYSVGAGIASSYDLASNEQF	NLVPMVATV	0	0.6250512
VSGNPYYITGDNLVAVSTGFQKLV	MNHEYSVGAGIASSPSGSHGNEQF	NLVPMVATV	0	0.042742394
DRGSQSIYSNGDAVNDYGQNFV	MDHENSYDVKMASSPGSFGEQY	NLVPMVATV	0	0.7440066
TSINNIRSNEREATVSYNAGNMLT	SGDLSYYNGEEASGHGGEEEQY	VLFGLGFAI	0	0.018220576
DRGSQSIYSNGDAVNMIGSGYSTLT	SQVTMANQGSEASVMTGEGEQY	NLVPMVATV	0	0.62916905
TSGFNGNVLDGLAVRDTNDYKLS	LNHNVYYDKDFATKSGDEYNEQF	DATYQRTRALVR	0	0.33642402
NSASDYIRSNMDKAENGGPSNTGKLI	SGHVSFQNEAQASRLEGAGARTQY	RPPIFIRRL	0	0.5447518
NTAFDYIRPDVSEAAPPFNDYKLS	LNHNVYYDKDFATSRDRGSWTDTQY	NLVPMVATV	0	3.3421897e-05
DSASNYIRSNVGEAASINSGYALN	MNHNSSASEGTASERTGQPYEQY	VLFGLGFAI	0	0.10689159
NYSPAYIRENEKEALQEGRLM	MNHEYSVGAGIASTEDRGSTDTQY	NLVPMVATV	0	0.012222068
NTAFDYIRPDVSEAASRGFGNVLH	DFQATTSNEGSKASAKDSLTGELF	NLVPMVATV	0	8.8497894e-05
DSASNYIRSNVGEAAPPNEKLT	MNHEYSMNVEVASTAGSAQETQY	DATYQRTRALVR	0	0.2448725
DRGSQSIYSNGDAVDNYGQNFV	MNHNSSASEGTASSEVIGQY	GPRLGVRAT	0	0.8967862
TRDTTYYRNSFDEQNALSEVMDSSYKLI	MNHNYSVGAGIASSFGQGLDEQY	NLVPMVATV	0	0.028759254
TSGFNGNVLDGLAVMDSNYQLI	MNHNSSASEGTASREDDGRGDTQY	NLVPMVATV	0	0.0016259142
SVFSSVVTGGEVAGATSRNAGNNRKLI	SGHATFQNNGVASSPWGTAGTLDTQY	NLVPMVATV	0	0.0496173
SSVSVYYLSGSTLVAASPMYSGGSNYKLT	SEHNRFQNEAQASSNRGSNEQY	VLFGLGFAI	0	0.03413573
DSSSTYIFSNMDMAALYSSASKII	SGHATFQNNGVASSILGTSVTDTQY	NLVPMVATV	0	0.011071414
NTAFDYIRPDVSEAAIGNQFY	MNHEYSMNVEVASSPRTSSYNSPLH	GPRLGVRAT	0	0.5449197
TSINNIRSNEREATQGYSTLT	SGHNTYYREEEASSEFAETQY	NLVPMVATV	0	0.43077514
TSGFYGNALDGLAFRMDSSYKLI	LNHNVYYDKDFATSILGETVGNTIY	VLFGLGFAI	0	0.070239924
TSGFNGNVLDGLAPVDSNYQLI	DFQATTSNEGSKASARAGQSEYEQY	NLVPMVATV	0	0.00161667
NIATNDYGYKTKLVGHSGTYKYI	SQVTMANQGSEASVEDGTSGGADEQF	NLVPMVATV	0	0.48385397
NSASDYIRSNMDKAETTGPTGGYNKLI	MDHENSYDVKMASDGGRGETQY	GPRLGVRAT	0	0.60053045
SIFNTLYKAGELAGFLSGTYKYI	MNHEYSMNVEVASSYSSGSYEQY	NLVPMVATV	0	0.00019862213
SIFNTLYKAGELAGLPSNDYKLS	SGDLSYYNGEEASSALGHYT	DATYQRTRALVR	0	0.087411985
TRDTTYYRNSFDEQNALSPDTGRRALT	SNHLYFYNNEIAFYSSQNTEAF	NLVPMVATV	0	2.5533958e-05
DSAIYNIQSSQREAVLFGGSNYKLT	SGHRSYFSETQASSSTESYEQY	NLVPMVATV	0	0.016048163
SVFSSVVTGGEVAGEEQNTGNQFY	MNHNSSASEGTASSGDSGSGETQY	NLVPMVATV	0	0.40339366
TSGFNGNVLDGLAVDGYGGATNKLI	SNHLYFYNNEIAGGRGNTEAF	NLVPMVATV	0	0.04813591
TSDPSYGQGSYDQQNAMRDPDFGNEKLT	MDHENSYDVKMASSLSGTNQPQH	DATYQRTRALVR	0	2.8045154e-06
NSAFQYTYSSGNAMRLSGSARQLT	SGHRSYFSETQASNARDVNTEAF	NLVPMVATV	0	0.034538053
TSGFNGNVLDGLAVRGSVGANNLF	SEHNRFQNEAQASSDSRDYGYT	NLVPMVATV	0	0.13694072
TISGTDYGLTSNIPHTLIQGAQKLV	MNHNSSASEGTASSAGPYNSPLH	DATYQRTRALVR	0	0.6443845
TRDTTYYRNSFDEQNALSEGINSNSGYALN	SEHNRFQNEAQASTPPGGGTPMGEQY	NLVPMVATV	0	0.020812942
TSESDYYQEAYKQQNAWAGSYQLT	MNHNYSVGAGIASSTHQVDTQY	NLVPMVATV	0	3.9295546e-08
SSVPPYYTSAATLVAVTFSGYALN	SEHNRFQNEAQASSPGLAGVSDTQY	VLFGLGFAI	0	0.18226613
TSENNYYQEAYKQQNAFMNITLSNMLT	DFQATTSNEGSKASARGSSGRSFSYNEQF	NLVPMVATV	0	0.035779502
TSGFNGNVLDGLAVMDSSYKLI	MNHNSSASEGTASSEASGGAETQY	NLVPMVATV	0	0.009820597
TRDTTYYRNSFDEQNAGMDSSYKLI	LNHDASQIVNDASSPPVGTASYEQY	NLVPMVATV	0	0.0032582951
SSVSVYYLSGSTLVAVSEFSPRGANSKLT	MNHEYSVGAGIASSILPTDTQY	NLVPMVATV	0	0.00958677
TSDPSYGQGSYDQQNAMREAGYSTLT	MNHEYSVGAGIASSYDGGETQY	NLVPMVATV	0	8.034521e-06
KALYSLLKGGEQGIRGNAGGTSYGKLT	DFQATTSNEGSKASARGLPSGGQDTQY	RPPIFIRRL	0	0.026036657
DSASNYIRSNVGEAATINDYKLS	SGHNTYENEEAASSFGGTETQY	NLVPMVATV	0	0.31460345
VSPFSNMTFSENTVVSDRGSTLGRLY	MGHDKSYGVNSASSEYKWDRETEAF	RPPIFIRRL	0	0.00037563496
TSINNIRSNEREATVSGTYKYI	MGHRAYSYEKLASADREYNEQF	NLVPMVATV	0	0.007843863
DRGSQSIYSNGDAVKLDTGRRALT	MDHENSYDVKMASSSTDYNEQF	NLVPMVATV	0	0.0664956
VTNFRSLTSSGIEGVGGGYQKVT	MNHEYSMNVEVASSPTGGGSYEQY	NLVPMVATV	0	1.1085298e-05
SVFSSVVTGGEVAGASIGFGNVLH	SGHDTYYEEEEASSWGTTVQTYEQY	NLVPMVATV	0	0.002013609
TSESDYYQEAYKQQNAYGSSNTGKLI	MNHEYSVGEGTASSYWFGVGKKNIQY	GPRLGVRAT	0	0.005289466
TRDTTYYRNSFDEQNALSGFGNEKLT	SGHTAFQGNSAASSFDSAPLH	NLVPMVATV	0	0.0010252451
VSGNPYYITGDNLVAVKTDSWGKLQ	MDHENSYDVKMASFPGRVSYNEQF	RPPIFIRRL	0	0.5277196
DRGSQSIYSNGDATPGGYQKVT	SEHNRFQNEAQASSRQINEKLF	VLFGLGFAI	0	0.17634927
DRGSQSIYSNGDAVYGVSNSGYALN	MNHNYSVGAGIASSSVDQF	DATYQRTRALVR	0	0.4602623
DSSSTYIFSNMDMAEHTGGFKTI	MNHEYSMNVEVASSLRNQPQH	RPPIFIRRL	0	0.5164834
SSVPPYYTSAATLVAVSDGAVSEKLT	MNHEYSVGAGIASSAGGSVLSNEQF	GPRLGVRAT	0	0.72219676
NSMFDYISSIKDKAATGTGTASKLT	SGHDYFNNNVPASSISGKAF	DATYQRTRALVR	0	3.8073954e-06
TSGFNGNVLDGLAPVDSNYQLI	LGHNAYSLEERASSQDLGLAGFEQY	NLVPMVATV	0	0.013113666
DRGSQSIYSNGDAVNRVFSGAGSYQLT	SQVTMANQGSEASVDLSAGSSEQF	NLVPMVATV	0	0.7127569
VSGNPYYITGDNLVAVANDYKLS	SGHATFQNNGVASSPQSYNEQF	DATYQRTRALVR	0	0.13586648
DSAIYNIQSSQREAVLPSGTYKYI	GTSNPNSVGIGAWSVGEANEKLF	GPRLGVRAT	0	0.06151716
DRGSQSIYSNGDAVSGRGSTLGRLY	SGHNSFNNNVPASTTPGAGNTIY	DATYQRTRALVR	0	0.6903073
VGISALSSGKAVRAMDTDKLI	DFQATTSNEGSKASATGIGLAGASYNEQF	NLVPMVATV	0	0.19677149
VSGNPYYITGDNLVAVRDINPGGYQKVT	MDHENSYDVKMASSFQLGSNQPQH	VLFGLGFAI	0	0.029745234
NIATNDYGYKTKLVVGNARLM	SNHLYFYNNEIASAINYEQY	GPRLGVRAT	0	0.30552772
TSDPSYGQGSYDQQNAMREGKDSSYKLI	SEHNRFQNEAQASSLVQGPALGYEQY	NLVPMVATV	0	2.5244457e-05
VSGNPYYITGDNLVAVRDMTGGSYIPT	WSHSYSAAADIASKQGTGELF	NLVPMVATV	0	0.25195846
SVFSSVVTGGEVAGASEESQGNLI	SGHVSFNYEAQASSPDRVNTEAF	NLVPMVATV	0	0.66042155
VSPFSNMTFSENTVVSARGNQFY	GTSNPNSVGIGAWSGRGSVYEQY	GPRLGVRAT	0	0.14828545
VSNAYNGSKPAVEDQLGSDGQKLL	SGHVSFNYEAQASSFGRGPSYEQY	GPRLGVRAT	0	0.023312256
DSAIYNIQSSQREAVIDTNAGKST	LNHDASQIVNDASSRGTGIGGEAF	GPRLGVRAT	0	0.018831328
TISGTDYGLTSNILSRMDSNYQLI	SGHRSYFSETQASRQGHMNTEAF	NLVPMVATV	0	0.045231815
TSENNYYQEAYKQQNAFLYSGAGSYQLT	SGHRSYFSETQASSLAGEQF	NLVPMVATV	0	0.085685626
TSENNYYQEAYKQQNAFMENRDDKII	LGHDTYNNKELASSQDWDRGSGDGYT	NLVPMVATV	0	0.44767052
NTAFDYIRPDVSEAAGGSARQLT	MDHENSYDVKMASSLLNTEAF	DATYQRTRALVR	0	0.0002145663
TSESDYYQEAYKQQNAYRSDDSGTYKYI	SEHNRFQNEAQASLLGRNTEAF	NLVPMVATV	0	4.178955e-07
VSGLRGLYSAGEEAVQAGTDKLI	SGHVSFQNEAQASSLDETGGWTDTQY	VLFGLGFAI	0	0.002332941
NSMFDYISSIKDKAASGDSYNTDKLI	SGHVSFNYEAQASSPGPGGTEAF	GPRLGVRAT	0	0.014242087
TRDTTYYRNSFDEQNALSELGDSGYSTLT	LGHNAYNFKEQASSQDRAGNNEQF	NLVPMVATV	0	0.11233955
NSASQSVYSSGVVTSRQTGGFKTI	LNHDASQIVNDATSARSSYNEQF	VLFGLGFAI	0	0.49140587
TSGFYGNALDGLAVRDRGNTDKLI	LNHDASQIVNDASSVGNQPQH	NLVPMVATV	0	0.059292756
TSDPSYGQGSYDQQNAMRALLMDSNYQLI	SGHTAFQGTGAASSLNPGGVWDEQF	NLVPMVATV	0	0.0015177485
TRDTTYYRNSFDEQNALATRSGANSKLT	ENHRYSYGVKDAISDGRPYEQY	DATYQRTRALVR	0	0.34027505
VSPFSNMTFSENTVVSAESNFGNEKLT	SGHDTYYEEEEASSLAVAAYTDTQY	NLVPMVATV	0	0.047826473
TSESDYYQEAYKQQNAYRISNNAGNMLT	MNHEYSVGEGTASSYLSSEQY	NLVPMVATV	0	3.966127e-06
SVFSSVVTGGEVAGAGSGGYNKLI	LGHNTFRNRAPASGFSPRATEAF	NLVPMVATV	0	0.15761514
YGATPYYFSGDTLVAVGGRRDDKII	SGHATFQNNGVASSLIRESGTEAF	NLVPMVATV	0	0.0018785776
NSMFDYISSIKDKAASGNNNARLM	MNHEYSMNVEVASQPGWGNQPQH	NLVPMVATV	0	1.0232147e-07
SVFSSVVTGGEVAGSGGSYIPT	SEHNRFQNEAQASSSTAPNTGELF	NLVPMVATV	0	0.99827266
TSDPSYGQGSYDQQNCHSQGGSNYKLT	SGDLSYYNGEEASSNRVEGSTEAF	RPPIFIRRL	0	0.37324274
SVFSSVVTGGEVAGADDRGSTLGRLY	LNHDASQIVNDASSIWGFQDTQY	RPPIFIRRL	0	0.0019316357
TSGFNGNVLDGLAASDSNYQLI	DFQATTSNEGSKASARWTGDNEQF	NLVPMVATV	0	0.060522072
TSGFNGNVLDGLAVMDSNYQLI	DFQATTSNEGSKASGHKPSELREQY	NLVPMVATV	0	0.008060969
NIATNDYGYKTKLVGELDAGNNRKLI	LGHDTYNNKELASSQDPGVIPVNPLGGYT	DATYQRTRALVR	0	0.05748279
