trb_cdr3	peptide	true_label	probability
ASSSGGARETQY	ELAGIGILTV	1	0.9398673
ASGSGGEH	SPRWYFYYL	1	0.99684614
ASSYSATGGEQYFG	ELAGIGILTV	1	0.9721938
ASSDLNTGELF	YLQPRTFLL	1	0.8360087
ASSVAGSYGDTQY	RLPGVLPRA	1	0.1804967
ASNPFSGAVTEAF	ELAGIGILTV	1	0.7836569
ASSVLPASGAGRNEQF	SPRWYFYYL	1	0.16130528
ASSLSGTNGYT	ELAGIGILTV	1	0.92635965
ASSQTYPGAYNEQF	SPRWYFYYL	1	0.95738703
ASRGQGLGQPQH	ELAGIGILTV	1	0.89831287
ASTNGWNNSPLH	RPPIFIRRL	1	0.0071816975
ASKNSQGTGNEQF	ELAGIGILTV	1	0.30641162
ASRPLAGGQDKETQY	SPRWYFYYL	1	0.007803913
ASRPTGMGQPQH	ELAGIGILTV	1	0.010157996
ASSGLTDANTEAF	SPRWYFYYL	1	0.22276802
ASSQGFYLSGWDTGELF	ELAGIGILTV	1	0.01836467
ASSAGLAGANTGELF	SPRWYFYYL	1	0.0087656705
ASSPTDN	SPRWYFYYL	1	0.99632204
ASSRALLMGNTIY	ELAGIGILTV	1	0.86616904
ASSLGLLAGGEQY	ELAGIGILTV	1	0.9949846
ASSLGQGHFT	SPRWYFYYL	1	0.99390405
ASSFGQNTGELF	ELAGIGILTV	1	0.016094906
ASSYSTPSWTDTQY	ELAGIGILTV	1	0.01789741
ASSPMGVGGNTIY	ELAGIGILTV	1	0.25148246
ASSETQMNTEAFFG	ELAGIGILTV	1	0.9926669
ASSFGGDGYNEQF	RLPGVLPRA	1	0.04296362
ASSRDSALWISTDTQY	ELAGIGILTV	1	0.946967
ASSPTGLGTEAF	ELAGIGILTV	1	0.6770433
ASMEENTGELF	YLQPRTFLL	1	0.7186965
ASREREGLAVYNEQF	ELAGIGILTV	1	0.94524926
ASSTLGTADKLNYGYT	SPRWYFYYL	1	0.03055532
ASSQTESTDTQY	YLQPRTFLL	1	0.020217825
ASSAPGTGHYEQY	ELAGIGILTV	1	0.8911856
ASSLEMGAGTEAF	ELAGIGILTV	1	0.010992006
ASRTPGTSGGSYEQY	SPRWYFYYL	1	0.99171257
ASSLDIEQY	YLQPRTFLL	1	0.0049669775
ASSFGYSAYEQY	ELAGIGILTV	1	0.90373135
ASSIQGLGPEAF	ELAGIGILTV	1	0.97475725
ASSPGEGLYEQY	ELAGIGILTV	1	0.83755344
ASSSESLAVYSNEQF	ELAGIGILTV	1	0.032937303
ASSQGLAGAGELFFG	ELAGIGILTV	1	0.94627523
ASSFGFGQPQH	ELAGIGILTV	1	0.27368167
SVEDASGGTTDTQY	ELAGIGILTV	1	0.20185652
ASSQAYDARYEQF	RPPIFIRRL	1	0.02949311
ASSQGQGQPQH	ELAGIGILTV	1	0.94785064
ASSLNRELF	SPRWYFYYL	1	0.006500462
ASSERDSPGNVLT	SPRWYFYYL	1	0.9977202
ASSPSAQGNEQY	ELAGIGILTV	1	0.8936002
ASTTSELAKNIQY	ELAGIGILTV	1	0.0058817402
ASSGLNDRFYEQY	SPRWYFYYL	1	0.014368743
SVVPLAGPYEQY	SPRWYFYYL	1	0.76616246
ASSEGQDNYGYT	SPRWYFYYL	1	0.92631197
ATMNGLSSYNEQF	RPPIFIRRL	1	0.032145984
ASSLSGSGDEQFFG	ELAGIGILTV	1	0.97761214
ASSLEGQGGSPLH	ELAGIGILTV	1	0.023380514
ASSTIAGETKNIQY	SPRWYFYYL	1	0.2514372
SLIQGLGTEAF	ELAGIGILTV	1	0.7020517
ASSLGWDGNTDTQY	YLQPRTFLL	1	0.8356705
SASEGYT	RLPGVLPRA	1	0.8869795
ASSPPGSGELF	ELAGIGILTV	1	0.02281245
ATSDLPGKAGYT	SPRWYFYYL	1	0.98137176
SATPTGVGQPQH	ELAGIGILTV	1	0.5645183
SARQGAEAF	ELAGIGILTV	1	0.02350924
ASSEEIAKNIQY	SPRWYFYYL	1	0.068080105
ASSPGVLASNEQF	ELAGIGILTV	1	0.6495606
ASSLGTGAQETQY	SPRWYFYYL	1	0.020871686
ASSVTGQLQETQY	ELAGIGILTV	1	0.9836819
ASSRRSSGELF	ELAGIGILTV	1	0.5352943
ASSLQNTGELF	YLQPRTFLL	1	0.028405491
ATSRGQGNEQY	ELAGIGILTV	1	0.82202464
ASSGRAGTGVQF	ELAGIGILTV	1	0.96172494
SAALGLGEKLF	ELAGIGILTV	1	0.169908
ASSLGGGAFAGELF	ELAGIGILTV	1	0.013142745
ASSTTLTSTGELF	ELAGIGILTV	1	0.97098464
ASSVDALSSYEQY	ELAGIGILTV	1	0.9425732
ASSPIAGGPISKNIQY	SPRWYFYYL	1	0.97991806
ASSPQTEYGYT	ELAGIGILTV	1	0.03459409
ASSLGINTEAF	ELAGIGILTV	1	0.39239898
ASSGLAGGYNEQF	SPRWYFYYL	1	0.06475231
ASSLGTGPEAF	ELAGIGILTV	1	0.017470457
ASSASALSYEQY	ELAGIGILTV	1	0.004927037
SASQGLMNTEAF	ELAGIGILTV	1	0.0050891433
ASSFARAQADTQY	YLQPRTFLL	1	0.84147364
ASSPTGVGQPQH	ELAGIGILTV	1	0.4415025
ASRAGTEISGYGYT	ELAGIGILTV	1	0.6410291
AWSKVGVGQPQH	ELAGIGILTV	1	0.5618935
ASSLTESYEQY	ELAGIGILTV	1	0.11943103
ASSTPLENEQF	YLQPRTFLL	1	0.001681722
ASSFRLAGTGELF	ELAGIGILTV	1	0.3258005
ASNHLGIGQPQH	ELAGIGILTV	1	0.7097135
SARGLAEANTGELF	YLQPRTFLL	1	0.014626077
ASSSGLAGASNEQF	RLPGVLPRA	1	0.06292651
ASSYMGLGAYEQY	ELAGIGILTV	1	0.024680862
ATSGGMGAEAF	ELAGIGILTV	1	0.43717322
ASSYSGSGNEQF	ELAGIGILTV	1	0.055842247
ASSDGSYEQY	RLPGVLPRA	1	0.24349265
ASSQGQEKETQY	RLPGVLPRA	1	0.49402398
ASSLTGETEKLF	RLPGVLPRA	1	0.9931884
ASRGQRNTIY	SPRWYFYYL	1	0.99471116
ASSFPQFVTGLPEAF	ELAGIGILTV	1	0.94329494
ASRLGLGDREDEKLF	RPPIFIRRL	1	0.021811295
ASSPPGLSGNIQYFG	ELAGIGILTV	1	0.81493676
ASSQVLSGELF	ELAGIGILTV	1	0.010225827
ASGMSGGAENEQF	ELAGIGILTV	1	0.98958135
ASSVSGGAYNEQF	SPRWYFYYL	1	0.95282936
ASSHFGLGQPQH	ELAGIGILTV	1	0.943928
ASSVTANTGELF	SPRWYFYYL	1	0.19480509
ASSYSRWGDEQF	ELAGIGILTV	1	0.97811365
ASSPMGHEQY	SPRWYFYYL	1	0.44632837
ASSPGTLADTQY	ELAGIGILTV	1	0.8778803
ASSAKGLGNTIY	ELAGIGILTV	1	0.98752
ATQPTSVSGQPQH	ELAGIGILTV	1	0.97542983
ASSLAGLAGETQY	ELAGIGILTV	1	0.65788114
ASSLATGSGNQPQH	SPRWYFYYL	1	0.16561593
ATSDRTGTGIQANYGYT	ELAGIGILTV	1	0.20562483
ASSLGQYNSPLH	RLPGVLPRA	1	0.22093317
ASQTLNTGELF	YLQPRTFLL	1	0.6442605
ASSEKPLSSYNEQF	SPRWYFYYL	1	0.008173823
ASSLTGGAEAF	ELAGIGILTV	1	0.027988307
ASSRGVLTGELF	ELAGIGILTV	1	0.055266183
ASSLTGLGQPQH	ELAGIGILTV	1	0.010400964
ASSPVLAGPSYNEQF	ELAGIGILTV	1	0.9749799
ASCAGMGNEQY	ELAGIGILTV	1	0.9366424
ASTTTGTSSYEQY	ELAGIGILTV	1	0.94407666
ASSQEVGIWQTQY	RLPGVLPRA	1	0.99421966
ASTLGGLGQPQH	ELAGIGILTV	1	0.70612675
ASRSLGQGAEKLF	ELAGIGILTV	1	0.9888924
ASSISSTGELF	RLPGVLPRA	1	0.99425644
ASAWGGMTNEQYFG	ELAGIGILTV	1	0.3206912
ASSPGDTQY	SPRWYFYYL	1	0.97876215
ASSDIFLAKNIQY	SPRWYFYYL	1	0.16235168
ASSLLGEKLF	RPPIFIRRL	1	0.030688267
SVMDPMSGYTIY	ELAGIGILTV	1	0.8271714
ASSSQGVGNTIY	ELAGIGILTV	1	0.86755306
ASSAGGSYEQY	ELAGIGILTV	1	0.7391706
ASSLVAISTLEQY	ELAGIGILTV	1	0.5213911
SARDGTSAEY	ELAGIGILTV	1	0.9733988
ASTQGLGAEQY	ELAGIGILTV	1	0.08060551
ASSQDFLSNQPQH	ELAGIGILTV	1	0.9507182
ASSQAISDREVWDQETQY	RLPGVLPRA	1	0.9952434
ASSQEEESLGYEQY	ELAGIGILTV	1	0.70100373
ASSPGQGNEQF	ELAGIGILTV	1	0.12142458
ASRALTGHPDAKNIQY	SPRWYFYYL	1	0.31789047
ASSLAGANVLT	ELAGIGILTV	1	0.8672642
SARVETSGIHEQY	ELAGIGILTV	1	0.24887286
SAPSYGELF	YLQPRTFLL	1	0.00589382
ASSEENTGELF	YLQPRTFLL	1	0.7778105
ATGPRGSSYNEQF	RLPGVLPRA	1	0.5664557
ASSPGSGNTIY	ELAGIGILTV	1	0.4636247
ASTRDLNTGELF	YLQPRTFLL	1	0.041452155
ASLGIPYEQY	RPPIFIRRL	1	0.66160214
ASSQGGLAGEQF	ELAGIGILTV	1	0.008780329
ASSLSGQGFEQY	ELAGIGILTV	1	0.9909083
ASSLLNEQF	ELAGIGILTV	1	0.06488761
ASSLSFGTEAF	ELAGIGILTV	1	0.03851688
ASRMGTGTEAF	ELAGIGILTV	1	0.15114385
ASSPPNGDSGNTIY	ELAGIGILTV	1	0.4172591
ASSPGTSIFVAEQY	ELAGIGILTV	1	0.45732898
ASSIGGLGQPQH	ELAGIGILTV	1	0.9669215
ASSLPGLAGEETQY	ELAGIGILTV	1	0.99113536
ASSASGGAYNEQF	RPPIFIRRL	1	0.030140921
ASSPLTGTGSDKETQY	SPRWYFYYL	1	0.013165035
ASSQGGLTGEGYT	ELAGIGILTV	1	0.01317913
ATSGSSGTEAF	ELAGIGILTV	1	0.10883537
AWSPITSNYGYT	SPRWYFYYL	1	0.34892997
ASSLGVFTGAGNQPQH	SPRWYFYYL	1	0.07121731
SARVEVSGNTIY	ELAGIGILTV	1	0.5532875
ASSLAAGGVDEQF	ELAGIGILTV	1	0.10917118
ASSQEAGTGTYEQY	RPPIFIRRL	1	0.71982944
ASSEVVLAGGQSEQF	ELAGIGILTV	1	0.050556038
ASSPGQLLMNTEAF	ELAGIGILTV	1	0.010608864
ASSPGQMGGELF	ELAGIGILTV	1	0.030180018
SPRRGLNTEAF	ELAGIGILTV	1	0.034227274
ASSQGAAEAF	RLPGVLPRA	1	0.452022
ASSYGEGSYEQY	ELAGIGILTV	1	0.046924576
ASSLETAGEQY	YLQPRTFLL	1	0.7164501
ASSSHGQGNVDEQF	ELAGIGILTV	1	0.98432827
ATQDANTGELF	YLQPRTFLL	1	0.011953064
ASSEGFLVADTQY	ELAGIGILTV	1	0.9794717
SARGGFRSGGGTDEQF	SPRWYFYYL	1	0.8065499
ASSEGGGALSTDTQY	ELAGIGILTV	1	0.025285726
ASSLTPPGSYNEQF	RLPGVLPRA	1	0.026214786
ALGEQNTGELF	YLQPRTFLL	1	0.9766083
ASSQEGNTGELF	ELAGIGILTV	1	0.14484888
ASSFQGLGQPQHFG	ELAGIGILTV	1	0.99233365
ASSPAGTDQETQY	ELAGIGILTV	1	0.20082822
ASSSFPGREMT	SPRWYFYYL	1	0.9962226
ASSPKGTGLVGNQPQH	ELAGIGILTV	1	0.05142587
SVDRGSPSYEQY	YLQPRTFLL	1	0.9921606
ASSWGVMNTEAF	ELAGIGILTV	1	0.0050335675
ASSLGGLGQPQH	ELAGIGILTV	1	0.90935856
ASSYLPGGAKTEAF	SPRWYFYYL	1	0.97785485
ASSSWDIQTNTGELF	ELAGIGILTV	1	0.030651141
ASSSGTGSPLH	ELAGIGILTV	1	0.78774244
ASSATGTHSFGYT	ELAGIGILTV	1	0.9775129
ASSFWGRTGELF	ELAGIGILTV	1	0.12563992
ASSPAALSGAYEQY	ELAGIGILTV	1	0.120702505
ATSRRTVLRETQY	SPRWYFYYL	1	0.003737939
ATSREGLAVDYNEQF	ELAGIGILTV	1	0.01702712
ASSQDRFTDPYGYT	RPPIFIRRL	1	0.76546067
ASRFDGSNQPQH	RLPGVLPRA	1	0.05776476
ASRQLAGFYEQY	SPRWYFYYL	1	0.004841096
ASSFQGLGTEAF	ELAGIGILTV	1	0.99028814
ASSQGLVSGSPLH	ELAGIGILTV	1	0.9933749
ASSYGQGAGYT	ELAGIGILTV	1	0.9925251
ASSYGFNQPQH	ELAGIGILTV	1	0.055920284
ASSALAGGPPEGKNIQY	SPRWYFYYL	1	0.35897738
AGGEPNTGELF	YLQPRTFLL	1	0.9908511
SARGKREHNTGELF	YLQPRTFLL	1	0.97253585
SARAYRESAQY	SPRWYFYYL	1	0.0060035363
ASSPTGGGNTGELF	YLQPRTFLL	1	0.989037
ASSYSPGYEQY	RLPGVLPRA	1	0.005144546
ASSAGLIGANVLT	ELAGIGILTV	1	0.052074507
ASSLGPLMAKNIQY	ELAGIGILTV	1	0.2982139
ASSELDGRL	SPRWYFYYL	1	0.9964826
ASLRSAVWADTQYFG	ELAGIGILTV	1	0.98579013
ASSRFPTGSNNEQF	SPRWYFYYL	1	0.05728232
ASSLGETQY	ELAGIGILTV	1	0.0047571706
ASTLTGLGQPQHFG	ELAGIGILTV	1	0.6352855
ASSEAVLAGGPGD	ELAGIGILTV	1	0.98633736
ASSWGQGSAYT	ELAGIGILTV	1	0.8275584
ASSLDTLAGGQF	ELAGIGILTV	1	0.9878298
ASSLGTGDGYT	ELAGIGILTV	1	0.008081864
ASSRQGLGTEAF	ELAGIGILTV	1	0.53411573
ASSLRAADTQY	RPPIFIRRL	1	0.99903774
ASSEGGVGAGELF	ELAGIGILTV	1	0.98046046
ASSLGGSNYEQYFG	ELAGIGILTV	1	0.93746287
ASTLGEGSEAF	ELAGIGILTV	1	0.036060017
ASSYGMGQPQH	ELAGIGILTV	1	0.054060742
ASSLGGNEQF	ELAGIGILTV	1	0.023826936
ASSFGETQY	ELAGIGILTV	1	0.006602879
ASSLGGGEGGSSYEQY	RPPIFIRRL	1	0.95854634
ASTSATGGAQH	ELAGIGILTV	1	0.27032238
ASSPIGYTEAF	ELAGIGILTV	1	0.079862125
ASSYGVGQPQH	ELAGIGILTV	1	0.8735906
ASTPGQGGSPLH	ELAGIGILTV	1	0.121192366
SATDRAASYNSPLH	SPRWYFYYL	1	0.00397273
SVPRPYGYT	RPPIFIRRL	1	0.8983021
ASSQAQIQTGELF	ELAGIGILTV	1	0.034945235
ASSQEEGPSNQPQH	ELAGIGILTV	1	0.9601449
ASSLGVAGTNTGELF	ELAGIGILTV	1	0.99638295
ASSQSGTGPYEQY	SPRWYFYYL	1	0.9811591
ASSAGVSGEQY	YLQPRTFLL	1	0.023582028
SASSGVYNEQF	ELAGIGILTV	1	0.516072
ASSPTDN	SPRWYFYYL	1	0.99632204
ASSQDIWTSGYT	RPPIFIRRL	1	0.19424228
ASSPLSRQGGTGELF	ELAGIGILTV	1	0.54080963
ASSGLTSAKNEQF	SPRWYFYYL	1	0.051572505
ASSLGVFTGAGNQPQH	SPRWYFYYL	1	0.07121731
ASSQGGAIQY	SPRWYFYYL	1	0.18985721
SASAGNQPQH	ELAGIGILTV	1	0.72843915
ASSPGTSGRPYEQY	SPRWYFYYL	1	0.97321767
ASSDHLGGQGNTIY	RPPIFIRRL	1	0.73243004
ASSPGMGSGYT	ELAGIGILTV	1	0.8190776
ASSDAVGQGTDTQY	ELAGIGILTV	1	0.12188699
ASSFQGLGQPQH	ELAGIGILTV	1	0.8057986
ASSYGEFGNQPQH	ELAGIGILTV	1	0.1487224
SVEKGNNYGYT	RLPGVLPRA	1	0.94941944
ASSPLAGHPSTKNIQY	SPRWYFYYL	1	0.7051549
ASTRGVLSGNTIY	ELAGIGILTV	1	0.9514546
ASSLAGPLSGYGYT	ELAGIGILTV	1	0.008963541
ATQRANTGELF	YLQPRTFLL	1	0.7831798
ASSYSSFGTDTQY	ELAGIGILTV	1	0.040101416
AISESATVSYGYT	ELAGIGILTV	1	0.60680777
ASIRDHNTGELF	YLQPRTFLL	1	0.48701435
ASSIFSASGSVTDTQY	SPRWYFYYL	1	0.9946248
ASSPQGVGQPQH	ELAGIGILTV	1	0.95671815
ASSSLTSGGARYTQY	SPRWYFYYL	1	0.9911582
ASRQGWLLMADTQY	ELAGIGILTV	1	0.064544186
ASGKQNTGELF	YLQPRTFLL	1	0.9850404
ASSTGTGGDGYT	ELAGIGILTV	1	0.08613064
ASSPLAGVPLAAKNIQY	SPRWYFYYL	1	0.99135125
ASSQEGGDGYT	ELAGIGILTV	1	0.8292287
ASSQGILSGGPLH	ELAGIGILTV	1	0.98054606
ASSYGVLSTDTQY	ELAGIGILTV	1	0.81275195
ASSLRGLGQPQH	ELAGIGILTV	1	0.38296917
AWSETGLGMGGWQ	ELAGIGILTV	1	0.9300708
ASSQPAGYGGYT	SPRWYFYYL	1	0.13239937
SAGLQVNTEAF	ELAGIGILTV	1	0.9446832
ARRQGNEKLF	SPRWYFYYL	1	0.01026134
ASSSLTSGGARYTQY	SPRWYFYYL	1	0.9911582
ASSLGVEAF	ELAGIGILTV	1	0.012656331
ASSPQGQGNGYT	ELAGIGILTV	1	0.9930878
ASSHTGLGQPQH	ELAGIGILTV	1	0.07656919
ASSPGQGLDTQY	ELAGIGILTV	1	0.07509931
ASSLARETYEQY	RPPIFIRRL	1	0.0033450313
ASSQDAGTAHVGEQF	SPRWYFYYL	1	0.022535414
ATSAGQGAFSGELF	ELAGIGILTV	1	0.9495708
ASSPGALNTEAF	ELAGIGILTV	1	0.006077318
ASSLETGRNIQY	SPRWYFYYL	1	0.05879031
ASSDSPLSGSPLH	ELAGIGILTV	1	0.9896912
ASSLGTDTQY	ELAGIGILTV	1	0.004886386
ATSDLVSDTQY	SPRWYFYYL	1	0.00438807
ASSLQGIGNTIY	ELAGIGILTV	1	0.97683513
ASSLPMLYEQF	ELAGIGILTV	1	0.023477335
ASSLFRETEAF	RLPGVLPRA	1	0.076894306
ASSPLAGGEEKKETQY	SPRWYFYYL	1	0.995084
ASSTGTEISNQPQH	ELAGIGILTV	1	0.94144326
ASTPSGVSGTEAF	ELAGIGILTV	1	0.49767578
ASSLQSLLDEKLFFG	ELAGIGILTV	1	0.32577965
ASRGGGQGGSYGYT	SPRWYFYYL	1	0.948068
ASSQEAFNYEQY	RPPIFIRRL	1	0.010183563
ASSQPAGNTIY	ELAGIGILTV	1	0.7931171
ASSPDRNTGELF	YLQPRTFLL	1	0.7324986
ASSLRDRGNQPQH	RLPGVLPRA	1	0.9668628
ASSRLAGGNTGELF	SPRWYFYYL	1	0.010720583
SVPGGQGLNEQY	ELAGIGILTV	1	0.9988128
ASSLATSPLMNTEAF	ELAGIGILTV	1	0.008547579
ASSPHPGTGGYEQY	ELAGIGILTV	1	0.9144549
ASSELNTGELF	YLQPRTFLL	1	0.873227
ATQTANTGELF	YLQPRTFLL	1	0.31619182
ASRGTGLGNQPQH	ELAGIGILTV	1	0.22079301
ASSQEVSYVPQNYEQY	ELAGIGILTV	1	0.93979526
ASSQGVLLGQPQH	ELAGIGILTV	1	0.55039686
ASSFGQGLSEQF	ELAGIGILTV	1	0.026773686
ASSYWNQPQH	ELAGIGILTV	1	0.0022750087
ASVPRGGQLHSPLH	ELAGIGILTV	1	0.97552574
ASSPSWLSGVTQY	ELAGIGILTV	1	0.9836262
ASSPPGLSGNIQY	ELAGIGILTV	1	0.985501
ASSTQGEPLH	ELAGIGILTV	1	0.9938059
ASSHLVGSAIAKNIQY	SPRWYFYYL	1	0.015770841
ASSLDIEQY	YLQPRTFLL	1	0.0049669775
SARAGIREGFYNEQF	SPRWYFYYL	1	0.7173706
ASTLRDYEQY	RPPIFIRRL	1	0.0049893046
ASSQEWGRGTDTQY	RPPIFIRRL	1	0.9965403
ASSLGVRAQKTQY	RLPGVLPRA	1	0.5103805
ASSVGPLEAFSYEQY	ELAGIGILTV	1	0.0018993292
ASSVEGTVNSPLH	SPRWYFYYL	1	0.9159755
ASRPTGLGQPQH	ELAGIGILTV	1	0.037287448
ASSLFGLAGVEETQY	RLPGVLPRA	1	0.9325179
ASENRNTGELF	YLQPRTFLL	1	0.83836967
SVQGRGELF	SPRWYFYYL	1	0.5625065
ASSMGGVATDTQY	ELAGIGILTV	1	0.016604457
AISEPGLLSGANVLT	ELAGIGILTV	1	0.04795074
ATQTANTGELF	YLQPRTFLL	1	0.31619182
ASSQDTSGSGLWTEAF	ELAGIGILTV	1	0.99023074
ASSGTQPGLGGEQF	ELAGIGILTV	1	0.09622718
SARDPRAQNTGELF	YLQPRTFLL	1	0.99893516
ASSDGGLGQPQH	ELAGIGILTV	1	0.8729692
SAAMGLAGELF	ELAGIGILTV	1	0.03846443
ASSLGEGNTIY	ELAGIGILTV	1	0.019195985
ASSYGTGQPQH	ELAGIGILTV	1	0.74416703
AEGQGFVGQPQHFG	ELAGIGILTV	1	0.9977925
ASSQNRNRALNTEAF	SPRWYFYYL	1	0.004855869
ASSEDFSGNTIY	ELAGIGILTV	1	0.67111236
ASSHAGLG	ELAGIGILTV	1	0.99342996
SARDRTDSYNSPLH	SPRWYFYYL	1	0.19721532
ASSDTAGSSYNEQF	RLPGVLPRA	1	0.027544733
ASSLSQGIYYEQY	RLPGVLPRA	1	0.012926276
ASSFLTSANTGELF	SPRWYFYYL	1	0.34384614
ASSYLTGTGAYEQY	ELAGIGILTV	1	0.96063054
ASSLGGLGSPLH	ELAGIGILTV	1	0.9846224
ASSPSSREQY	SPRWYFYYL	1	0.0051752673
SVEDGGRGGSTDTQY	ELAGIGILTV	1	0.09462101
ASSYGEISGNTIY	ELAGIGILTV	1	0.61263555
ASSSGQGNEQY	ELAGIGILTV	1	0.91305846
ASINLNTGELF	YLQPRTFLL	1	0.017135615
ASSLALLAGAGGELF	SPRWYFYYL	1	0.9594283
SVVPLMGGYEQY	SPRWYFYYL	1	0.97983575
ASSPDRGLAGELF	ELAGIGILTV	1	0.10342714
ASSPGALNTEAFFG	ELAGIGILTV	1	0.34254098
ASSSLTGSSGELF	SPRWYFYYL	1	0.2338464
ASRRLTGGQQPQH	SPRWYFYYL	1	0.0076980833
ASSPQGLGTEAFFG	ELAGIGILTV	1	0.9707506
ASSFLTGPKGDYT	SPRWYFYYL	1	0.020028373
AWGGVQGINEQY	ELAGIGILTV	1	0.7340682
ASTPGGLTLYEQY	ELAGIGILTV	1	0.8965075
ASNNANTGELF	YLQPRTFLL	1	0.0023719042
ASSPLGGNTIY	ELAGIGILTV	1	0.5625634
ASSQTRGAGNTIY	ELAGIGILTV	1	0.99007004
ASWTGAAEAF	SPRWYFYYL	1	0.76666576
ASSPGLGNTIY	ELAGIGILTV	1	0.9846757
ARGLANTGELF	YLQPRTFLL	1	0.018415494
ASSQETGSYEQY	RPPIFIRRL	1	0.69557923
ASSLTGLNTEAF	ELAGIGILTV	1	0.062083505
ASSQGLAGAGELF	ELAGIGILTV	1	0.9528438
AISEVGVGQPQH	ELAGIGILTV	1	0.94523406
ASSALAGGPDNEQF	SPRWYFYYL	1	0.9464195
ASSPGLALSPSTDTQY	ELAGIGILTV	1	0.040110152
ASSLSGNEQF	ELAGIGILTV	1	0.9857151
ASSVYLSGNTIY	ELAGIGILTV	1	0.96840984
SAADEVGPQH	ELAGIGILTV	1	0.009359041
ASSLAQGWGAFFG	ELAGIGILTV	1	0.98652947
ASSLSQGGNEQF	ELAGIGILTV	1	0.047355197
AWGYTGGGQPQH	ELAGIGILTV	1	0.017344585
ARGDANTGELF	YLQPRTFLL	1	0.90001136
ASSPGTTLAKNIQY	YLQPRTFLL	1	0.018489439
ASSYLAGGYNEQF	SPRWYFYYL	1	0.98562676
ASSQETSGGASQF	ELAGIGILTV	1	0.3661685
ASSPQGLGQPQH	ELAGIGILTV	1	0.9326604
ATSPLAGEYSGELF	SPRWYFYYL	1	0.60086465
ASTLAGTGEEKLF	YLQPRTFLL	1	0.9898343
ASSSLTGQSQETQY	SPRWYFYYL	1	0.05064037
ASSLGFLTGELF	ELAGIGILTV	1	0.46517402
ASSYPTGEGQETQY	YLQPRTFLL	1	0.9934962
ASTTSGLSTDTQY	ELAGIGILTV	1	0.6058437
ASRAKVGAANEQF	SPRWYFYYL	1	0.993127
ASSSETGRGETQY	ELAGIGILTV	1	0.95910513
ASRKDWQNTGELF	ELAGIGILTV	1	0.025484372
ASSQDLLAGAADTQY	ELAGIGILTV	1	0.80134845
ASSLEASTDTQY	RLPGVLPRA	1	0.04681636
ASSQRGLAGAPSYNEQF	SPRWYFYYL	1	0.017250527
ASSAGGSNEQF	ELAGIGILTV	1	0.2902047
AIDPTGSLNQPQH	RLPGVLPRA	1	0.10187661
ASSLSLAGELF	ELAGIGILTV	1	0.48461097
ASSQEPGGAGGYT	ELAGIGILTV	1	0.88629174
ASAPLVGAPEAKNIQY	SPRWYFYYL	1	0.23040654
ATSWGGSGELF	ELAGIGILTV	1	0.4981851
ASRDGRESYEQY	YLQPRTFLL	1	0.97252965
ASSIASLLAGGTDTQY	ELAGIGILTV	1	0.89688474
ASSPLTSNYGYT	SPRWYFYYL	1	0.022399822
ASSMTSGSPYNEQF	RLPGVLPRA	1	0.97671175
ASPNQNTGELF	YLQPRTFLL	1	0.096881546
ARGQDAANTGELF	ELAGIGILTV	1	0.64842016
ASSLAGATYEQY	ELAGIGILTV	1	0.47321776
ASSLFPGGNTGELFFG	ELAGIGILTV	1	0.9230268
ASSFQGLGTEAF	ELAGIGILTV	1	0.99028814
ASSLGRAVIWGYT	SPRWYFYYL	1	0.0026746972
SAGDLNTGELF	YLQPRTFLL	1	0.9896964
ASSLITGDTEAF	RLPGVLPRA	1	0.7040749
ASSQDRGGLTGELF	RPPIFIRRL	1	0.023224693
ASSDLSGELF	ELAGIGILTV	1	0.5973645
ASSFAGGGYEQY	ELAGIGILTV	1	0.030071372
ASSLEASSIFSYEQY	ELAGIGILTV	1	0.61267334
ASSLGQGFAGELF	ELAGIGILTV	1	0.62997353
ASSPVWGGHDNEQF	ELAGIGILTV	1	0.053182423
ASRPGWMAGGVELY	ELAGIGILTV	1	0.3324992
ASSQTLVADTQYFG	ELAGIGILTV	1	0.9900564
ASSNQETQY	ELAGIGILTV	1	0.013697114
SARDLGSGTGELF	ELAGIGILTV	1	0.010872396
ASSQDLASSTDTQY	SPRWYFYYL	1	0.99402714
ASSWGQMNTEAF	ELAGIGILTV	1	0.020927977
SALQGLTPEAFFG	ELAGIGILTV	1	0.9805542
ASSQDGLSETQY	SPRWYFYYL	1	0.019217858
SARDGLNEQFFG	ELAGIGILTV	1	0.81589484
ASQDTNTGELF	YLQPRTFLL	1	0.087146886
ASSQGILSGELF	ELAGIGILTV	1	0.0075290967
SVSGQKEETQY	SPRWYFYYL	1	0.9982838
ASSLGGLGGSEQY	ELAGIGILTV	1	0.9944758
ASSWGGRGGYEQY	SPRWYFYYL	1	0.9730182
ASSRRSSGELF	ELAGIGILTV	1	0.5352943
ASSQDGPRGQETQY	SPRWYFYYL	1	0.9617795
ASSQELLSSGELF	ELAGIGILTV	1	0.96161884
ASSRRWGSSYEQY	SPRWYFYYL	1	0.002197115
ASSPSGGEVFGEKLF	ELAGIGILTV	1	0.028288208
ASSLLGEQY	ELAGIGILTV	1	0.5653787
ASSVGSGLQYYEQY	SPRWYFYYL	1	0.13347173
ASSQGTGEGYGYT	ELAGIGILTV	1	0.07532639
ASTDSPGLAGGYEQY	ELAGIGILTV	1	0.8991835
ASRIWTGGDLNTEAF	RPPIFIRRL	1	0.026953505
AGQVTNTGELF	YLQPRTFLL	1	0.9960388
AAGWGIGTEAF	ELAGIGILTV	1	0.97881854
ASSFQGLGTEAFFG	ELAGIGILTV	1	0.9921313
SARPGEQGGDGYT	ELAGIGILTV	1	0.06343362
SARRGLNEQF	SPRWYFYYL	1	0.9656848
ASSQGTIDNSPLH	ELAGIGILTV	1	0.9039281
ASAALAAYNEQF	SPRWYFYYL	1	0.008150461
ASSLDRDASYNEQF	ELAGIGILTV	1	0.011153308
ASSQATSGIFVYEQY	ELAGIGILTV	1	0.06925473
ATSDLTGANEQF	SPRWYFYYL	1	0.90307224
ASSRLAGGRNEQF	SPRWYFYYL	1	0.99102205
ASSNPGTGSYGYT	ELAGIGILTV	1	0.016257187
ASSSPANEGTDTQY	ELAGIGILTV	1	0.9856279
ASRAGGGTEAF	ELAGIGILTV	1	0.01157989
ATSDPSGTGVETQY	ELAGIGILTV	1	0.18478379
ASSYFQSSGGGYT	SPRWYFYYL	1	0.011765788
ASSQDRFTDPYGYT	RPPIFIRRL	1	0.76546067
ASSFSSNNEQF	ELAGIGILTV	1	0.99127793
ASSSQGLGNTIY	ELAGIGILTV	1	0.8676408
ASSLSGDQPQH	RPPIFIRRL	1	0.003881251
ASSQAEGAGTEAF	ELAGIGILTV	1	0.5153537
SAREAQGQPQH	ELAGIGILTV	1	0.9934588
ASSQEWGRGTDTQY	RPPIFIRRL	1	0.9965403
ASSRRSSGELFFG	ELAGIGILTV	1	0.986717
ASSYPTSGYNEQF	RLPGVLPRA	1	0.10564907
ASRPLAAQETQY	RLPGVLPRA	1	0.9334894
ASNPLAGEFTAKNIQY	SPRWYFYYL	1	0.7073688
ASNMGGLLSTDTQY	ELAGIGILTV	1	0.9414699
ASSYSALAYEQY	ELAGIGILTV	1	0.033184137
ASSQGNSVGGQPQH	ELAGIGILTV	1	0.21262369
SARDTGGGSGELF	ELAGIGILTV	1	0.0025415388
ASSLAGGSYEQY	RLPGVLPRA	1	0.33098018
ASSDPIGGYGYT	ELAGIGILTV	1	0.1151741
ASSDLNTGELF	YLQPRTFLL	1	0.8360087
SASRTGLGQPQH	ELAGIGILTV	1	0.1935734
ASSLKTGGSTEAF	SPRWYFYYL	1	0.4867787
ASTLRGTGVETQY	ELAGIGILTV	1	0.011157184
ASSYYLAGTSIYEQY	ELAGIGILTV	1	0.9792194
SVEADRNTGELF	YLQPRTFLL	1	0.0041746944
ASNKGMNQPQH	ELAGIGILTV	1	0.006759329
ASSEGQTGNTIY	ELAGIGILTV	1	0.009118327
ASSSGTGVFLAEAF	ELAGIGILTV	1	0.058359206
ASSLPPREQY	SPRWYFYYL	1	0.3282099
ASSPDIEQY	YLQPRTFLL	1	0.013005566
ASKIQGSPEAF	ELAGIGILTV	1	0.06712809
ASSDLRTANTEAF	SPRWYFYYL	1	0.4399146
ASSSDGNEQF	ELAGIGILTV	1	0.009152253
AVEGNLNTGELF	YLQPRTFLL	1	0.007613878
AWSETGLGTGELF	ELAGIGILTV	1	0.52858067
ATSEQGQSLTTYNEQF	ELAGIGILTV	1	0.09100016
ASSFAPGNTIY	ELAGIGILTV	1	0.6200988
ASSPGPLAGGDNEQF	ELAGIGILTV	1	0.9355946
ASSRRMNNNEQF	ELAGIGILTV	1	0.0037261134
ATSDPTDRVDGYT	SPRWYFYYL	1	0.609176
SATDRANVNQPQH	SPRWYFYYL	1	0.02766273
ATSDLTQDEQY	SPRWYFYYL	1	0.009055286
ASSLDFQGNEQY	ELAGIGILTV	1	0.23933345
ASSQEHERGPQH	RPPIFIRRL	1	0.021549193
SVVGTGGPETQY	SPRWYFYYL	1	0.9686696
ASSQAQLNTEAF	ELAGIGILTV	1	0.5586167
ASSSLTSGAYNEQF	SPRWYFYYL	1	0.9380586
ASSLALAGPYEQY	ELAGIGILTV	1	0.009579778
ASAPGQGWGYT	ELAGIGILTV	1	0.98689264
ASSSPSGSGTGELF	ELAGIGILTV	1	0.75567865
ASSPALTGGLIEQYFG	ELAGIGILTV	1	0.0652646
ASSSGGGGQF	ELAGIGILTV	1	0.054733943
ASRLRDFENEQF	ELAGIGILTV	1	0.99009764
ASSSKQGPGELF	SPRWYFYYL	1	0.9910556
ASSLEAGRSPYEQY	SPRWYFYYL	1	0.7812332
ASSYGQGWGYT	ELAGIGILTV	1	0.8924883
ASSLTGTDTQY	RLPGVLPRA	1	0.025936557
ASSHNGELF	SPRWYFYYL	1	0.017727828
ASSVDSGAGTEAF	ELAGIGILTV	1	0.005138465
ASTPAADDRPVGNTIY	ELAGIGILTV	1	0.9975102
ASGQLNTGELF	YLQPRTFLL	1	0.97614914
ASSYSTTAPSTDTQY	ELAGIGILTV	1	0.21402465
ASSLGLQGSYGYT	ELAGIGILTV	1	0.0061235153
ASSYGGVGAYEQY	ELAGIGILTV	1	0.71125656
ASRSDRVTEHTQY	RLPGVLPRA	1	0.874077
ASSYGTGNGYT	ELAGIGILTV	1	0.569513
ASSVTGGLNGEETQY	ELAGIGILTV	1	0.015092243
ASSDRTGRRNEQY	SPRWYFYYL	1	0.025021281
ASTSGDNEQF	ELAGIGILTV	1	0.8052633
ASSPKAGILETQY	RPPIFIRRL	1	0.031724468
SARDPSGVKLF	YLQPRTFLL	1	0.8256953
ASSPAALSGAYEQYFG	ELAGIGILTV	1	0.9266924
ASSLDIEAF	YLQPRTFLL	1	0.0037865872
ASRAITGSGQPQH	SPRWYFYYL	1	0.9874035
ASRPTGMGQPQHFG	ELAGIGILTV	1	0.9598906
ASSSPMQRGLYEQY	ELAGIGILTV	1	0.01572921
ATALGDSYEQY	ELAGIGILTV	1	0.008122372
SVEKGTGELF	ELAGIGILTV	1	0.55166495
ASKALVGTAEAKNIQY	SPRWYFYYL	1	0.9453357
ASSLTSGRPDTQY	ELAGIGILTV	1	0.97883123
ASSRAGSGEDTQY	ELAGIGILTV	1	0.97862214
ASSRVTSGHNEQF	RLPGVLPRA	1	0.62732446
ASSQEAGPSSYEQY	ELAGIGILTV	1	0.022684429
ASGDSGNTIY	ELAGIGILTV	1	0.029985342
ASSQVRGPQF	SPRWYFYYL	1	0.916067
ASGEENTGELF	YLQPRTFLL	1	0.9869192
ASSISGGYNEQF	SPRWYFYYL	1	0.82806826
ASTPPRGPQH	RLPGVLPRA	1	0.0034092986
ASGKLAGVLSEQF	ELAGIGILTV	1	0.99515045
ASSPVGLGYGYT	ELAGIGILTV	1	0.301709
ASRFISLGQPQH	ELAGIGILTV	1	0.8663675
ASSFQGALEQY	ELAGIGILTV	1	0.9277346
ASSPPGEEAF	ELAGIGILTV	1	0.4295899
ASSPGALNTEAF	ELAGIGILTV	1	0.006077318
ASSPPTGNEQF	SPRWYFYYL	1	0.36318183
ASSYQGAGGYT	ELAGIGILTV	1	0.21342248
ASSRRSSGELFFG	ELAGIGILTV	1	0.986717
ASQPLAGGPNEQF	SPRWYFYYL	1	0.055737816
ASTQSGVFGGELF	ELAGIGILTV	1	0.013775599
ASSVSAQPDTQY	ELAGIGILTV	1	0.99283147
ASSLEVGLAPNEQF	RLPGVLPRA	1	0.19890645
ASSLNDFYEQY	ELAGIGILTV	1	0.008262075
ASSLGVAGTDTQY	SPRWYFYYL	1	0.9890949
AAGDANTGELF	YLQPRTFLL	1	0.116906054
ATSGTGTSGRNEQF	SPRWYFYYL	1	0.5521313
SVEDLGAGVSNEQF	RLPGVLPRA	1	0.97474855
ASSPTGLVYEQF	RLPGVLPRA	1	0.8288247
ASSQDLFTGGYT	RPPIFIRRL	1	0.118157595
ASSSITGDRVRKETQY	SPRWYFYYL	1	0.9746153
ASSKGVAGELF	ELAGIGILTV	1	0.033621814
ASSQEAYNYEQY	RPPIFIRRL	1	0.004248989
ASSLGLAGGGGIEQF	ELAGIGILTV	1	0.9334686
ATSPEGLRGADGYT	ELAGIGILTV	1	0.006029231
ASSSGGYEQY	SPRWYFYYL	1	0.06621945
ASSFNDEQFFG	ELAGIGILTV	1	0.97477776
ASSPRETANSGANVLT	SPRWYFYYL	1	0.6606283
ATSDSSGGSGYT	ELAGIGILTV	1	0.9822696
ASSLSGGLAFEPDTQY	ELAGIGILTV	1	0.19073091
ASSWGQGSPLH	ELAGIGILTV	1	0.98157173
ASISTDSLNTEAF	RPPIFIRRL	1	0.004965903
ASSELQQY	ELAGIGILTV	1	0.05409022
ASTQIFGNYGYT	ELAGIGILTV	1	0.006607294
SARENWDLSTDTQYFG	ELAGIGILTV	1	0.09553058
ASSEGLAGTNTGELF	SPRWYFYYL	1	0.67815673
ASSWGGLSNQPQH	ELAGIGILTV	1	0.60482705
AAGQGNTGELF	YLQPRTFLL	1	0.49725488
ASSLAPSGEQF	ELAGIGILTV	1	0.2438692
ASSQVEGLETQY	ELAGIGILTV	1	0.060777564
ATSTGGQPQH	SPRWYFYYL	1	0.9788598
ASSPSELADTQY	ELAGIGILTV	1	0.8608616
SAGTRDKYYEQY	SPRWYFYYL	1	0.0033985884
ASSLGGLGQPQH	ELAGIGILTV	1	0.90935856
ASSPGLAADTQY	ELAGIGILTV	1	0.4977065
ASSYTPVSMNTEAF	ELAGIGILTV	1	0.018880151
ASSQGAFSVEQY	ELAGIGILTV	1	0.008661545
ASSQGETGETQY	ELAGIGILTV	1	0.0017678047
ASSLAGLAGGELF	ELAGIGILTV	1	0.95982045
ASSQDHNRGQGYT	ELAGIGILTV	1	0.96549803
ASSLGANSPLH	ELAGIGILTV	1	0.8125129
ASSILGVSTDTQY	ELAGIGILTV	1	0.9867552
ASSLVAGTDGYT	RLPGVLPRA	1	0.41118315
ASSSLTSGAYNEQF	SPRWYFYYL	1	0.9380586
ASSQDLLSGAQY	ELAGIGILTV	1	0.9780638
SARDEKATNTGELF	YLQPRTFLL	1	0.6978542
ASSPGELVPNTEAF	ELAGIGILTV	1	0.9496468
ASSPLSGTSATKETQY	SPRWYFYYL	1	0.97382134
ASSDRGRSYEQY	YLQPRTFLL	1	0.018933177
ASSLSPFYSYGYT	ELAGIGILTV	1	0.3062524
ASSQSPGGEQF	RLPGVLPRA	1	0.6886761
SAREGNQPQH	ELAGIGILTV	1	0.0110358065
ASSPSGVVQPQH	ELAGIGILTV	1	0.0083743045
AIIDRNTGELF	YLQPRTFLL	1	0.9833408
ASSSTDTQY	ELAGIGILTV	1	0.09591559
ASSLIGLAEQF	RLPGVLPRA	1	0.012559069
ATAPGTGRTLKLI	RPPIFIRRL	1	0.9521392
ASSFDIAEF	YLQPRTFLL	1	0.43775943
ASRPLTGGDQPQH	SPRWYFYYL	1	0.0036405467
ASRQLRGLMAYEQY	ELAGIGILTV	1	0.0041418946
ASSQDGLLGELF	ELAGIGILTV	1	0.9578662
ASSPSGLAGGHTQYFG	ELAGIGILTV	1	0.99001735
ASSHELTRADTQY	RLPGVLPRA	1	0.99310315
ASSSGVEAF	ELAGIGILTV	1	0.00356806
ASSLQGLGIGYT	ELAGIGILTV	1	0.11708233
ASSQLGPGQPQH	ELAGIGILTV	1	0.778589
ASSNPTGIYEQY	ELAGIGILTV	1	0.024926737
ATSRLASSYNEQF	ELAGIGILTV	1	0.97927994
ATSEGMGQPQH	ELAGIGILTV	1	0.016699785
ASSLGASAGELF	ELAGIGILTV	1	0.22460184
ASSTGFGSPLH	ELAGIGILTV	1	0.39956108
ASSHGGSNTGELF	ELAGIGILTV	1	0.22364946
ASSQGGSSSEKLF	SPRWYFYYL	1	0.93778986
ASVGLAVVGELF	SPRWYFYYL	1	0.626254
SARGGDSAYEQY	SPRWYFYYL	1	0.026375018
ASSQDRWLSGQPQH	ELAGIGILTV	1	0.03575193
ATSEGLAGDTQY	ELAGIGILTV	1	0.06479874
ASSLAWGQPQH	ELAGIGILTV	1	0.9735605
ASSLGGGWEQY	ELAGIGILTV	1	0.99026686
ASSPGTVSGQPQH	ELAGIGILTV	1	0.9928018
ASSWGLLSNQPQHFG	ELAGIGILTV	1	0.6585246
ASSSEAGLAATDTQY	ELAGIGILTV	1	0.9483206
ASSLLLRDGGRGAF	SPRWYFYYL	1	0.032673284
ASSQETGIYTQY	RPPIFIRRL	1	0.96541923
ASSFQGLGYEQY	ELAGIGILTV	1	0.9792454
ASSLDREVVTYEQY	ELAGIGILTV	1	0.019060135
ASSHAGLG	ELAGIGILTV	1	0.99342996
ASSLWGTEAF	RPPIFIRRL	1	0.001740953
ASSQDFVLYSGNTIY	ELAGIGILTV	1	0.018751377
ASSFQGLGQPQH	ELAGIGILTV	1	0.8057986
ATTSLNTGELF	YLQPRTFLL	1	0.34452868
SVDALLGAYTQY	SPRWYFYYL	1	0.68581045
ASTPLGTSSFLNTEAF	SPRWYFYYL	1	0.10403281
ALGDLNTGELF	YLQPRTFLL	1	0.9268654
ASAWGGMTNEQY	ELAGIGILTV	1	0.9453582
AWSLPGLSYEQY	ELAGIGILTV	1	0.006879789
ATSDLTQDEQY	SPRWYFYYL	1	0.009055286
ASSSSLAGGGELF	ELAGIGILTV	1	0.9612862
ASSPLVGSALAKNIQY	SPRWYFYYL	1	0.7144304
ASSSLTSGAHNEQF	SPRWYFYYL	1	0.6085182
ASSPGLAGGEQF	ELAGIGILTV	1	0.95676047
ASSFLTGPKGDYT	SPRWYFYYL	1	0.020028373
ASSQDAGTAHVGEQF	SPRWYFYYL	1	0.022535414
ASSQDGFSGTYT	RPPIFIRRL	1	0.9922724
ASSVEPGWDEQY	YLQPRTFLL	1	0.029758396
ASSPTGVGQPQH	ELAGIGILTV	1	0.4415025
ASSLFAGAQGNQPQH	SPRWYFYYL	1	0.92332023
AIPGPSNTEAF	ELAGIGILTV	1	0.02208883
ASSPDRALPEAF	SPRWYFYYL	1	0.10660001
ASSLSWNQPQH	ELAGIGILTV	1	0.0051802336
ASSIGGTEAF	RPPIFIRRL	1	0.001847025
ASSQARGDTEAF	ELAGIGILTV	1	0.98302597
ASSQEIGSEQPQH	ELAGIGILTV	1	0.76468766
ASSYGGLGQPQHFG	ELAGIGILTV	1	0.98562104
SPAVHRVANNEQL	SPRWYFYYL	1	0.87982905
ASSELPGPPGEQY	SPRWYFYYL	1	0.0062894193
SAATRDRVYEQY	SPRWYFYYL	1	0.3276188
ASSSKPGGDYNEQF	SPRWYFYYL	1	0.046418365
ASSMTSYNEQFFG	ELAGIGILTV	1	0.9945176
ATSDLFNNEQF	ELAGIGILTV	1	0.45349035
ASSFRGLGQPQH	ELAGIGILTV	1	0.04573972
ASSDRPLGPNTEAF	SPRWYFYYL	1	0.89021903
ASGLSGDEQY	ELAGIGILTV	1	0.52398854
ASSSGLLGGQPQHFG	ELAGIGILTV	1	0.9885611
ASSIRSSYEQY	ELAGIGILTV	1	0.9992236
ASSARD	SPRWYFYYL	1	0.9988238
ASSDSGTEAF	RLPGVLPRA	1	0.025356052
ASSSGYGTEAF	ELAGIGILTV	1	0.03877886
ASSLGPFDTQY	ELAGIGILTV	1	0.15719812
ASSPTGLGQPQH	ELAGIGILTV	1	0.16951714
ASRVQGLLMHYEQY	ELAGIGILTV	1	0.28674322
ASSHGQGVIS	ELAGIGILTV	1	0.58561885
ASSEAELLSSYNEQFFG	ELAGIGILTV	1	0.96080756
ASSQAANTGELF	ELAGIGILTV	1	0.23818816
SARWGGGTDTQY	ELAGIGILTV	1	0.9154256
ASSLFRGGEKLF	SPRWYFYYL	1	0.5505711
ASSAGYGQPQH	ELAGIGILTV	1	0.38733003
ASSQEEGAYNSPLH	ELAGIGILTV	1	0.9800243
ASRLANTEAF	SPRWYFYYL	1	0.5378975
SARGGQGLNTGELF	YLQPRTFLL	1	0.030694667
SARPRTSGSGAGELF	ELAGIGILTV	1	0.9904784
ASSEYGGGVAGELF	ELAGIGILTV	1	0.006491446
ASSFSLSGGYT	ELAGIGILTV	1	0.013293549
ASSDTETGGLETQY	ELAGIGILTV	1	0.08905171
ASSQDLAGGLKF	ELAGIGILTV	1	0.84851307
ASSELASIRETQY	RPPIFIRRL	1	0.020716848
ASSISSGVAYEQY	RPPIFIRRL	1	0.7980498
ASSLDGNEQY	ELAGIGILTV	1	0.04586786
SASAGLAEAF	ELAGIGILTV	1	0.12945248
ASGRDPLLSGNTIY	ELAGIGILTV	1	0.9941087
ASSQGGSPLH	ELAGIGILTV	1	0.20086081
ASSYEDHEQY	RLPGVLPRA	1	0.5804775
ASSFTSGGARRKETQY	SPRWYFYYL	1	0.9667531
ASSFPGGGNTGELF	YLQPRTFLL	1	0.98998636
ASSLGNEQF	ELAGIGILTV	0	0.19538203
ASRTRSSYEQY	SPRWYFYYL	0	0.9984047
ASSIYHRGSYNEQF	ELAGIGILTV	0	0.07969515
ASSLGRNNQPQH	YLQPRTFLL	0	0.011581259
ASRSLDGYGQPQH	RLPGVLPRA	0	0.069644146
SASPDRAGTEAF	ELAGIGILTV	0	0.87477255
ATSDLAGGAYNEQF	SPRWYFYYL	0	0.090141006
ASTEDRLGGPIPGELF	ELAGIGILTV	0	0.6752783
ASRSQGAGYGYT	SPRWYFYYL	0	0.9920487
AIPRRQGSNTGELF	ELAGIGILTV	0	0.9809636
ASSLEARGLGYT	RPPIFIRRL	0	0.021066371
ASSLLNPGRIGTEAF	ELAGIGILTV	0	0.021488575
ASSQEGTNNEQF	SPRWYFYYL	0	0.84650284
ASSWGQEISYEQY	ELAGIGILTV	0	0.013382803
ASSEFAETQY	SPRWYFYYL	0	0.31699324
ASSIGQGPEAF	ELAGIGILTV	0	0.007288846
ASSPDSYEQY	SPRWYFYYL	0	0.016434852
ASSPGTANSYEQY	SPRWYFYYL	0	0.47476265
ASSDRSTDTQY	ELAGIGILTV	0	0.19215927
ASSLGSAGDSPLH	ELAGIGILTV	0	0.9129303
ASSQRAGRGEKLF	SPRWYFYYL	0	0.19812746
SASLITTEHYGYT	ELAGIGILTV	0	0.040915117
ASSLDLTDTQY	ELAGIGILTV	0	0.7522028
ASSSQGVSTDTQY	ELAGIGILTV	0	0.64556867
ASSLVAERTDTQY	ELAGIGILTV	0	0.887288
ASGERDSYEQY	RLPGVLPRA	0	0.9848588
ASSYLPVQETQY	ELAGIGILTV	0	0.9081756
ASSLLAANEQF	ELAGIGILTV	0	0.9953275
ASSGLGPLGKGETQY	YLQPRTFLL	0	0.19269219
ASSLARDYYGYT	ELAGIGILTV	0	0.0045993878
ASSGDRVIEQY	SPRWYFYYL	0	0.0023895772
ASSSGEYGTLF	YLQPRTFLL	0	0.81599116
ASTESGPETQY	ELAGIGILTV	0	0.019663027
ASSGTGGTEAF	ELAGIGILTV	0	0.09760642
SASSLGDNSYNEQF	SPRWYFYYL	0	0.08805415
SAREGNSYEQY	YLQPRTFLL	0	0.13126415
ASSFLGQETQY	ELAGIGILTV	0	0.035914306
SARDLTANQPQH	ELAGIGILTV	0	0.47292206
ATSHGSETQY	ELAGIGILTV	0	0.011915027
ASSPAASGSYEQY	ELAGIGILTV	0	0.5603441
ASSEFRGGFGEQY	ELAGIGILTV	0	0.004490782
ASSSLSGTGVEQY	ELAGIGILTV	0	0.020737685
ASSLGARPEEAF	ELAGIGILTV	0	0.97308314
ASSLTSGGADTQY	RPPIFIRRL	0	0.12316921
ASSVGGTGELF	ELAGIGILTV	0	0.018957648
ASALGVDTQY	SPRWYFYYL	0	0.32246044
SAPRGAKYEQY	SPRWYFYYL	0	0.2693593
ASSQEWAGDGYT	ELAGIGILTV	0	0.6896043
ASSLAGVSGWTSEQF	ELAGIGILTV	0	0.90838456
ASSQRGAGQPQH	SPRWYFYYL	0	0.33971405
ASRLLQGSSYEQY	SPRWYFYYL	0	0.027801014
ASSLASGGGLGDTQY	SPRWYFYYL	0	0.12803648
ASSFPGARTEAF	RPPIFIRRL	0	0.97692525
SARDRTEFIGTEAF	ELAGIGILTV	0	0.0064001787
ASSLGETADSTDTQY	ELAGIGILTV	0	0.008678308
ASRPYKNSYNEQF	SPRWYFYYL	0	0.010435416
ASNLLDPPGIQY	ELAGIGILTV	0	0.842055
ASSSTGLADPTDTQY	YLQPRTFLL	0	0.9637893
ASSPGRNSYEQY	RLPGVLPRA	0	0.22650874
ASSQGTSGTEQF	ELAGIGILTV	0	0.008346337
ASSFPEEASIYGYT	SPRWYFYYL	0	0.99779165
ASSVVSTDTQY	ELAGIGILTV	0	0.43556648
ASSLGAGGYEQY	ELAGIGILTV	0	0.035963174
ASSPSPGLTSGNTIY	SPRWYFYYL	0	0.7249462
ATSRDLGVLTEAF	ELAGIGILTV	0	0.64855915
SAPNREFNEQF	SPRWYFYYL	0	0.050268047
ATSKGGTMVQPQH	ELAGIGILTV	0	0.026799232
ASSPKGDSNTGELF	ELAGIGILTV	0	0.05071494
ASSLTGLLAYEQY	YLQPRTFLL	0	0.024547424
ASSEATLNTGELF	ELAGIGILTV	0	0.009774105
ASSLFTSGSLNEQF	ELAGIGILTV	0	0.3319621
ASSLVAGGNPYQETQY	ELAGIGILTV	0	0.3256862
ASSLSMGGYNEKLF	ELAGIGILTV	0	0.96041274
SARDLTGYGYT	ELAGIGILTV	0	0.88080233
ATSVSGSSYNEQF	ELAGIGILTV	0	0.14769885
ASSQGTGNTGELF	SPRWYFYYL	0	0.046501014
ASSDLFSGQGGNIQY	ELAGIGILTV	0	0.59354436
ASSPGVVFGYT	ELAGIGILTV	0	0.002549737
ASSPPEEETQY	SPRWYFYYL	0	0.018931642
ASSLDTTGQTYGYT	ELAGIGILTV	0	0.96630144
ASSPSGGRNEQF	ELAGIGILTV	0	0.54910505
ASSFGQGANNEQF	ELAGIGILTV	0	0.019622903
ASSWGGTEAF	YLQPRTFLL	0	0.024465995
ASRGISSTEAF	ELAGIGILTV	0	0.29136986
ASSSLGLEETQY	ELAGIGILTV	0	0.009584243
AWSVGQGNQNEQY	ELAGIGILTV	0	0.011063559
SVDLSAGSSEQF	ELAGIGILTV	0	0.19674978
ASSAGSSYNEQF	YLQPRTFLL	0	0.827449
ASTSRRAEEKLF	ELAGIGILTV	0	0.75377077
ASSIREGPNEQY	ELAGIGILTV	0	0.026192768
ASEENRYNEQF	YLQPRTFLL	0	0.011341619
ASTGRIAVSSDEQF	RLPGVLPRA	0	0.9490541
ASSVGSSPDEQY	ELAGIGILTV	0	0.009112491
ASSGVNGSLRNTEAF	ELAGIGILTV	0	0.01222175
ASNPLAGERNEQF	ELAGIGILTV	0	0.016356062
ASSQELASRYEQY	RLPGVLPRA	0	0.9886071
ASSQGALGANVLT	RLPGVLPRA	0	0.15353072
ASSYTGPFPSEQY	RLPGVLPRA	0	0.04078537
SVEGGAGPIYEQY	SPRWYFYYL	0	0.009206369
ASSFDRNTEAF	ELAGIGILTV	0	0.94752836
ASSRLAKHNEQF	RPPIFIRRL	0	0.28263736
AWRLLETEAF	ELAGIGILTV	0	0.005711467
ASSEGETQY	ELAGIGILTV	0	0.0062971637
ASSQAPLAGDAKNIQY	ELAGIGILTV	0	0.3542911
ASSRTGSSNQPQH	SPRWYFYYL	0	0.005791613
ASSPVQVTGELF	ELAGIGILTV	0	0.9751208
AISVGNEQF	SPRWYFYYL	0	0.07625264
ASSLFGGAETQY	ELAGIGILTV	0	0.9952283
ASSQDRTTGELF	SPRWYFYYL	0	0.550496
ATSERGRYEQY	ELAGIGILTV	0	0.002782921
ASSFLSTDTQY	ELAGIGILTV	0	0.022106154
ASSLSGRGRSPLH	ELAGIGILTV	0	0.0181755
ASSSGTAGNTIY	ELAGIGILTV	0	0.34265363
ASSLIGVSSYNEQF	SPRWYFYYL	0	0.017241064
ASSVTTVSDTQY	ELAGIGILTV	0	0.9845598
ASSWGGETQY	RLPGVLPRA	0	0.91723484
ASSLRGQGRETQY	YLQPRTFLL	0	0.010690283
ASSRGVEQY	SPRWYFYYL	0	0.0030989896
AWREGGDPFGYT	ELAGIGILTV	0	0.8426019
ASSWGLAGPEQF	ELAGIGILTV	0	0.018784089
ASSILKGSYNEQF	ELAGIGILTV	0	0.6776154
ATSDSGDGLFYGYT	ELAGIGILTV	0	0.9939253
ASSFDEAF	ELAGIGILTV	0	0.97900385
ASSVGSGDSGEQY	ELAGIGILTV	0	0.28182638
SVDPGFRPDEQF	RLPGVLPRA	0	0.9556641
ASRPPAGYVYNEQF	ELAGIGILTV	0	0.00769785
ASSLGARQANGELF	ELAGIGILTV	0	0.22593021
ASRAGTESFEQY	RLPGVLPRA	0	0.4636457
ASSDVNSPNYGYT	ELAGIGILTV	0	0.02168378
ASRNLEYSTDTQY	SPRWYFYYL	0	0.0017407334
ASSLAWGNEQF	SPRWYFYYL	0	0.07026602
ASTPRRDSGNTIY	RPPIFIRRL	0	0.001668775
SYRGLNTGELF	ELAGIGILTV	0	0.0031091813
ASSLAGAYEQY	ELAGIGILTV	0	0.0316149
ASSEGIGTADTQY	ELAGIGILTV	0	0.9143829
ASSDYPSRSTGELF	ELAGIGILTV	0	0.084235944
ASREGGNEQF	ELAGIGILTV	0	0.18432662
RTGDGYGYT	ELAGIGILTV	0	0.40400213
ASSFSGGADEQY	ELAGIGILTV	0	0.015368768
ASSVEPGSYEQY	RLPGVLPRA	0	0.9500642
ASGLAMNTEAF	ELAGIGILTV	0	0.11010744
ASRTGTGNLYEQY	ELAGIGILTV	0	0.7045421
ASSEVGGPGELF	SPRWYFYYL	0	0.7687386
ASSQAGANYGYT	ELAGIGILTV	0	0.048303694
SARGEVGEISSYEQY	ELAGIGILTV	0	0.6370055
AITPGQDGGYT	YLQPRTFLL	0	0.9223127
ASRTSGKNIQY	YLQPRTFLL	0	0.014449175
ASSLGAGSTYEQY	RLPGVLPRA	0	0.5352079
ASSWREGIEQY	ELAGIGILTV	0	0.16810286
ASSETSGSTDTQY	YLQPRTFLL	0	0.009445472
ASRGIQETQY	RPPIFIRRL	0	0.6107431
ASSPSGGDVPYEQY	ELAGIGILTV	0	0.032776073
ASTPPGGGTPMGEQY	ELAGIGILTV	0	0.0055968286
ASSPGTGRYEQY	ELAGIGILTV	0	0.014473615
ASSIGAAGAF	ELAGIGILTV	0	0.018549316
ASRSFGEKLF	ELAGIGILTV	0	0.008024832
SARDAGTGENTIY	ELAGIGILTV	0	0.011602517
ASSLLGAQPREAF	ELAGIGILTV	0	0.5209965
ASSQDTRYYEQY	ELAGIGILTV	0	0.015353905
ASSIARGLVNTEAF	ELAGIGILTV	0	0.0033739367
ASSLSTGYSYEQY	RPPIFIRRL	0	0.020211361
ASSFQRERSETQY	SPRWYFYYL	0	0.47001323
ASSVAQDLAGGSYEQY	ELAGIGILTV	0	0.040207
ASSQGTSVNYEQY	ELAGIGILTV	0	0.15117538
ASSSEARAAGVTRVN	SPRWYFYYL	0	0.99630785
ASSSERAPGTGELF	SPRWYFYYL	0	0.99653685
ASSDRGYGQPQH	ELAGIGILTV	0	0.016256958
ASSEGLAEYNEQF	ELAGIGILTV	0	0.018472698
ASSLEAGGPLDEQF	RPPIFIRRL	0	0.0042009805
AISTGAYNSPLH	ELAGIGILTV	0	0.0223639
ASSEGLAGDTQY	ELAGIGILTV	0	0.014101821
ASSFGEGYEQY	ELAGIGILTV	0	0.013051631
ASTGNYYEQY	ELAGIGILTV	0	0.010370852
ASSFPWNEKLF	RLPGVLPRA	0	0.28441373
ASSLPAGAFYNEQF	ELAGIGILTV	0	0.089685254
AISARTGPMNTEAF	YLQPRTFLL	0	0.0053187325
SARAHLLSYGYT	ELAGIGILTV	0	0.3160796
ASSVGFVGQGLDEQF	YLQPRTFLL	0	0.19756454
ASSQVGSLETQY	ELAGIGILTV	0	0.22231165
ASSFINQPQH	SPRWYFYYL	0	0.6478224
ASSSGAPTDTQY	ELAGIGILTV	0	0.84078753
ASDKGSSTDTQY	RLPGVLPRA	0	0.013743691
ASSSSGGASDTQY	YLQPRTFLL	0	0.91480637
ASSLGHNNQPQH	ELAGIGILTV	0	0.018526165
ASSLGQNTEAF	ELAGIGILTV	0	0.031935256
ASSYSGEQY	ELAGIGILTV	0	0.0039204936
ASSVDPGGTGAGETQY	SPRWYFYYL	0	0.005322965
ASWTGGDYNEQF	ELAGIGILTV	0	0.003458381
ASSLGSGRGQY	YLQPRTFLL	0	0.9861411
ASSLVRTQGQGGQF	ELAGIGILTV	0	0.06697641
ASSLGQAYEQY	ELAGIGILTV	0	0.024241189
ASSAGRGTEAF	SPRWYFYYL	0	0.17534675
ASSPEAGAPNYGYT	ELAGIGILTV	0	0.08001072
ASSNRGHYEQY	ELAGIGILTV	0	0.023371723
AIREVASYEQY	ELAGIGILTV	0	0.0029221643
ASRRRPNTEAF	ELAGIGILTV	0	0.1329608
ASSFSVDTQY	ELAGIGILTV	0	0.31138912
ASSSPYGEAELF	SPRWYFYYL	0	0.98602074
ASSQITFRDFRTDTQY	ELAGIGILTV	0	0.75848997
SARPSVSYNEQF	RPPIFIRRL	0	0.9855413
ASSLAGVSGWTSEQF	RLPGVLPRA	0	0.90664464
ASSFRDLGYEQY	SPRWYFYYL	0	0.606714
ASSVVTPVGTQY	ELAGIGILTV	0	0.3538676
ASSLEALGGSSYNEQF	ELAGIGILTV	0	0.9618269
ASERAGGLNTEAF	ELAGIGILTV	0	0.075939275
ASSLGQGLYNEQF	ELAGIGILTV	0	0.6344193
ASSLHTGPEQY	SPRWYFYYL	0	0.008508772
SARDRTSGTYEQY	YLQPRTFLL	0	0.845439
SARDAGITYEQY	YLQPRTFLL	0	0.2324034
ASSQIQGIGGELF	SPRWYFYYL	0	0.019011743
ASSDSTGGTDTQY	YLQPRTFLL	0	0.03259129
ASRSMIEGPPNTEAF	RLPGVLPRA	0	0.05724515
ASSQAEGISEKLF	ELAGIGILTV	0	0.37681326
ASSTGTTDTQY	ELAGIGILTV	0	0.011429836
SVESGTYNEQF	SPRWYFYYL	0	0.6671119
ASSHKGSDHEAF	ELAGIGILTV	0	0.0055296132
ASSQDAPFSGGAYTDTQY	SPRWYFYYL	0	0.25841272
ASSPGGTEAF	ELAGIGILTV	0	0.0031729091
ASSLDGSTNTEAF	ELAGIGILTV	0	0.014156965
SGGGASGGASDTQY	ELAGIGILTV	0	0.022545137
ATSRPSSGRAQQF	ELAGIGILTV	0	0.02373873
ATKRQGFYGYT	ELAGIGILTV	0	0.10275282
ASSVVGDNSYEQY	ELAGIGILTV	0	0.05194848
ASSFGTGGQQF	ELAGIGILTV	0	0.04544907
ASSTHQVDTQY	RPPIFIRRL	0	0.36929724
ASSRGNTEAF	ELAGIGILTV	0	0.30520612
ASSLVRQEDYGYT	ELAGIGILTV	0	0.06563325
ASSQDGGLNRAQGYT	ELAGIGILTV	0	0.46768388
ASSQSGGGGADTQY	ELAGIGILTV	0	0.033051603
ASSEVIVVQGNQPQH	ELAGIGILTV	0	0.15097298
ASSEFGGRSADTQY	ELAGIGILTV	0	0.99141204
ASSPGQLTDTQY	RPPIFIRRL	0	0.022612311
ASREQPTFYGYT	ELAGIGILTV	0	0.11646432
ASRKGTSGGNNNEQF	ELAGIGILTV	0	0.090587616
ASSEWTGDNQPQH	ELAGIGILTV	0	0.0052842926
SASTDTQY	ELAGIGILTV	0	0.003936288
ASSATDVANYGYT	SPRWYFYYL	0	0.012575011
ASSLYDYNEQF	RPPIFIRRL	0	0.018274015
ASSEWDGTYEQY	ELAGIGILTV	0	0.012174276
ASSLATETDTQY	ELAGIGILTV	0	0.20006695
ASSLGGGFYNEQF	ELAGIGILTV	0	0.96719044
ASSPLTSGGHNEQF	SPRWYFYYL	0	0.007189213
ASSSEATDTQY	YLQPRTFLL	0	0.89490265
ASSPPLQPYEQY	ELAGIGILTV	0	0.006049976
ASRLAGGNLGEQF	SPRWYFYYL	0	0.04460022
ASSSTGQGMRPGNTIY	RPPIFIRRL	0	0.9469835
ASSLEVGQGQPQH	ELAGIGILTV	0	0.33783337
SARDLAGGYNEQF	SPRWYFYYL	0	0.015681569
ASSLVSLMGGYLSYEQY	SPRWYFYYL	0	0.0031676467
AWYESTGVYGYT	SPRWYFYYL	0	0.9834926
ASSEDVAGGPYNEQF	ELAGIGILTV	0	0.97170985
ASSDTQKNTGELF	SPRWYFYYL	0	0.0064612455
SARDRGDTEAF	RPPIFIRRL	0	0.98335326
ASSDTGGYNEQF	ELAGIGILTV	0	0.022346938
ASSLELTGDYEQY	ELAGIGILTV	0	0.6882966
ASSQKGQPNTEAF	ELAGIGILTV	0	0.575554
ASSEGGGQGNEQF	ELAGIGILTV	0	0.68629426
ASSLAGLGTDTQY	RLPGVLPRA	0	0.31001452
ASTLGSGELF	SPRWYFYYL	0	0.016722681
ASSLSRTGGAGDTQY	ELAGIGILTV	0	0.005645034
ASSIGTSLGETQY	ELAGIGILTV	0	0.0051670177
ASSLSPLSYEQY	YLQPRTFLL	0	0.6309117
ASSQGGEQY	ELAGIGILTV	0	0.01614067
AISEAGGVEAQAF	ELAGIGILTV	0	0.29302248
ASSLRLAGIYNEQF	YLQPRTFLL	0	0.26482126
ASTGTGVNEQF	SPRWYFYYL	0	0.95990205
ASSEFSEGETQY	ELAGIGILTV	0	0.09151306
ATSRDLGREETQY	SPRWYFYYL	0	0.320196
ASSLAGDTDTQY	ELAGIGILTV	0	0.007950914
ASSDPLEAQGARYNEQF	YLQPRTFLL	0	0.6287617
ASSFPGTDSYGYT	ELAGIGILTV	0	0.6148203
ASSLGTGPLYEQY	SPRWYFYYL	0	0.5403438
ASSQERWGASTDTQY	ELAGIGILTV	0	0.39967167
ASSLVSLMGGYLSYEQY	ELAGIGILTV	0	0.0035728745
ASSPRDRGTGELF	ELAGIGILTV	0	0.6940724
ASSQEETGLVRGYT	ELAGIGILTV	0	0.0030707167
ASSLIPRGPQPQH	ELAGIGILTV	0	0.13427882
ASTPLEGTDTQY	SPRWYFYYL	0	0.046195365
ASSPVGTANYGYT	ELAGIGILTV	0	0.008973776
ASSHLGWLSSGANVLT	SPRWYFYYL	0	0.97775763
ASSDGGGSDTQY	SPRWYFYYL	0	0.0021723465
ASNNRDSLYEQY	ELAGIGILTV	0	0.9880371
ATSRDLGGGETQY	ELAGIGILTV	0	0.030905787
ASSQTSGGNTGELF	ELAGIGILTV	0	0.04019055
ASSSAGDSEQY	ELAGIGILTV	0	0.91072226
ASHLGVAGGYNEQF	RPPIFIRRL	0	0.008686055
ATYWQKDMNTEAF	SPRWYFYYL	0	0.99054164
ASSLVGAGNEQF	ELAGIGILTV	0	0.12475945
SAPTGTDTQY	ELAGIGILTV	0	0.9727587
ASSSSYEQY	SPRWYFYYL	0	0.8050106
ASSFQSGHADTQY	ELAGIGILTV	0	0.0081572905
ASSFDRGAEQY	ELAGIGILTV	0	0.05123636
ASSVPGQETEKLF	SPRWYFYYL	0	0.033698816
ASSYGAFYEQY	ELAGIGILTV	0	0.3427761
ASSLEGTGAHNEQF	ELAGIGILTV	0	0.010603909
SASSKLGLAGRYQETQY	RLPGVLPRA	0	0.92684305
AWRSGTDELNTEAF	SPRWYFYYL	0	0.42347947
AGNEGSSFNEKLF	ELAGIGILTV	0	0.013037426
ASSLGRSTEAF	ELAGIGILTV	0	0.6875
ASSLMGGLRSYEQY	ELAGIGILTV	0	0.03349286
AWRGYNEQF	SPRWYFYYL	0	0.0040536504
ASSLRDNSDNEQF	RPPIFIRRL	0	0.032117326
ASSVVPSGPGSSYEQY	ELAGIGILTV	0	0.0124714235
ASSPGRSEEGYT	YLQPRTFLL	0	0.66737634
ASSPHRNTEAF	RLPGVLPRA	0	0.844557
ASSYSGYTEAF	SPRWYFYYL	0	0.015721416
SASSLGDNSYNEQF	ELAGIGILTV	0	0.08595233
ASSLSVGGTEAF	ELAGIGILTV	0	0.007613003
ASTHREDEQF	ELAGIGILTV	0	0.022665495
ASSYNYEQY	YLQPRTFLL	0	0.08504311
ASSRGQGVDYGYT	YLQPRTFLL	0	0.98085654
ASSVDLAHEQY	ELAGIGILTV	0	0.9465014
ASSYSTGGGNSPLH	ELAGIGILTV	0	0.020354016
ASSTTDIQY	ELAGIGILTV	0	0.02830977
ASSLEGEIGETYEQY	ELAGIGILTV	0	0.9835745
ASSLSVRSEAF	ELAGIGILTV	0	0.09007806
ASSLEGTSGSENIQY	ELAGIGILTV	0	0.009313452
ASSFLGELF	ELAGIGILTV	0	0.2703881
ASSLGQGPTEAF	ELAGIGILTV	0	0.019184116
ASTPGSLFQETQY	ELAGIGILTV	0	0.018805884
ASSDPQGLTEAF	SPRWYFYYL	0	0.11049227
ASSDEGHEKLF	YLQPRTFLL	0	0.0083789
ASSYATGGQYEQY	SPRWYFYYL	0	0.018651018
SARDYSTYEQY	RPPIFIRRL	0	0.012642514
ASSMDRGRENEQF	RPPIFIRRL	0	0.017499512
SASSGNTIY	RLPGVLPRA	0	0.9737707
ASSQDMAGGPKSDEQF	ELAGIGILTV	0	0.0070657213
SVEPLAQSSYNEQF	SPRWYFYYL	0	0.41749865
ASRGDRDHEQY	ELAGIGILTV	0	0.9293976
ASSPRDSNQPQH	RLPGVLPRA	0	0.03619617
ASSEVSEVNGYT	YLQPRTFLL	0	0.95909244
ASSVNSGSDWNEQF	SPRWYFYYL	0	0.66690844
ASSSGQGASEQY	ELAGIGILTV	0	0.301179
AWKASGNTIY	ELAGIGILTV	0	0.006665849
ASSPSSGGYNEQF	YLQPRTFLL	0	0.96885675
SARPSGVPYEQY	ELAGIGILTV	0	0.026950773
ASSPNGQANEKLF	ELAGIGILTV	0	0.9424121
ASSQEGGLYSGNTIY	YLQPRTFLL	0	0.89221007
ASSPSGGGSPLH	ELAGIGILTV	0	0.24634497
ASSYGTTSTDTQY	ELAGIGILTV	0	0.112686746
ASSYSVSGGVAEQF	ELAGIGILTV	0	0.094413064
ASSLAAGAFIYGYT	ELAGIGILTV	0	0.007647307
ASSQEGGSLGDNEQF	ELAGIGILTV	0	0.07361033
ASSLEDYEQY	SPRWYFYYL	0	0.9145505
ASSGEEAGDSDTQY	ELAGIGILTV	0	0.9386262
ASSPPRDSERQY	ELAGIGILTV	0	0.02898279
ASSQDIGSVDEQY	SPRWYFYYL	0	0.9957223
SARDFFVVSGGASGYT	RLPGVLPRA	0	0.0067854347
ASSYLYGTGNSYEQY	RLPGVLPRA	0	0.36825332
ASSPGTGGDTPYEQY	SPRWYFYYL	0	0.9907664
ASSEWAYEQY	ELAGIGILTV	0	0.011124882
ASSLESMNTEAF	ELAGIGILTV	0	0.3519632
ASSFSSGEYNEQF	SPRWYFYYL	0	0.9915746
ASSWADSYEQY	ELAGIGILTV	0	0.9011475
ASSEASPGQGTDTQY	ELAGIGILTV	0	0.978837
ASSQGWGNEQF	ELAGIGILTV	0	0.014335211
ASSVLAGEKDTQY	YLQPRTFLL	0	0.014083867
ASSVGDEQRTQY	SPRWYFYYL	0	0.024378214
ASSLGGQGHYGYT	SPRWYFYYL	0	0.02636315
ASSRTGSSNQPQH	ELAGIGILTV	0	0.0064559183
SARAEGRGTVPEQY	ELAGIGILTV	0	0.035073526
AISDLRNQPQH	SPRWYFYYL	0	0.95381594
ASSLAAGAFIYGYT	SPRWYFYYL	0	0.0068763657
AWSGVQGAYGYT	ELAGIGILTV	0	0.008878355
ASSELAGHYEQY	SPRWYFYYL	0	0.2032791
ASSLVGVRLGNEQF	ELAGIGILTV	0	0.021263452
ASSDPQGLTEAF	ELAGIGILTV	0	0.10791827
SASPVGWTEAF	YLQPRTFLL	0	0.9827246
SAAAGGEYNEQF	ELAGIGILTV	0	0.9477763
ASSPGTGPAGYT	ELAGIGILTV	0	0.06555906
ASSQDVRAYEQY	SPRWYFYYL	0	0.08094377
ASSSAGDLGVAF	ELAGIGILTV	0	0.23762509
ASRSGTINTGELF	YLQPRTFLL	0	0.6144568
ASSQVVRGLGTDTQY	RPPIFIRRL	0	0.007691981
ASSRTVGMNTEAF	ELAGIGILTV	0	0.11596318
ASSLSGQGGNYGYT	ELAGIGILTV	0	0.9574404
ASSQVSSGPRGEQF	ELAGIGILTV	0	0.011345175
ASSSATGLAGYT	SPRWYFYYL	0	0.013662655
SAAHLAETSTDTQY	ELAGIGILTV	0	0.3963171
ASSPPGWAGEAF	ELAGIGILTV	0	0.08084859
ASRSGLAYEQY	ELAGIGILTV	0	0.25954166
ASGRPGNTEAF	ELAGIGILTV	0	0.06714494
ASSYSGQGRNEQF	ELAGIGILTV	0	0.04112947
ASSLGLAGSPDTQY	ELAGIGILTV	0	0.0059726867
ASSGGQGNTGELF	ELAGIGILTV	0	0.024389228
ASSLASGTGAPEQY	YLQPRTFLL	0	0.8454281
ASSVRPDTQY	YLQPRTFLL	0	0.97658294
ASSRGTFSNQPQH	SPRWYFYYL	0	0.008802023
ASSKGESYGYT	ELAGIGILTV	0	0.026537273
ASTSGGYEQF	ELAGIGILTV	0	0.8128346
ASTGLIGNEQF	SPRWYFYYL	0	0.0052714003
AISVGNEQF	YLQPRTFLL	0	0.07466414
ASRADRGPSYEQY	SPRWYFYYL	0	0.011432783
ASSLEGWELF	ELAGIGILTV	0	0.008392603
ASTYGRGSPLH	YLQPRTFLL	0	0.03081284
ASSPPAGTEAF	ELAGIGILTV	0	0.88532674
ASSYLSRLAEYQETQY	SPRWYFYYL	0	0.8406341
ASSLGSSGAPQH	ELAGIGILTV	0	0.018894
ASSLTGLSYEQY	ELAGIGILTV	0	0.28010634
ASKQGTGELF	ELAGIGILTV	0	0.024300115
ASSVGGVSPNEQY	RLPGVLPRA	0	0.42079177
ASSPPYNGWLFKY	SPRWYFYYL	0	0.012867145
ASSQGQGAGNTIY	ELAGIGILTV	0	0.024459928
ASTDTGNHHYGYT	RLPGVLPRA	0	0.9925046
ASASAGLREQY	ELAGIGILTV	0	0.026575234
ASSLETGTTIYNEQF	ELAGIGILTV	0	0.11820567
ASSLGLTEAF	SPRWYFYYL	0	0.0021381704
AISEVGDTLINPYEQY	ELAGIGILTV	0	0.045537453
ASSPKLGPGEQY	YLQPRTFLL	0	0.017294064
ASSPMGVGELF	ELAGIGILTV	0	0.9841664
ASSPGGGSYEQY	SPRWYFYYL	0	0.03529882
ASSDGPELTYEQY	RLPGVLPRA	0	0.08734059
ASASGGDQETQY	YLQPRTFLL	0	0.9762547
AAGDYGYT	ELAGIGILTV	0	0.0060134092
SAREAGRVNTEAF	ELAGIGILTV	0	0.15478212
ASSPFGVSEQY	ELAGIGILTV	0	0.99795496
ASTAESYSNQPQH	ELAGIGILTV	0	0.009030848
ASSLERGGYGYT	SPRWYFYYL	0	0.1116278
ASSGTGSGELF	YLQPRTFLL	0	0.9300249
AISAGTSDQETQY	RLPGVLPRA	0	0.0702806
ASSLPLGGGNNEQF	RPPIFIRRL	0	0.013823282
SARAYWDFQETQY	ELAGIGILTV	0	0.16282736
ASSDTGSSADTQY	ELAGIGILTV	0	0.004638428
ASSPVAGGGADTQY	ELAGIGILTV	0	0.92082345
ASSDSELAGAHTDTQY	ELAGIGILTV	0	0.0058655133
ASSPRGRGAYEQY	ELAGIGILTV	0	0.06463217
ASSSTSYEQY	ELAGIGILTV	0	0.009712567
ASSPTGAGRYSYEQY	ELAGIGILTV	0	0.7421563
ASSHGLAGGYNEQF	ELAGIGILTV	0	0.012652095
ASSDHLGEGRQETQY	ELAGIGILTV	0	0.9603493
ASSSSGGGTDTQY	SPRWYFYYL	0	0.48354355
AWSVLPVGGTEAF	ELAGIGILTV	0	0.020022431
ASSDGHTGELF	ELAGIGILTV	0	0.010774891
ASSAGGGAGNQPQH	SPRWYFYYL	0	0.3943029
AISEEGATIQPQH	ELAGIGILTV	0	0.75332516
ACDRGRESGELF	YLQPRTFLL	0	0.61222464
ASSYSLGEGSEAF	ELAGIGILTV	0	0.7904376
ASSLWGLYEQY	SPRWYFYYL	0	0.0030675349
ASSERSSYNEQF	ELAGIGILTV	0	0.15503864
ASSLTPKETQY	SPRWYFYYL	0	0.6947098
ASSPDPLGTLGYT	ELAGIGILTV	0	0.15369387
ASSILQIAGKDNEQF	SPRWYFYYL	0	0.91840357
ASREFGDTQY	ELAGIGILTV	0	0.1646293
ASGDSSNTEAF	SPRWYFYYL	0	0.95066017
ASSLVYSGYEQY	ELAGIGILTV	0	0.14552496
ASSLRSRETQY	ELAGIGILTV	0	0.9586525
ASSHSGGAADTQY	SPRWYFYYL	0	0.16333723
ASSLDRRDLVGETQY	ELAGIGILTV	0	0.6817857
SPLAESYNEQF	ELAGIGILTV	0	0.014001184
ATSSGSGFSYEQY	RPPIFIRRL	0	0.8789467
SAPTGESSPLH	YLQPRTFLL	0	0.1861359
SARDWETSDTGELF	ELAGIGILTV	0	0.05205713
ASSFDWQAWIGELF	ELAGIGILTV	0	0.24024919
ASSLRGQGGTEAF	ELAGIGILTV	0	0.9739019
ASSYKGQGRDTQY	SPRWYFYYL	0	0.0134592
ASKVATSNQPQH	ELAGIGILTV	0	0.021666942
ASSYYGAGAYEQY	SPRWYFYYL	0	0.99683446
ASSDTGTGYSGNTIY	ELAGIGILTV	0	0.005296996
ASRGNDGTNSPLH	ELAGIGILTV	0	0.98951554
SAPPTTGAYEQY	SPRWYFYYL	0	0.014818925
ASSPLLWKTPPYNEQF	SPRWYFYYL	0	0.08430566
SVHGQGLNYGYT	ELAGIGILTV	0	0.45083168
AWSVLSEQY	ELAGIGILTV	0	0.014462206
ASSQAPVGLSGNTIY	ELAGIGILTV	0	0.98177826
ASSLGRNNQPQH	ELAGIGILTV	0	0.012801524
ASTTRGDGYT	SPRWYFYYL	0	0.42694515
ASSVGSDVNTGELF	RPPIFIRRL	0	0.003580294
AWTPTGGFYGYT	ELAGIGILTV	0	0.9894768
ASSFFQGTDTQY	ELAGIGILTV	0	0.6829382
ASSEVLDTGELF	RPPIFIRRL	0	0.013535504
ASSLFPGELF	ELAGIGILTV	0	0.96104985
ASSQGSGWGTDTQY	ELAGIGILTV	0	0.094930746
ASSESGQGYNEQF	RPPIFIRRL	0	0.03356282
SARDGPGGANEQF	ELAGIGILTV	0	0.78953105
ASSSPGQGSYGYT	RLPGVLPRA	0	0.98655325
ASSQGAGELF	RLPGVLPRA	0	0.7283988
ASLRGQGVYEQY	SPRWYFYYL	0	0.0021691024
ASTGVGLAGAYQETQY	ELAGIGILTV	0	0.025311377
ASSLRAGGYNEQF	ELAGIGILTV	0	0.9590346
SARSWGIETQY	ELAGIGILTV	0	0.38275146
ASSSGTALYEQY	ELAGIGILTV	0	0.13096969
ASSLGTENEQF	RLPGVLPRA	0	0.00381513
ATSRTRRPTNYGYT	ELAGIGILTV	0	0.026846144
SVGIGSTGELF	YLQPRTFLL	0	0.9904697
ASSQLGVTDTQY	ELAGIGILTV	0	0.9748828
ASNSGTNNEQF	SPRWYFYYL	0	0.31284547
ASSQDKLGRESLFSGANVLT	ELAGIGILTV	0	0.9726125
AGGRGNTEAF	ELAGIGILTV	0	0.1379686
ASRIGTGVLQPQH	YLQPRTFLL	0	0.35184196
ASSSGTANTGELF	ELAGIGILTV	0	0.0061606574
ASSFPAGTDTQY	ELAGIGILTV	0	0.055211473
ASSVGWGFASERETQY	ELAGIGILTV	0	0.031031005
ATSDGGPLETQY	SPRWYFYYL	0	0.3683498
ASSHIAGSSYEQY	YLQPRTFLL	0	0.017190399
ASSSIYRGDEQF	ELAGIGILTV	0	0.9732775
ASSPGGGGGAYNEQF	SPRWYFYYL	0	0.011019613
ASSPGSPLH	ELAGIGILTV	0	0.11693735
ASSGQSESYGYT	YLQPRTFLL	0	0.9557529
ASSLKGQETQY	ELAGIGILTV	0	0.10261349
ASSPSTSGRVNEQF	ELAGIGILTV	0	0.12554389
ASSLTGTGRVDTQY	ELAGIGILTV	0	0.98408616
ASSIESRGGHTEAF	ELAGIGILTV	0	0.53589433
ASSQDSLPRGSPLH	ELAGIGILTV	0	0.10586886
ASSLIRQGDSYEQY	SPRWYFYYL	0	0.1171741
ASSQGTGAVNTEAF	SPRWYFYYL	0	0.05261811
AWGGSYEQY	SPRWYFYYL	0	0.011187447
ASSLIGVSSYNEQF	ELAGIGILTV	0	0.01843248
ASSLAQNTEAF	RPPIFIRRL	0	0.19016793
ASSLQGGNYGYT	SPRWYFYYL	0	0.0076725124
ASSIGQTYEQY	ELAGIGILTV	0	0.005885871
ASSSGQGATDTQY	SPRWYFYYL	0	0.011660449
ASTPGGADTGELF	ELAGIGILTV	0	0.010010286
ASSADIALQETQY	ELAGIGILTV	0	0.028467685
SARDLQGGST	ELAGIGILTV	0	0.48902947
ASSQEITGYSYEQY	ELAGIGILTV	0	0.034548797
ASSHDRGHTDTQY	ELAGIGILTV	0	0.010554995
ASIAVNHEQF	ELAGIGILTV	0	0.007885002
ASSQDPGTASTDTQY	SPRWYFYYL	0	0.024442334
ASSYSATSGWYQETQY	SPRWYFYYL	0	0.1529424
ASSLDRDFYEQY	ELAGIGILTV	0	0.12590614
ASSPSPGIGTDTQY	RLPGVLPRA	0	0.9354635
ASSPSEGKIS	SPRWYFYYL	0	0.90751565
ASSVGSNYGYT	ELAGIGILTV	0	0.008708213
ASSFRSQETQY	ELAGIGILTV	0	0.2422799
ASSPQSYNEQF	YLQPRTFLL	0	0.011557621
ATSDLQGWSTDTQY	ELAGIGILTV	0	0.014445354
ASSLGPSSYNEQF	ELAGIGILTV	0	0.011165815
ASSRGDWTGTNEQF	ELAGIGILTV	0	0.54571766
ASSLSLTADEQY	RLPGVLPRA	0	0.029745804
ASSSGQYYGYT	ELAGIGILTV	0	0.018507386
SARSGSTGELF	ELAGIGILTV	0	0.82934546
ASSPFGGEVVGGQPQH	SPRWYFYYL	0	0.53176415
ASSFGTGGLNEQF	ELAGIGILTV	0	0.28356928
ASSLDSGAGGEKLF	RPPIFIRRL	0	0.027811043
ASSLLAANEQF	YLQPRTFLL	0	0.9959216
ASSPDSRPAF	ELAGIGILTV	0	0.006400282
ASSDPGTLGNGEQF	YLQPRTFLL	0	0.892566
ASSDSASGATDTQY	SPRWYFYYL	0	0.005118751
ASSQELRGAYNEQF	ELAGIGILTV	0	0.017304564
ASSISGYSNQPQH	ELAGIGILTV	0	0.019321071
ASSQVQGAGTEAF	ELAGIGILTV	0	0.013848415
ASGGGRFNTEAF	ELAGIGILTV	0	0.39608455
ASQGATNTNEQF	SPRWYFYYL	0	0.029359048
ASSPQGSTEAF	ELAGIGILTV	0	0.019890701
ASSETGATDSPLH	ELAGIGILTV	0	0.09395724
ASSDSGTREQF	RLPGVLPRA	0	0.046896104
ASSLKTGTIVIQY	ELAGIGILTV	0	0.027811991
ASTKAGGRTEAF	ELAGIGILTV	0	0.8316869
ASSPTGDGQPQH	SPRWYFYYL	0	0.8596409
ASTKRGPGNTIY	YLQPRTFLL	0	0.99803084
AKSTLPPDTIY	SPRWYFYYL	0	0.979391
ASSLAVYNEQF	RLPGVLPRA	0	0.031361442
SHDSPSGRSSYNEQF	ELAGIGILTV	0	0.05030503
ASSFAGAGANEAF	ELAGIGILTV	0	0.25215736
ASSLILAGEFNEQF	ELAGIGILTV	0	0.022868488
ASKWAVSSYEQY	ELAGIGILTV	0	0.018808555
ASSEETGNEQY	ELAGIGILTV	0	0.006348889
ASSQDGVRQNEQF	ELAGIGILTV	0	0.0021437958
ASLTSNKIWSYNEQF	SPRWYFYYL	0	0.34357765
ASSRPGLAGGDTQY	ELAGIGILTV	0	0.011341945
ASSLGGGSYEQY	ELAGIGILTV	0	0.0072520357
ASSRLASSTDTQY	SPRWYFYYL	0	0.71587384
ASSYGQPTDEQF	ELAGIGILTV	0	0.8266161
SARPQVAQETQY	ELAGIGILTV	0	0.0107434755
ASSLPKAGGHHEQY	RLPGVLPRA	0	0.021960296
ASSLAGENEQF	ELAGIGILTV	0	0.92496824
ASSLGQAYEQY	SPRWYFYYL	0	0.022793144
ASQPVWDNEQF	YLQPRTFLL	0	0.013836021
ASSSRQVSNNQPQH	SPRWYFYYL	0	0.9642232
ASSYPKKGGSYNEQF	RLPGVLPRA	0	0.56902695
ASSQGAGETQY	RLPGVLPRA	0	0.017913913
ASSQGTGLGNEQF	RPPIFIRRL	0	0.0121052265
ASSLALGGSYEQY	SPRWYFYYL	0	0.021040998
ASSQELRQGWDTQY	ELAGIGILTV	0	0.019296804
ASSRWGKAF	RPPIFIRRL	0	0.005012995
ASSPLVPSYNEQF	ELAGIGILTV	0	0.0076042647
ASSYPFGQGYGYT	ELAGIGILTV	0	0.008718828
ASSLLSGVSDTQY	SPRWYFYYL	0	0.9140783
ASSTGTLEQY	ELAGIGILTV	0	0.01618925
ASSFITGTGVWDEQF	SPRWYFYYL	0	0.9862807
SARGASSYEQY	ELAGIGILTV	0	0.003811397
ASSPRQGSPYEQY	ELAGIGILTV	0	0.052670177
ASRGTGISEQF	ELAGIGILTV	0	0.093306005
AIRGQGGTEAF	RPPIFIRRL	0	0.008884643
ASSSVARNEQF	ELAGIGILTV	0	0.4510921
ASSFTPDQETQY	ELAGIGILTV	0	0.9691207
ATRDRGQNTEAF	ELAGIGILTV	0	0.03229152
ASSEGRSSGYEQY	SPRWYFYYL	0	0.22375694
ASSHSDRGHPNYGYT	ELAGIGILTV	0	0.022840206
ASERGTDTGYGYT	YLQPRTFLL	0	0.05099386
ASSPDIYGALGYGYT	ELAGIGILTV	0	0.6390504
SVEDPGTAQETQY	ELAGIGILTV	0	0.020327639
ASSLEGSEPYEQY	SPRWYFYYL	0	0.05134698
ASSPLTVGNQPQH	ELAGIGILTV	0	0.026116008
ASRPGVGNQPQH	SPRWYFYYL	0	0.99419606
ASSSTESYEQY	ELAGIGILTV	0	0.0076474953
SARDREDYLYEQY	ELAGIGILTV	0	0.4295256
ASSSGTNTGELF	ELAGIGILTV	0	0.60009253
ASSPWDGYEQY	ELAGIGILTV	0	0.008223631
ASRRRGFYNEQF	ELAGIGILTV	0	0.008256844
ASSPDGEETQY	ELAGIGILTV	0	0.68781394
ASSLTGGAEAF	ELAGIGILTV	0	0.027988307
ASSELGTGYSYEQY	ELAGIGILTV	0	0.41108173
SARDFLGTTEAF	ELAGIGILTV	0	0.028491534
ASTRGLADNEQF	RLPGVLPRA	0	0.24125205
ASSQAGPDEQF	SPRWYFYYL	0	0.9908111
ATSREATLAGVEQF	ELAGIGILTV	0	0.012286751
ASSQVETSGTEQY	YLQPRTFLL	0	0.01900909
ASSMGLQETQY	ELAGIGILTV	0	0.007128749
SAAGAGTWGEQY	SPRWYFYYL	0	0.07502466
ASSVAGYQETQY	YLQPRTFLL	0	0.9833573
ASSQVAGDYEQY	ELAGIGILTV	0	0.91997033
SARDLNAGTSGKETQY	RLPGVLPRA	0	0.039215814
ASSVDGEYEQY	ELAGIGILTV	0	0.75039965
AISDPSGERPSYEQY	ELAGIGILTV	0	0.011685578
ASSESADSSEQY	YLQPRTFLL	0	0.67507386
SAFSPWTADSNQPQH	ELAGIGILTV	0	0.028820608
SARADQGFYEQY	RLPGVLPRA	0	0.5362755
ASRLEGAGARTQY	RPPIFIRRL	0	0.0052241357
ASSLEGLAGRQY	YLQPRTFLL	0	0.018978184
ASSYPTYEQY	SPRWYFYYL	0	0.71607316
ASSPNGGNTEAF	ELAGIGILTV	0	0.39497468
ASSFFSGGWNEQF	ELAGIGILTV	0	0.006367669
ASSLGGGLTQY	ELAGIGILTV	0	0.6809664
RTRGPLGYTDTQY	RLPGVLPRA	0	0.019886807
SARGAGNTIY	ELAGIGILTV	0	0.21678594
ARYDREGRAKLYGYT	ELAGIGILTV	0	0.9817324
ASSEYGASGSYEQY	ELAGIGILTV	0	0.9683967
ASSLAPSEANYGYT	ELAGIGILTV	0	0.37114578
ATSDSGVVSTGELF	ELAGIGILTV	0	0.015108964
ASMERGPALKTQY	ELAGIGILTV	0	0.013045698
ASSPRPPVLRSGNTIY	ELAGIGILTV	0	0.863307
ASSLEVGEAF	ELAGIGILTV	0	0.01568081
ASRHGQAESYGYT	ELAGIGILTV	0	0.023858497
ASGEYYEQY	SPRWYFYYL	0	0.0054157767
ASSSSRQGSYEQY	SPRWYFYYL	0	0.6985515
SAREAYEQY	SPRWYFYYL	0	0.010875862
ASSVGGGSRETQY	ELAGIGILTV	0	0.018563397
ASSATSGGQETQY	ELAGIGILTV	0	0.011379243
ASSQVPGGTNYGYT	ELAGIGILTV	0	0.25237107
ASSPPTGGAVAYNEQF	ELAGIGILTV	0	0.0039413986
ASSSGGGELF	ELAGIGILTV	0	0.052679025
ASSLAAGGYEQF	ELAGIGILTV	0	0.53194237
ATNKKGYNEQF	ELAGIGILTV	0	0.023267496
ASLNSGGAGEQF	SPRWYFYYL	0	0.056664616
SARGLPSGGQDTQY	RPPIFIRRL	0	0.0810143
ASSSLGQGLNTEAF	ELAGIGILTV	0	0.9616388
ASLYLGGTSTDTQY	ELAGIGILTV	0	0.012601367
SARVGDQNTEAF	ELAGIGILTV	0	0.19906521
ASSEYKWDRETEAF	RPPIFIRRL	0	0.013686974
ASSPDSYNEKLF	ELAGIGILTV	0	0.023339223
SARPETSGDTDTQY	ELAGIGILTV	0	0.092911154
SARGFRDSSYEQY	YLQPRTFLL	0	0.008294292
ASSLSPAYGYT	SPRWYFYYL	0	0.0470196
ASSLRDSVNEKLF	SPRWYFYYL	0	0.25543174
ASSLEYGYYSYNEQF	YLQPRTFLL	0	0.14244598
ASSVHIGGNQPQH	ELAGIGILTV	0	0.9431747
ASSGGGTEAF	ELAGIGILTV	0	0.009987897
ASSVTGGGEAQH	SPRWYFYYL	0	0.08459467
ASSQITGAASPLH	ELAGIGILTV	0	0.10949198
ASSVPSTGTSGHNEQF	SPRWYFYYL	0	0.8236208
ASRGGYEQY	SPRWYFYYL	0	0.012142857
ASRTLSTDTQY	ELAGIGILTV	0	0.3254045
ASRGTSGHNEQF	SPRWYFYYL	0	0.2580608
ASSPTNTEAF	SPRWYFYYL	0	0.022053009
ASFPGRVSYNEQF	RPPIFIRRL	0	0.9713523
ASSFEQGSYEQY	YLQPRTFLL	0	0.013567963
ASSQDLWEGPVLEQF	ELAGIGILTV	0	0.16990231
ASSSGTANTGELF	SPRWYFYYL	0	0.0055167065
AWSPSDGYEQY	ELAGIGILTV	0	0.042635012
ASSPEDTHYEQY	SPRWYFYYL	0	0.087553516
ASSSRGTKSYNSPLH	ELAGIGILTV	0	0.10228185
ASSLRNQPQH	RPPIFIRRL	0	0.244845
ASSLPLRGTSTDTQY	ELAGIGILTV	0	0.9364394
ASSPTLRDRGRGTYGYT	ELAGIGILTV	0	0.30850682
ASSMTGPLYEQY	ELAGIGILTV	0	0.029147884
ASSVVGGDSGNTIY	SPRWYFYYL	0	0.23047566
SAPGWRESTDTQY	SPRWYFYYL	0	0.09414994
ASSYSGNQPQH	SPRWYFYYL	0	0.0035524957
ASSYRGGGGEQY	SPRWYFYYL	0	0.0035637007
AWEGSGKSYNEQF	ELAGIGILTV	0	0.015632082
AWSPPVTGTHEQY	ELAGIGILTV	0	0.022898695
ASRGQAAYEQY	ELAGIGILTV	0	0.98837066
ASGGGYNEQF	SPRWYFYYL	0	0.6326315
ASSFPPGVEQF	ELAGIGILTV	0	0.066478975
ATSDSGFPRELF	ELAGIGILTV	0	0.9864938
ASSLAGVTNEKLF	ELAGIGILTV	0	0.032539427
ASSLETGTTIYNEQF	SPRWYFYYL	0	0.12099181
ASSPNPIELAGTYNEQF	RLPGVLPRA	0	0.99479973
ASSNGAPSDEQY	ELAGIGILTV	0	0.3021251
SARSPRLSKELV	ELAGIGILTV	0	0.037896935
SMYRGPPYDGYT	ELAGIGILTV	0	0.6178324
ASSSPGLTPETQY	ELAGIGILTV	0	0.016632978
ASSLGGTVEAF	ELAGIGILTV	0	0.023522884
SVEGQGVTDTQY	ELAGIGILTV	0	0.9755323
ASSQEERAVGNTIY	ELAGIGILTV	0	0.89639205
ASSYGTGYEQY	ELAGIGILTV	0	0.29480317
SARSGTGGTYQGYT	SPRWYFYYL	0	0.6441213
ASSWTGDTEAF	ELAGIGILTV	0	0.90472126
ASGTGAGIY	ELAGIGILTV	0	0.9919145
ASSEAPTLGANYEQY	SPRWYFYYL	0	0.04130739
AISEPKGRTNYGYT	YLQPRTFLL	0	0.011305915
ASSFTGTGFTDTQY	ELAGIGILTV	0	0.42664826
ASSLALAGHEQF	ELAGIGILTV	0	0.0045089386
ASSIDPSGELF	ELAGIGILTV	0	0.5218569
ASSQASGTSGWEQY	ELAGIGILTV	0	0.97399795
ASSQDSAGNTDTQY	ELAGIGILTV	0	0.80801797
ASSNRVEGSTEAF	RPPIFIRRL	0	0.007902644
ASSIWGFQDTQY	RPPIFIRRL	0	0.0035223989
ASSSMTGTNYGYT	ELAGIGILTV	0	0.057570856
ASSQYSVNTEAF	ELAGIGILTV	0	0.92271906
ASSPRTATNEKLF	ELAGIGILTV	0	0.005613597
ASSLMGLADHNEQF	ELAGIGILTV	0	0.018341761
ASSDRGYGQPQH	RLPGVLPRA	0	0.016602563
ASSSSGAGKY	SPRWYFYYL	0	0.99055326
ASSAPLKDTQY	YLQPRTFLL	0	0.12620418
